Event_ID,Match_Type,Home_Team,Away_Team,Match_Importance,Security_Tier,Expected_Attendance,Total_Attendance,Stadium_Name,Outer_Gate,Zone,Fan_Side,Time_Bin,Open_Lanes,Security_Staff_Count,Signage_Status,Incident_Flag,Delay_Minutes,Temperature_C,Humidity_%,Heat_Index,Processing_Time_s,Queue_Length_Est,Entry_Rate,Exit_Rate,Congestion_Level
KASC_2025_M11,League,Al-Ittihad,Al-Raed,3,Normal,44750,42413,Inma Stadium (ملعب الإنماء),1,North,Home,17:00,4,15,Normal,0,0,31.1,52.5,32.1,6,3,2,1,High
KASC_2025_M11,League,Al-Ittihad,Al-Raed,3,Normal,44750,42413,Inma Stadium (ملعب الإنماء),1,North,Home,17:05,4,15,Normal,0,0,31.1,52.5,32.1,19,4,1,1,Medium
KASC_2025_M11,League,Al-Ittihad,Al-Raed,3,Normal,44750,42413,Inma Stadium (ملعب الإنماء),1,North,Home,17:10,4,15,Normal,0,0,31.1,52.5,32.1,10,10,4,1,High
KASC_2025_M11,League,Al-Ittihad,Al-Raed,3,Normal,44750,42413,Inma Stadium (ملعب الإنماء),1,North,Home,17:15,4,15,Normal,0,0,31.1,52.5,32.1,11,11,4,0,High
KASC_2025_M11,League,Al-Ittihad,Al-Raed,3,Normal,44750,42413,Inma Stadium (ملعب الإنماء),1,North,Home,17:20,4,15,Normal,0,0,31.1,52.5,32.1,12,18,6,3,High
KASC_2025_M11,League,Al-Ittihad,Al-Raed,3,Normal,44750,42413,Inma Stadium (ملعب الإنماء),1,North,Home,17:25,4,15,Normal,0,0,31.1,52.5,32.1,12,24,8,2,High
KASC_2025_M11,League,Al-Ittihad,Al-Raed,3,Normal,44750,42413,Inma Stadium (ملعب الإنماء),1,North,Home,17:30,4,15,Normal,0,0,31.1,52.5,32.1,7,5,3,7,Low
KASC_2025_M11,League,Al-Ittihad,Al-Raed,3,Normal,44750,42413,Inma Stadium (ملعب الإنماء),1,North,Home,17:35,4,15,Normal,0,0,31.1,52.5,32.1,13,22,7,4,High
KASC_2025_M11,League,Al-Ittihad,Al-Raed,3,Normal,44750,42413,Inma Stadium (ملعب الإنماء),1,North,Home,17:40,4,15,Normal,0,0,31.1,52.5,32.1,11,22,8,3,High
KASC_2025_M11,League,Al-Ittihad,Al-Raed,3,Normal,44750,42413,Inma Stadium (ملعب الإنماء),1,North,Home,17:45,4,15,Normal,0,0,31.1,52.5,32.1,12,45,15,9,High
KASC_2025_M11,League,Al-Ittihad,Al-Raed,3,Normal,44750,42413,Inma Stadium (ملعب الإنماء),1,North,Home,17:50,4,15,Normal,0,0,31.1,52.5,32.1,12,18,6,8,Medium
KASC_2025_M11,League,Al-Ittihad,Al-Raed,3,Normal,44750,42413,Inma Stadium (ملعب الإنماء),1,North,Home,17:55,4,15,Normal,0,0,31.1,52.5,32.1,13,52,16,9,High
KASC_2025_M11,League,Al-Ittihad,Al-Raed,3,Normal,44750,42413,Inma Stadium (ملعب الإنماء),1,North,Home,18:00,4,15,Normal,0,0,31.1,52.5,32.1,10,35,14,11,Medium
KASC_2025_M11,League,Al-Ittihad,Al-Raed,3,Normal,44750,42413,Inma Stadium (ملعب الإنماء),1,North,Home,18:05,4,15,Normal,0,0,31.1,52.5,32.1,13,58,18,6,High
KASC_2025_M11,League,Al-Ittihad,Al-Raed,3,Normal,44750,42413,Inma Stadium (ملعب الإنماء),1,North,Home,18:10,4,15,Normal,0,0,31.1,52.5,32.1,9,40,18,10,High
KASC_2025_M11,League,Al-Ittihad,Al-Raed,3,Normal,44750,42413,Inma Stadium (ملعب الإنماء),1,North,Home,18:15,4,15,Normal,0,0,31.1,52.5,32.1,10,70,28,7,High
KASC_2025_M11,League,Al-Ittihad,Al-Raed,3,Normal,44750,42413,Inma Stadium (ملعب الإنماء),1,North,Home,18:20,4,15,Normal,0,0,31.1,52.5,32.1,12,72,24,9,High
KASC_2025_M11,League,Al-Ittihad,Al-Raed,3,Normal,44750,42413,Inma Stadium (ملعب الإنماء),1,North,Home,18:25,4,15,Normal,0,0,31.1,52.5,32.1,11,71,26,19,High
KASC_2025_M11,League,Al-Ittihad,Al-Raed,3,Normal,44750,42413,Inma Stadium (ملعب الإنماء),1,North,Home,18:30,4,15,Normal,0,0,31.1,52.5,32.1,9,78,35,14,High
KASC_2025_M11,League,Al-Ittihad,Al-Raed,3,Normal,44750,42413,Inma Stadium (ملعب الإنماء),1,North,Home,18:35,4,15,Normal,0,0,31.1,52.5,32.1,15,135,36,15,High
KASC_2025_M11,League,Al-Ittihad,Al-Raed,3,Normal,44750,42413,Inma Stadium (ملعب الإنماء),1,North,Home,18:40,4,15,Normal,0,0,31.1,52.5,32.1,11,104,38,18,High
KASC_2025_M11,League,Al-Ittihad,Al-Raed,3,Normal,44750,42413,Inma Stadium (ملعب الإنماء),1,North,Home,18:45,4,15,Normal,0,0,31.1,52.5,32.1,10,95,38,29,High
KASC_2025_M11,League,Al-Ittihad,Al-Raed,3,Normal,44750,42413,Inma Stadium (ملعب الإنماء),1,North,Home,18:50,4,15,Normal,0,0,31.1,52.5,32.1,19,232,49,20,High
KASC_2025_M11,League,Al-Ittihad,Al-Raed,3,Normal,44750,42413,Inma Stadium (ملعب الإنماء),1,North,Home,18:55,4,15,Normal,0,0,31.1,52.5,32.1,12,162,54,27,High
KASC_2025_M11,League,Al-Ittihad,Al-Raed,3,Normal,44750,42413,Inma Stadium (ملعب الإنماء),1,North,Home,19:00,4,15,Normal,0,0,31.1,52.5,32.1,11,140,51,18,High
KASC_2025_M11,League,Al-Ittihad,Al-Raed,3,Normal,44750,42413,Inma Stadium (ملعب الإنماء),1,North,Home,19:05,4,15,Normal,0,0,31.1,52.5,32.1,12,195,65,30,High
KASC_2025_M11,League,Al-Ittihad,Al-Raed,3,Normal,44750,42413,Inma Stadium (ملعب الإنماء),1,North,Home,19:10,4,15,Normal,0,0,31.1,52.5,32.1,13,178,55,39,High
KASC_2025_M11,League,Al-Ittihad,Al-Raed,3,Normal,44750,42413,Inma Stadium (ملعب الإنماء),1,North,Home,19:15,4,15,Normal,0,0,31.1,52.5,32.1,10,130,52,37,High
KASC_2025_M11,League,Al-Ittihad,Al-Raed,3,Normal,44750,42413,Inma Stadium (ملعب الإنماء),1,North,Home,19:20,4,15,Normal,0,0,31.1,52.5,32.1,12,186,62,34,High
KASC_2025_M11,League,Al-Ittihad,Al-Raed,3,Normal,44750,42413,Inma Stadium (ملعب الإنماء),1,North,Home,19:25,4,15,Normal,0,0,31.1,52.5,32.1,13,162,50,24,High
KASC_2025_M11,League,Al-Ittihad,Al-Raed,3,Normal,44750,42413,Inma Stadium (ملعب الإنماء),1,North,Home,19:30,4,15,Normal,0,0,31.1,52.5,32.1,16,240,60,35,High
KASC_2025_M11,League,Al-Ittihad,Al-Raed,3,Normal,44750,42413,Inma Stadium (ملعب الإنماء),1,North,Home,19:35,4,15,Normal,0,0,31.1,52.5,32.1,13,169,52,24,High
KASC_2025_M11,League,Al-Ittihad,Al-Raed,3,Normal,44750,42413,Inma Stadium (ملعب الإنماء),1,North,Home,19:40,4,15,Normal,0,0,31.1,52.5,32.1,9,139,62,27,High
KASC_2025_M11,League,Al-Ittihad,Al-Raed,3,Normal,44750,42413,Inma Stadium (ملعب الإنماء),1,North,Home,19:45,4,15,Normal,0,0,31.1,52.5,32.1,9,130,58,35,High
KASC_2025_M11,League,Al-Ittihad,Al-Raed,3,Normal,44750,42413,Inma Stadium (ملعب الإنماء),1,North,Home,19:50,4,15,Normal,0,0,31.1,52.5,32.1,12,150,50,21,High
KASC_2025_M11,League,Al-Ittihad,Al-Raed,3,Normal,44750,42413,Inma Stadium (ملعب الإنماء),1,North,Home,19:55,4,15,Normal,0,0,31.1,52.5,32.1,14,182,52,30,High
KASC_2025_M11,League,Al-Ittihad,Al-Raed,3,Normal,44750,42413,Inma Stadium (ملعب الإنماء),1,North,Home,20:00,4,15,Normal,0,0,31.1,52.5,32.1,6,69,46,32,High
KASC_2025_M11,League,Al-Ittihad,Al-Raed,3,Normal,44750,42413,Inma Stadium (ملعب الإنماء),1,North,Home,20:05,4,15,Normal,0,0,31.1,52.5,32.1,10,130,52,32,High
KASC_2025_M11,League,Al-Ittihad,Al-Raed,3,Normal,44750,42413,Inma Stadium (ملعب الإنماء),1,North,Home,20:10,4,15,Normal,0,0,31.1,52.5,32.1,15,183,49,23,High
KASC_2025_M11,League,Al-Ittihad,Al-Raed,3,Normal,44750,42413,Inma Stadium (ملعب الإنماء),1,North,Home,20:15,4,15,Normal,0,0,31.1,52.5,32.1,11,137,50,22,High
KASC_2025_M11,League,Al-Ittihad,Al-Raed,3,Normal,44750,42413,Inma Stadium (ملعب الإنماء),1,North,Home,20:20,4,15,Normal,0,0,31.1,52.5,32.1,13,110,34,16,High
KASC_2025_M11,League,Al-Ittihad,Al-Raed,3,Normal,44750,42413,Inma Stadium (ملعب الإنماء),1,North,Home,20:25,4,15,Normal,0,0,31.1,52.5,32.1,13,146,45,19,High
KASC_2025_M11,League,Al-Ittihad,Al-Raed,3,Normal,44750,42413,Inma Stadium (ملعب الإنماء),1,North,Home,20:30,4,15,Normal,0,0,31.1,52.5,32.1,10,77,31,14,High
KASC_2025_M11,League,Al-Ittihad,Al-Raed,3,Normal,44750,42413,Inma Stadium (ملعب الإنماء),1,North,Home,20:35,4,15,Normal,0,0,31.1,52.5,32.1,11,90,33,12,High
KASC_2025_M11,League,Al-Ittihad,Al-Raed,3,Normal,44750,42413,Inma Stadium (ملعب الإنماء),1,North,Home,20:40,4,15,Normal,0,0,31.1,52.5,32.1,9,74,33,12,High
KASC_2025_M11,League,Al-Ittihad,Al-Raed,3,Normal,44750,42413,Inma Stadium (ملعب الإنماء),1,North,Home,20:45,4,15,Normal,0,0,31.1,52.5,32.1,10,60,24,14,High
KASC_2025_M11,League,Al-Ittihad,Al-Raed,3,Normal,44750,42413,Inma Stadium (ملعب الإنماء),1,North,Home,20:50,4,15,Normal,0,0,31.1,52.5,32.1,12,42,14,5,High
KASC_2025_M11,League,Al-Ittihad,Al-Raed,3,Normal,44750,42413,Inma Stadium (ملعب الإنماء),1,North,Home,20:55,4,15,Normal,0,0,31.1,52.5,32.1,10,47,19,8,High
KASC_2025_M11,League,Al-Ittihad,Al-Raed,3,Normal,44750,42413,Inma Stadium (ملعب الإنماء),1,North,Home,21:00,4,15,Normal,0,0,31.1,52.5,32.1,10,47,19,8,High
KASC_2025_M11,League,Al-Ittihad,Al-Raed,3,Normal,44750,42413,Inma Stadium (ملعب الإنماء),1,North,Home,21:05,4,15,Normal,0,0,31.1,52.5,32.1,18,63,14,8,High
KASC_2025_M11,League,Al-Ittihad,Al-Raed,3,Normal,44750,42413,Inma Stadium (ملعب الإنماء),1,North,Home,21:10,4,15,Normal,0,0,31.1,52.5,32.1,13,19,6,8,Medium
KASC_2025_M11,League,Al-Ittihad,Al-Raed,3,Normal,44750,42413,Inma Stadium (ملعب الإنماء),1,North,Home,21:15,4,15,Normal,0,0,31.1,52.5,32.1,10,25,10,4,High
KASC_2025_M11,League,Al-Ittihad,Al-Raed,3,Normal,44750,42413,Inma Stadium (ملعب الإنماء),1,North,Home,21:20,4,15,Normal,0,0,31.1,52.5,32.1,14,35,10,4,High
KASC_2025_M11,League,Al-Ittihad,Al-Raed,3,Normal,44750,42413,Inma Stadium (ملعب الإنماء),1,North,Home,21:25,4,15,Normal,0,0,31.1,52.5,32.1,9,22,10,4,High
KASC_2025_M11,League,Al-Ittihad,Al-Raed,3,Normal,44750,42413,Inma Stadium (ملعب الإنماء),1,North,Home,21:30,4,15,Normal,0,0,31.1,52.5,32.1,16,24,6,3,High
KASC_2025_M11,League,Al-Ittihad,Al-Raed,3,Normal,44750,42413,Inma Stadium (ملعب الإنماء),1,North,Home,21:35,4,15,Normal,0,0,31.1,52.5,32.1,12,24,8,3,High
KASC_2025_M11,League,Al-Ittihad,Al-Raed,3,Normal,44750,42413,Inma Stadium (ملعب الإنماء),1,North,Home,21:40,4,15,Normal,0,0,31.1,52.5,32.1,9,4,2,0,High
KASC_2025_M11,League,Al-Ittihad,Al-Raed,3,Normal,44750,42413,Inma Stadium (ملعب الإنماء),1,North,Home,21:45,4,15,Normal,0,0,31.1,52.5,32.1,10,2,1,0,High
KASC_2025_M11,League,Al-Ittihad,Al-Raed,3,Normal,44750,42413,Inma Stadium (ملعب الإنماء),1,North,Home,21:50,4,15,Normal,0,0,31.1,52.5,32.1,12,12,4,0,High
KASC_2025_M11,League,Al-Ittihad,Al-Raed,3,Normal,44750,42413,Inma Stadium (ملعب الإنماء),1,North,Home,21:55,4,15,Normal,0,0,31.1,52.5,32.1,6,3,2,2,Medium
KASC_2025_M11,League,Al-Ittihad,Al-Raed,3,Normal,44750,42413,Inma Stadium (ملعب الإنماء),1,North,Home,22:00,4,15,Normal,0,0,31.1,52.5,32.1,12,6,2,0,High
KASC_2025_M11,League,Al-Ittihad,Al-Raed,3,Normal,44750,42413,Inma Stadium (ملعب الإنماء),1,North,Home,22:05,4,15,Normal,0,0,31.1,52.5,32.1,9,0,0,1,Low
KASC_2025_M11,League,Al-Ittihad,Al-Raed,3,Normal,44750,42413,Inma Stadium (ملعب الإنماء),1,North,Home,22:10,4,15,Normal,0,0,31.1,52.5,32.1,13,6,2,3,Medium
KASC_2025_M11,League,Al-Ittihad,Al-Raed,3,Normal,44750,42413,Inma Stadium (ملعب الإنماء),1,North,Home,22:15,4,15,Normal,0,0,31.1,52.5,32.1,6,0,0,1,Low
KASC_2025_M11,League,Al-Ittihad,Al-Raed,3,Normal,44750,42413,Inma Stadium (ملعب الإنماء),1,North,Home,22:20,4,15,Normal,0,0,31.1,52.5,32.1,6,0,0,0,Medium
KASC_2025_M11,League,Al-Ittihad,Al-Raed,3,Normal,44750,42413,Inma Stadium (ملعب الإنماء),1,North,Home,22:25,4,15,Normal,0,0,31.1,52.5,32.1,14,0,0,0,Medium
KASC_2025_M11,League,Al-Ittihad,Al-Raed,3,Normal,44750,42413,Inma Stadium (ملعب الإنماء),1,North,Home,22:30,4,15,Normal,0,0,31.1,52.5,32.1,16,0,0,0,Medium
KASC_2025_M11,League,Al-Ittihad,Al-Raed,3,Normal,44750,42413,Inma Stadium (ملعب الإنماء),1,North,Home,22:35,4,15,Normal,0,0,31.1,52.5,32.1,14,0,0,0,Medium
KASC_2025_M11,League,Al-Ittihad,Al-Raed,3,Normal,44750,42413,Inma Stadium (ملعب الإنماء),1,North,Home,22:40,4,15,Normal,0,0,31.1,52.5,32.1,10,0,0,0,Medium
KASC_2025_M11,League,Al-Ittihad,Al-Raed,3,Normal,44750,42413,Inma Stadium (ملعب الإنماء),1,North,Home,22:45,4,15,Normal,0,0,31.1,52.5,32.1,10,0,0,0,Medium
KASC_2025_M11,League,Al-Ittihad,Al-Raed,3,Normal,44750,42413,Inma Stadium (ملعب الإنماء),1,North,Home,22:50,4,15,Normal,0,0,31.1,52.5,32.1,6,0,0,0,Medium
KASC_2025_M11,League,Al-Ittihad,Al-Raed,3,Normal,44750,42413,Inma Stadium (ملعب الإنماء),1,North,Home,22:55,4,15,Normal,0,0,31.1,52.5,32.1,9,0,0,0,Medium
KASC_2025_M11,League,Al-Ittihad,Al-Raed,3,Normal,44750,42413,Inma Stadium (ملعب الإنماء),1,North,Home,23:00,4,15,Normal,0,0,31.1,52.5,32.1,12,0,0,0,Medium
KASC_2025_M11,League,Al-Ittihad,Al-Raed,3,Normal,44750,42413,Inma Stadium (ملعب الإنماء),1,North,Home,23:05,4,15,Normal,0,0,31.1,52.5,32.1,11,0,0,0,Medium
KASC_2025_M11,League,Al-Ittihad,Al-Raed,3,Normal,44750,42413,Inma Stadium (ملعب الإنماء),1,North,Home,23:10,4,15,Normal,0,0,31.1,52.5,32.1,11,0,0,0,Medium
KASC_2025_M11,League,Al-Ittihad,Al-Raed,3,Normal,44750,42413,Inma Stadium (ملعب الإنماء),1,North,Home,23:15,4,15,Normal,0,0,31.1,52.5,32.1,15,0,0,0,Medium
KASC_2025_M11,League,Al-Ittihad,Al-Raed,3,Normal,44750,42413,Inma Stadium (ملعب الإنماء),1,North,Home,23:20,4,15,Normal,0,0,31.1,52.5,32.1,12,0,0,0,Medium
KASC_2025_M11,League,Al-Ittihad,Al-Raed,3,Normal,44750,42413,Inma Stadium (ملعب الإنماء),1,North,Home,23:25,4,15,Normal,0,0,31.1,52.5,32.1,9,0,0,0,Medium
KASC_2025_M11,League,Al-Ittihad,Al-Raed,3,Normal,44750,42413,Inma Stadium (ملعب الإنماء),1,North,Home,23:30,4,15,Normal,0,0,31.1,52.5,32.1,12,0,0,0,Medium
KASC_2025_M11,League,Al-Ittihad,Al-Raed,3,Normal,44750,42413,Inma Stadium (ملعب الإنماء),1,North,Home,23:35,4,15,Normal,0,0,31.1,52.5,32.1,15,0,0,0,Medium
KASC_2025_M11,League,Al-Ittihad,Al-Raed,3,Normal,44750,42413,Inma Stadium (ملعب الإنماء),1,North,Home,23:40,4,15,Normal,0,0,31.1,52.5,32.1,12,0,0,0,Medium
KASC_2025_M11,League,Al-Ittihad,Al-Raed,3,Normal,44750,42413,Inma Stadium (ملعب الإنماء),1,North,Home,23:45,4,15,Normal,0,0,31.1,52.5,32.1,9,0,0,0,Medium
KASC_2025_M11,League,Al-Ittihad,Al-Raed,3,Normal,44750,42413,Inma Stadium (ملعب الإنماء),1,North,Home,23:50,4,15,Normal,0,0,31.1,52.5,32.1,14,0,0,0,Medium
KASC_2025_M11,League,Al-Ittihad,Al-Raed,3,Normal,44750,42413,Inma Stadium (ملعب الإنماء),1,North,Home,23:55,4,15,Normal,0,0,31.1,52.5,32.1,7,0,0,0,Medium
KASC_2025_M11,League,Al-Ittihad,Al-Raed,3,Normal,44750,42413,Inma Stadium (ملعب الإنماء),2,North,Home,17:00,6,24,Normal,0,0,31.1,52.5,32.1,12,8,4,2,Medium
KASC_2025_M11,League,Al-Ittihad,Al-Raed,3,Normal,44750,42413,Inma Stadium (ملعب الإنماء),2,North,Home,17:05,6,24,Normal,0,0,31.1,52.5,32.1,12,10,5,2,High
KASC_2025_M11,League,Al-Ittihad,Al-Raed,3,Normal,44750,42413,Inma Stadium (ملعب الإنماء),2,North,Home,17:10,6,24,Normal,0,0,31.1,52.5,32.1,6,3,3,1,High
KASC_2025_M11,League,Al-Ittihad,Al-Raed,3,Normal,44750,42413,Inma Stadium (ملعب الإنماء),2,North,Home,17:15,6,24,Normal,0,0,31.1,52.5,32.1,15,7,3,1,High
KASC_2025_M11,League,Al-Ittihad,Al-Raed,3,Normal,44750,42413,Inma Stadium (ملعب الإنماء),2,North,Home,17:20,6,24,Normal,0,0,31.1,52.5,32.1,6,7,7,2,High
KASC_2025_M11,League,Al-Ittihad,Al-Raed,3,Normal,44750,42413,Inma Stadium (ملعب الإنماء),2,North,Home,17:25,6,24,Normal,0,0,31.1,52.5,32.1,10,10,6,1,High
KASC_2025_M11,League,Al-Ittihad,Al-Raed,3,Normal,44750,42413,Inma Stadium (ملعب الإنماء),2,North,Home,17:30,6,24,Normal,0,0,31.1,52.5,32.1,14,18,8,3,High
KASC_2025_M11,League,Al-Ittihad,Al-Raed,3,Normal,44750,42413,Inma Stadium (ملعب الإنماء),2,North,Home,17:35,6,24,Normal,0,0,31.1,52.5,32.1,11,11,6,2,High
KASC_2025_M11,League,Al-Ittihad,Al-Raed,3,Normal,44750,42413,Inma Stadium (ملعب الإنماء),2,North,Home,17:40,6,24,Normal,0,0,31.1,52.5,32.1,11,22,12,8,Medium
KASC_2025_M11,League,Al-Ittihad,Al-Raed,3,Normal,44750,42413,Inma Stadium (ملعب الإنماء),2,North,Home,17:45,6,24,Normal,0,0,31.1,52.5,32.1,15,30,12,5,High
KASC_2025_M11,League,Al-Ittihad,Al-Raed,3,Normal,44750,42413,Inma Stadium (ملعب الإنماء),2,North,Home,17:50,6,24,Normal,0,0,31.1,52.5,32.1,16,29,11,9,Medium
KASC_2025_M11,League,Al-Ittihad,Al-Raed,3,Normal,44750,42413,Inma Stadium (ملعب الإنماء),2,North,Home,17:55,6,24,Normal,0,0,31.1,52.5,32.1,12,42,21,12,Medium
KASC_2025_M11,League,Al-Ittihad,Al-Raed,3,Normal,44750,42413,Inma Stadium (ملعب الإنماء),2,North,Home,18:00,6,24,Normal,0,0,31.1,52.5,32.1,12,58,29,11,High
KASC_2025_M11,League,Al-Ittihad,Al-Raed,3,Normal,44750,42413,Inma Stadium (ملعب الإنماء),2,North,Home,18:05,6,24,Normal,0,0,31.1,52.5,32.1,11,55,30,13,High
KASC_2025_M11,League,Al-Ittihad,Al-Raed,3,Normal,44750,42413,Inma Stadium (ملعب الإنماء),2,North,Home,18:10,6,24,Normal,0,0,31.1,52.5,32.1,6,30,30,6,High
KASC_2025_M11,League,Al-Ittihad,Al-Raed,3,Normal,44750,42413,Inma Stadium (ملعب الإنماء),2,North,Home,18:15,6,24,Normal,0,0,31.1,52.5,32.1,9,49,33,15,High
KASC_2025_M11,League,Al-Ittihad,Al-Raed,3,Normal,44750,42413,Inma Stadium (ملعب الإنماء),2,North,Home,18:20,6,24,Normal,0,0,31.1,52.5,32.1,10,76,46,14,High
KASC_2025_M11,League,Al-Ittihad,Al-Raed,3,Normal,44750,42413,Inma Stadium (ملعب الإنماء),2,North,Home,18:25,6,24,Normal,0,0,31.1,52.5,32.1,17,130,46,13,High
KASC_2025_M11,League,Al-Ittihad,Al-Raed,3,Normal,44750,42413,Inma Stadium (ملعب الإنماء),2,North,Home,18:30,6,24,Normal,0,0,31.1,52.5,32.1,14,95,41,17,High
KASC_2025_M11,League,Al-Ittihad,Al-Raed,3,Normal,44750,42413,Inma Stadium (ملعب الإنماء),2,North,Home,18:35,6,24,Normal,0,0,31.1,52.5,32.1,11,102,56,19,High
KASC_2025_M11,League,Al-Ittihad,Al-Raed,3,Normal,44750,42413,Inma Stadium (ملعب الإنماء),2,North,Home,18:40,6,24,Normal,0,0,31.1,52.5,32.1,14,121,52,25,High
KASC_2025_M11,League,Al-Ittihad,Al-Raed,3,Normal,44750,42413,Inma Stadium (ملعب الإنماء),2,North,Home,18:45,6,24,Normal,0,0,31.1,52.5,32.1,14,156,67,23,High
KASC_2025_M11,League,Al-Ittihad,Al-Raed,3,Normal,44750,42413,Inma Stadium (ملعب الإنماء),2,North,Home,18:50,6,24,Normal,0,0,31.1,52.5,32.1,12,160,80,25,High
KASC_2025_M11,League,Al-Ittihad,Al-Raed,3,Normal,44750,42413,Inma Stadium (ملعب الإنماء),2,North,Home,18:55,6,24,Normal,0,0,31.1,52.5,32.1,11,119,65,22,High
KASC_2025_M11,League,Al-Ittihad,Al-Raed,3,Normal,44750,42413,Inma Stadium (ملعب الإنماء),2,North,Home,19:00,6,24,Normal,0,0,31.1,52.5,32.1,11,137,75,34,High
KASC_2025_M11,League,Al-Ittihad,Al-Raed,3,Normal,44750,42413,Inma Stadium (ملعب الإنماء),2,North,Home,19:05,6,24,Normal,0,0,31.1,52.5,32.1,10,128,77,32,High
KASC_2025_M11,League,Al-Ittihad,Al-Raed,3,Normal,44750,42413,Inma Stadium (ملعب الإنماء),2,North,Home,19:10,6,24,Normal,0,0,31.1,52.5,32.1,17,257,91,27,High
KASC_2025_M11,League,Al-Ittihad,Al-Raed,3,Normal,44750,42413,Inma Stadium (ملعب الإنماء),2,North,Home,19:15,6,24,Normal,0,0,31.1,52.5,32.1,10,158,95,30,High
KASC_2025_M11,League,Al-Ittihad,Al-Raed,3,Normal,44750,42413,Inma Stadium (ملعب الإنماء),2,North,Home,19:20,6,24,Normal,0,0,31.1,52.5,32.1,14,179,77,29,High
KASC_2025_M11,League,Al-Ittihad,Al-Raed,3,Normal,44750,42413,Inma Stadium (ملعب الإنماء),2,North,Home,19:25,6,24,Normal,0,0,31.1,52.5,32.1,10,150,90,20,High
KASC_2025_M11,League,Al-Ittihad,Al-Raed,3,Normal,44750,42413,Inma Stadium (ملعب الإنماء),2,North,Home,19:30,6,24,Normal,0,0,31.1,52.5,32.1,12,162,81,31,High
KASC_2025_M11,League,Al-Ittihad,Al-Raed,3,Normal,44750,42413,Inma Stadium (ملعب الإنماء),2,North,Home,19:35,6,24,Normal,0,0,31.1,52.5,32.1,12,148,74,27,High
KASC_2025_M11,League,Al-Ittihad,Al-Raed,3,Normal,44750,42413,Inma Stadium (ملعب الإنماء),2,North,Home,19:40,6,24,Normal,0,0,31.1,52.5,32.1,15,200,80,32,High
KASC_2025_M11,League,Al-Ittihad,Al-Raed,3,Normal,44750,42413,Inma Stadium (ملعب الإنماء),2,North,Home,19:45,6,24,Normal,0,0,31.1,52.5,32.1,18,243,81,30,High
KASC_2025_M11,League,Al-Ittihad,Al-Raed,3,Normal,44750,42413,Inma Stadium (ملعب الإنماء),2,North,Home,19:50,6,24,Normal,0,0,31.1,52.5,32.1,8,98,74,26,High
KASC_2025_M11,League,Al-Ittihad,Al-Raed,3,Normal,44750,42413,Inma Stadium (ملعب الإنماء),2,North,Home,19:55,6,24,Normal,0,0,31.1,52.5,32.1,13,225,104,17,High
KASC_2025_M11,League,Al-Ittihad,Al-Raed,3,Normal,44750,42413,Inma Stadium (ملعب الإنماء),2,North,Home,20:00,6,24,Normal,0,0,31.1,52.5,32.1,9,100,67,18,High
KASC_2025_M11,League,Al-Ittihad,Al-Raed,3,Normal,44750,42413,Inma Stadium (ملعب الإنماء),2,North,Home,20:05,6,24,Normal,0,0,31.1,52.5,32.1,11,117,64,19,High
KASC_2025_M11,League,Al-Ittihad,Al-Raed,3,Normal,44750,42413,Inma Stadium (ملعب الإنماء),2,North,Home,20:10,6,24,Normal,0,0,31.1,52.5,32.1,14,144,62,24,High
KASC_2025_M11,League,Al-Ittihad,Al-Raed,3,Normal,44750,42413,Inma Stadium (ملعب الإنماء),2,North,Home,20:15,6,24,Normal,0,0,31.1,52.5,32.1,12,134,67,20,High
KASC_2025_M11,League,Al-Ittihad,Al-Raed,3,Normal,44750,42413,Inma Stadium (ملعب الإنماء),2,North,Home,20:20,6,24,Normal,0,0,31.1,52.5,32.1,18,219,73,26,High
KASC_2025_M11,League,Al-Ittihad,Al-Raed,3,Normal,44750,42413,Inma Stadium (ملعب الإنماء),2,North,Home,20:25,6,24,Normal,0,0,31.1,52.5,32.1,9,60,40,24,Medium
KASC_2025_M11,League,Al-Ittihad,Al-Raed,3,Normal,44750,42413,Inma Stadium (ملعب الإنماء),2,North,Home,20:30,6,24,Normal,0,0,31.1,52.5,32.1,7,64,55,13,High
KASC_2025_M11,League,Al-Ittihad,Al-Raed,3,Normal,44750,42413,Inma Stadium (ملعب الإنماء),2,North,Home,20:35,6,24,Normal,0,0,31.1,52.5,32.1,15,117,47,13,High
KASC_2025_M11,League,Al-Ittihad,Al-Raed,3,Normal,44750,42413,Inma Stadium (ملعب الإنماء),2,North,Home,20:40,6,24,Normal,0,0,31.1,52.5,32.1,11,64,35,16,High
KASC_2025_M11,League,Al-Ittihad,Al-Raed,3,Normal,44750,42413,Inma Stadium (ملعب الإنماء),2,North,Home,20:45,6,24,Normal,0,0,31.1,52.5,32.1,15,90,36,15,High
KASC_2025_M11,League,Al-Ittihad,Al-Raed,3,Normal,44750,42413,Inma Stadium (ملعب الإنماء),2,North,Home,20:50,6,24,Normal,0,0,31.1,52.5,32.1,7,43,37,12,High
KASC_2025_M11,League,Al-Ittihad,Al-Raed,3,Normal,44750,42413,Inma Stadium (ملعب الإنماء),2,North,Home,20:55,6,24,Normal,0,0,31.1,52.5,32.1,8,40,30,8,High
KASC_2025_M11,League,Al-Ittihad,Al-Raed,3,Normal,44750,42413,Inma Stadium (ملعب الإنماء),2,North,Home,21:00,6,24,Normal,0,0,31.1,52.5,32.1,13,60,28,13,High
KASC_2025_M11,League,Al-Ittihad,Al-Raed,3,Normal,44750,42413,Inma Stadium (ملعب الإنماء),2,North,Home,21:05,6,24,Normal,0,0,31.1,52.5,32.1,11,31,17,9,High
KASC_2025_M11,League,Al-Ittihad,Al-Raed,3,Normal,44750,42413,Inma Stadium (ملعب الإنماء),2,North,Home,21:10,6,24,Normal,0,0,31.1,52.5,32.1,8,20,15,5,High
KASC_2025_M11,League,Al-Ittihad,Al-Raed,3,Normal,44750,42413,Inma Stadium (ملعب الإنماء),2,North,Home,21:15,6,24,Normal,0,0,31.1,52.5,32.1,9,30,20,4,High
KASC_2025_M11,League,Al-Ittihad,Al-Raed,3,Normal,44750,42413,Inma Stadium (ملعب الإنماء),2,North,Home,21:20,6,24,Normal,0,0,31.1,52.5,32.1,12,20,10,3,High
KASC_2025_M11,League,Al-Ittihad,Al-Raed,3,Normal,44750,42413,Inma Stadium (ملعب الإنماء),2,North,Home,21:25,6,24,Normal,0,0,31.1,52.5,32.1,16,32,12,0,High
KASC_2025_M11,League,Al-Ittihad,Al-Raed,3,Normal,44750,42413,Inma Stadium (ملعب الإنماء),2,North,Home,21:30,6,24,Normal,0,0,31.1,52.5,32.1,6,11,11,1,High
KASC_2025_M11,League,Al-Ittihad,Al-Raed,3,Normal,44750,42413,Inma Stadium (ملعب الإنماء),2,North,Home,21:35,6,24,Normal,0,0,31.1,52.5,32.1,11,11,6,1,High
KASC_2025_M11,League,Al-Ittihad,Al-Raed,3,Normal,44750,42413,Inma Stadium (ملعب الإنماء),2,North,Home,21:40,6,24,Normal,0,0,31.1,52.5,32.1,15,12,5,2,High
KASC_2025_M11,League,Al-Ittihad,Al-Raed,3,Normal,44750,42413,Inma Stadium (ملعب الإنماء),2,North,Home,21:45,6,24,Normal,0,0,31.1,52.5,32.1,12,14,7,1,High
KASC_2025_M11,League,Al-Ittihad,Al-Raed,3,Normal,44750,42413,Inma Stadium (ملعب الإنماء),2,North,Home,21:50,6,24,Normal,0,0,31.1,52.5,32.1,6,4,4,1,High
KASC_2025_M11,League,Al-Ittihad,Al-Raed,3,Normal,44750,42413,Inma Stadium (ملعب الإنماء),2,North,Home,21:55,6,24,Normal,0,0,31.1,52.5,32.1,10,5,3,0,High
KASC_2025_M11,League,Al-Ittihad,Al-Raed,3,Normal,44750,42413,Inma Stadium (ملعب الإنماء),2,North,Home,22:00,6,24,Normal,0,0,31.1,52.5,32.1,12,6,3,1,High
KASC_2025_M11,League,Al-Ittihad,Al-Raed,3,Normal,44750,42413,Inma Stadium (ملعب الإنماء),2,North,Home,22:05,6,24,Normal,0,0,31.1,52.5,32.1,14,4,2,1,Medium
KASC_2025_M11,League,Al-Ittihad,Al-Raed,3,Normal,44750,42413,Inma Stadium (ملعب الإنماء),2,North,Home,22:10,6,24,Normal,0,0,31.1,52.5,32.1,12,2,1,1,Medium
KASC_2025_M11,League,Al-Ittihad,Al-Raed,3,Normal,44750,42413,Inma Stadium (ملعب الإنماء),2,North,Home,22:15,6,24,Normal,0,0,31.1,52.5,32.1,13,2,1,1,Medium
KASC_2025_M11,League,Al-Ittihad,Al-Raed,3,Normal,44750,42413,Inma Stadium (ملعب الإنماء),2,North,Home,22:20,6,24,Normal,0,0,31.1,52.5,32.1,13,0,0,0,Medium
KASC_2025_M11,League,Al-Ittihad,Al-Raed,3,Normal,44750,42413,Inma Stadium (ملعب الإنماء),2,North,Home,22:25,6,24,Normal,0,0,31.1,52.5,32.1,9,0,0,0,Medium
KASC_2025_M11,League,Al-Ittihad,Al-Raed,3,Normal,44750,42413,Inma Stadium (ملعب الإنماء),2,North,Home,22:30,6,24,Normal,0,0,31.1,52.5,32.1,14,0,0,0,Medium
KASC_2025_M11,League,Al-Ittihad,Al-Raed,3,Normal,44750,42413,Inma Stadium (ملعب الإنماء),2,North,Home,22:35,6,24,Normal,0,0,31.1,52.5,32.1,10,0,0,0,Medium
KASC_2025_M11,League,Al-Ittihad,Al-Raed,3,Normal,44750,42413,Inma Stadium (ملعب الإنماء),2,North,Home,22:40,6,24,Normal,0,0,31.1,52.5,32.1,18,0,0,0,Medium
KASC_2025_M11,League,Al-Ittihad,Al-Raed,3,Normal,44750,42413,Inma Stadium (ملعب الإنماء),2,North,Home,22:45,6,24,Normal,0,0,31.1,52.5,32.1,6,1,1,0,High
KASC_2025_M11,League,Al-Ittihad,Al-Raed,3,Normal,44750,42413,Inma Stadium (ملعب الإنماء),2,North,Home,22:50,6,24,Normal,0,0,31.1,52.5,32.1,10,0,0,1,Low
KASC_2025_M11,League,Al-Ittihad,Al-Raed,3,Normal,44750,42413,Inma Stadium (ملعب الإنماء),2,North,Home,22:55,6,24,Normal,0,0,31.1,52.5,32.1,15,0,0,0,Medium
KASC_2025_M11,League,Al-Ittihad,Al-Raed,3,Normal,44750,42413,Inma Stadium (ملعب الإنماء),2,North,Home,23:00,6,24,Normal,0,0,31.1,52.5,32.1,13,0,0,0,Medium
KASC_2025_M11,League,Al-Ittihad,Al-Raed,3,Normal,44750,42413,Inma Stadium (ملعب الإنماء),2,North,Home,23:05,6,24,Normal,0,0,31.1,52.5,32.1,9,0,0,0,Medium
KASC_2025_M11,League,Al-Ittihad,Al-Raed,3,Normal,44750,42413,Inma Stadium (ملعب الإنماء),2,North,Home,23:10,6,24,Normal,0,0,31.1,52.5,32.1,12,0,0,0,Medium
KASC_2025_M11,League,Al-Ittihad,Al-Raed,3,Normal,44750,42413,Inma Stadium (ملعب الإنماء),2,North,Home,23:15,6,24,Normal,0,0,31.1,52.5,32.1,10,0,0,0,Medium
KASC_2025_M11,League,Al-Ittihad,Al-Raed,3,Normal,44750,42413,Inma Stadium (ملعب الإنماء),2,North,Home,23:20,6,24,Normal,0,0,31.1,52.5,32.1,10,0,0,0,Medium
KASC_2025_M11,League,Al-Ittihad,Al-Raed,3,Normal,44750,42413,Inma Stadium (ملعب الإنماء),2,North,Home,23:25,6,24,Normal,0,0,31.1,52.5,32.1,10,0,0,0,Medium
KASC_2025_M11,League,Al-Ittihad,Al-Raed,3,Normal,44750,42413,Inma Stadium (ملعب الإنماء),2,North,Home,23:30,6,24,Normal,0,0,31.1,52.5,32.1,12,0,0,0,Medium
KASC_2025_M11,League,Al-Ittihad,Al-Raed,3,Normal,44750,42413,Inma Stadium (ملعب الإنماء),2,North,Home,23:35,6,24,Normal,0,0,31.1,52.5,32.1,13,0,0,0,Medium
KASC_2025_M11,League,Al-Ittihad,Al-Raed,3,Normal,44750,42413,Inma Stadium (ملعب الإنماء),2,North,Home,23:40,6,24,Normal,0,0,31.1,52.5,32.1,14,0,0,0,Medium
KASC_2025_M11,League,Al-Ittihad,Al-Raed,3,Normal,44750,42413,Inma Stadium (ملعب الإنماء),2,North,Home,23:45,6,24,Normal,0,0,31.1,52.5,32.1,18,0,0,0,Medium
KASC_2025_M11,League,Al-Ittihad,Al-Raed,3,Normal,44750,42413,Inma Stadium (ملعب الإنماء),2,North,Home,23:50,6,24,Normal,0,0,31.1,52.5,32.1,9,0,0,0,Medium
KASC_2025_M11,League,Al-Ittihad,Al-Raed,3,Normal,44750,42413,Inma Stadium (ملعب الإنماء),2,North,Home,23:55,6,24,Normal,0,0,31.1,52.5,32.1,9,0,0,0,Medium
KASC_2025_M11,League,Al-Ittihad,Al-Raed,3,Normal,44750,42413,Inma Stadium (ملعب الإنماء),3,East,Home,17:00,5,22,Normal,0,0,31.1,52.5,32.1,22,0,0,3,Low
KASC_2025_M11,League,Al-Ittihad,Al-Raed,3,Normal,44750,42413,Inma Stadium (ملعب الإنماء),3,East,Home,17:05,5,22,Normal,0,0,31.1,52.5,32.1,10,4,2,1,Medium
KASC_2025_M11,League,Al-Ittihad,Al-Raed,3,Normal,44750,42413,Inma Stadium (ملعب الإنماء),3,East,Home,17:10,5,22,Normal,0,0,31.1,52.5,32.1,12,0,0,2,Low
KASC_2025_M11,League,Al-Ittihad,Al-Raed,3,Normal,44750,42413,Inma Stadium (ملعب الإنماء),3,East,Home,17:15,5,22,Normal,0,0,31.1,52.5,32.1,16,9,3,2,Medium
KASC_2025_M11,League,Al-Ittihad,Al-Raed,3,Normal,44750,42413,Inma Stadium (ملعب الإنماء),3,East,Home,17:20,5,22,Normal,0,0,31.1,52.5,32.1,12,12,5,2,High
KASC_2025_M11,League,Al-Ittihad,Al-Raed,3,Normal,44750,42413,Inma Stadium (ملعب الإنماء),3,East,Home,17:25,5,22,Normal,0,0,31.1,52.5,32.1,9,16,9,0,High
KASC_2025_M11,League,Al-Ittihad,Al-Raed,3,Normal,44750,42413,Inma Stadium (ملعب الإنماء),3,East,Home,17:30,5,22,Normal,0,0,31.1,52.5,32.1,13,13,5,4,Medium
KASC_2025_M11,League,Al-Ittihad,Al-Raed,3,Normal,44750,42413,Inma Stadium (ملعب الإنماء),3,East,Home,17:35,5,22,Normal,0,0,31.1,52.5,32.1,6,6,5,4,Medium
KASC_2025_M11,League,Al-Ittihad,Al-Raed,3,Normal,44750,42413,Inma Stadium (ملعب الإنماء),3,East,Home,17:40,5,22,Normal,0,0,31.1,52.5,32.1,11,11,5,2,High
KASC_2025_M11,League,Al-Ittihad,Al-Raed,3,Normal,44750,42413,Inma Stadium (ملعب الإنماء),3,East,Home,17:45,5,22,Normal,0,0,31.1,52.5,32.1,10,20,10,3,High
KASC_2025_M11,League,Al-Ittihad,Al-Raed,3,Normal,44750,42413,Inma Stadium (ملعب الإنماء),3,East,Home,17:50,5,22,Normal,0,0,31.1,52.5,32.1,9,18,10,8,Medium
KASC_2025_M11,League,Al-Ittihad,Al-Raed,3,Normal,44750,42413,Inma Stadium (ملعب الإنماء),3,East,Home,17:55,5,22,Normal,0,0,31.1,52.5,32.1,9,27,15,3,High
KASC_2025_M11,League,Al-Ittihad,Al-Raed,3,Normal,44750,42413,Inma Stadium (ملعب الإنماء),3,East,Home,18:00,5,22,Normal,0,0,31.1,52.5,32.1,14,44,16,10,High
KASC_2025_M11,League,Al-Ittihad,Al-Raed,3,Normal,44750,42413,Inma Stadium (ملعب الإنماء),3,East,Home,18:05,5,22,Normal,0,0,31.1,52.5,32.1,9,32,18,7,High
KASC_2025_M11,League,Al-Ittihad,Al-Raed,3,Normal,44750,42413,Inma Stadium (ملعب الإنماء),3,East,Home,18:10,5,22,Normal,0,0,31.1,52.5,32.1,14,81,29,10,High
KASC_2025_M11,League,Al-Ittihad,Al-Raed,3,Normal,44750,42413,Inma Stadium (ملعب الإنماء),3,East,Home,18:15,5,22,Normal,0,0,31.1,52.5,32.1,13,67,26,6,High
KASC_2025_M11,League,Al-Ittihad,Al-Raed,3,Normal,44750,42413,Inma Stadium (ملعب الإنماء),3,East,Home,18:20,5,22,Normal,0,0,31.1,52.5,32.1,13,111,43,21,High
KASC_2025_M11,League,Al-Ittihad,Al-Raed,3,Normal,44750,42413,Inma Stadium (ملعب الإنماء),3,East,Home,18:25,5,22,Normal,0,0,31.1,52.5,32.1,9,63,35,12,High
KASC_2025_M11,League,Al-Ittihad,Al-Raed,3,Normal,44750,42413,Inma Stadium (ملعب الإنماء),3,East,Home,18:30,5,22,Normal,0,0,31.1,52.5,32.1,17,136,40,16,High
KASC_2025_M11,League,Al-Ittihad,Al-Raed,3,Normal,44750,42413,Inma Stadium (ملعب الإنماء),3,East,Home,18:35,5,22,Normal,0,0,31.1,52.5,32.1,12,108,45,24,High
KASC_2025_M11,League,Al-Ittihad,Al-Raed,3,Normal,44750,42413,Inma Stadium (ملعب الإنماء),3,East,Home,18:40,5,22,Normal,0,0,31.1,52.5,32.1,14,117,42,24,High
KASC_2025_M11,League,Al-Ittihad,Al-Raed,3,Normal,44750,42413,Inma Stadium (ملعب الإنماء),3,East,Home,18:45,5,22,Normal,0,0,31.1,52.5,32.1,9,99,55,27,High
KASC_2025_M11,League,Al-Ittihad,Al-Raed,3,Normal,44750,42413,Inma Stadium (ملعب الإنماء),3,East,Home,18:50,5,22,Normal,0,0,31.1,52.5,32.1,6,61,51,20,High
KASC_2025_M11,League,Al-Ittihad,Al-Raed,3,Normal,44750,42413,Inma Stadium (ملعب الإنماء),3,East,Home,18:55,5,22,Normal,0,0,31.1,52.5,32.1,11,125,57,24,High
KASC_2025_M11,League,Al-Ittihad,Al-Raed,3,Normal,44750,42413,Inma Stadium (ملعب الإنماء),3,East,Home,19:00,5,22,Normal,0,0,31.1,52.5,32.1,8,99,62,24,High
KASC_2025_M11,League,Al-Ittihad,Al-Raed,3,Normal,44750,42413,Inma Stadium (ملعب الإنماء),3,East,Home,19:05,5,22,Normal,0,0,31.1,52.5,32.1,12,148,62,28,High
KASC_2025_M11,League,Al-Ittihad,Al-Raed,3,Normal,44750,42413,Inma Stadium (ملعب الإنماء),3,East,Home,19:10,5,22,Normal,0,0,31.1,52.5,32.1,8,121,76,43,High
KASC_2025_M11,League,Al-Ittihad,Al-Raed,3,Normal,44750,42413,Inma Stadium (ملعب الإنماء),3,East,Home,19:15,5,22,Normal,0,0,31.1,52.5,32.1,11,160,73,33,High
KASC_2025_M11,League,Al-Ittihad,Al-Raed,3,Normal,44750,42413,Inma Stadium (ملعب الإنماء),3,East,Home,19:20,5,22,Normal,0,0,31.1,52.5,32.1,14,263,94,26,High
KASC_2025_M11,League,Al-Ittihad,Al-Raed,3,Normal,44750,42413,Inma Stadium (ملعب الإنماء),3,East,Home,19:25,5,22,Normal,0,0,31.1,52.5,32.1,15,306,102,37,High
KASC_2025_M11,League,Al-Ittihad,Al-Raed,3,Normal,44750,42413,Inma Stadium (ملعب الإنماء),3,East,Home,19:30,5,22,Normal,0,0,31.1,52.5,32.1,15,216,72,26,High
KASC_2025_M11,League,Al-Ittihad,Al-Raed,3,Normal,44750,42413,Inma Stadium (ملعب الإنماء),3,East,Home,19:35,5,22,Normal,0,0,31.1,52.5,32.1,15,204,68,24,High
KASC_2025_M11,League,Al-Ittihad,Al-Raed,3,Normal,44750,42413,Inma Stadium (ملعب الإنماء),3,East,Home,19:40,5,22,Normal,0,0,31.1,52.5,32.1,10,126,63,25,High
KASC_2025_M11,League,Al-Ittihad,Al-Raed,3,Normal,44750,42413,Inma Stadium (ملعب الإنماء),3,East,Home,19:45,5,22,Normal,0,0,31.1,52.5,32.1,14,170,61,32,High
KASC_2025_M11,League,Al-Ittihad,Al-Raed,3,Normal,44750,42413,Inma Stadium (ملعب الإنماء),3,East,Home,19:50,5,22,Normal,0,0,31.1,52.5,32.1,10,160,80,18,High
KASC_2025_M11,League,Al-Ittihad,Al-Raed,3,Normal,44750,42413,Inma Stadium (ملعب الإنماء),3,East,Home,19:55,5,22,Normal,0,0,31.1,52.5,32.1,12,144,60,25,High
KASC_2025_M11,League,Al-Ittihad,Al-Raed,3,Normal,44750,42413,Inma Stadium (ملعب الإنماء),3,East,Home,20:00,5,22,Normal,0,0,31.1,52.5,32.1,11,138,63,33,High
KASC_2025_M11,League,Al-Ittihad,Al-Raed,3,Normal,44750,42413,Inma Stadium (ملعب الإنماء),3,East,Home,20:05,5,22,Normal,0,0,31.1,52.5,32.1,9,115,64,31,High
KASC_2025_M11,League,Al-Ittihad,Al-Raed,3,Normal,44750,42413,Inma Stadium (ملعب الإنماء),3,East,Home,20:10,5,22,Normal,0,0,31.1,52.5,32.1,10,108,54,24,High
KASC_2025_M11,League,Al-Ittihad,Al-Raed,3,Normal,44750,42413,Inma Stadium (ملعب الإنماء),3,East,Home,20:15,5,22,Normal,0,0,31.1,52.5,32.1,6,48,40,30,Medium
KASC_2025_M11,League,Al-Ittihad,Al-Raed,3,Normal,44750,42413,Inma Stadium (ملعب الإنماء),3,East,Home,20:20,5,22,Normal,0,0,31.1,52.5,32.1,11,112,51,26,High
KASC_2025_M11,League,Al-Ittihad,Al-Raed,3,Normal,44750,42413,Inma Stadium (ملعب الإنماء),3,East,Home,20:25,5,22,Normal,0,0,31.1,52.5,32.1,14,148,53,26,High
KASC_2025_M11,League,Al-Ittihad,Al-Raed,3,Normal,44750,42413,Inma Stadium (ملعب الإنماء),3,East,Home,20:30,5,22,Normal,0,0,31.1,52.5,32.1,14,128,46,19,High
KASC_2025_M11,League,Al-Ittihad,Al-Raed,3,Normal,44750,42413,Inma Stadium (ملعب الإنماء),3,East,Home,20:35,5,22,Normal,0,0,31.1,52.5,32.1,7,51,37,12,High
KASC_2025_M11,League,Al-Ittihad,Al-Raed,3,Normal,44750,42413,Inma Stadium (ملعب الإنماء),3,East,Home,20:40,5,22,Normal,0,0,31.1,52.5,32.1,13,72,28,7,High
KASC_2025_M11,League,Al-Ittihad,Al-Raed,3,Normal,44750,42413,Inma Stadium (ملعب الإنماء),3,East,Home,20:45,5,22,Normal,0,0,31.1,52.5,32.1,12,67,28,13,High
KASC_2025_M11,League,Al-Ittihad,Al-Raed,3,Normal,44750,42413,Inma Stadium (ملعب الإنماء),3,East,Home,20:50,5,22,Normal,0,0,31.1,52.5,32.1,11,48,22,10,High
KASC_2025_M11,League,Al-Ittihad,Al-Raed,3,Normal,44750,42413,Inma Stadium (ملعب الإنماء),3,East,Home,20:55,5,22,Normal,0,0,31.1,52.5,32.1,11,41,19,7,High
KASC_2025_M11,League,Al-Ittihad,Al-Raed,3,Normal,44750,42413,Inma Stadium (ملعب الإنماء),3,East,Home,21:00,5,22,Normal,0,0,31.1,52.5,32.1,7,40,29,7,High
KASC_2025_M11,League,Al-Ittihad,Al-Raed,3,Normal,44750,42413,Inma Stadium (ملعب الإنماء),3,East,Home,21:05,5,22,Normal,0,0,31.1,52.5,32.1,9,36,20,8,High
KASC_2025_M11,League,Al-Ittihad,Al-Raed,3,Normal,44750,42413,Inma Stadium (ملعب الإنماء),3,East,Home,21:10,5,22,Normal,0,0,31.1,52.5,32.1,10,32,16,5,High
KASC_2025_M11,League,Al-Ittihad,Al-Raed,3,Normal,44750,42413,Inma Stadium (ملعب الإنماء),3,East,Home,21:15,5,22,Normal,0,0,31.1,52.5,32.1,17,30,9,8,Medium
KASC_2025_M11,League,Al-Ittihad,Al-Raed,3,Normal,44750,42413,Inma Stadium (ملعب الإنماء),3,East,Home,21:20,5,22,Normal,0,0,31.1,52.5,32.1,14,19,7,6,Medium
KASC_2025_M11,League,Al-Ittihad,Al-Raed,3,Normal,44750,42413,Inma Stadium (ملعب الإنماء),3,East,Home,21:25,5,22,Normal,0,0,31.1,52.5,32.1,13,15,6,4,Medium
KASC_2025_M11,League,Al-Ittihad,Al-Raed,3,Normal,44750,42413,Inma Stadium (ملعب الإنماء),3,East,Home,21:30,5,22,Normal,0,0,31.1,52.5,32.1,14,19,7,4,High
KASC_2025_M11,League,Al-Ittihad,Al-Raed,3,Normal,44750,42413,Inma Stadium (ملعب الإنماء),3,East,Home,21:35,5,22,Normal,0,0,31.1,52.5,32.1,15,6,2,6,Low
KASC_2025_M11,League,Al-Ittihad,Al-Raed,3,Normal,44750,42413,Inma Stadium (ملعب الإنماء),3,East,Home,21:40,5,22,Normal,0,0,31.1,52.5,32.1,15,6,2,4,Low
KASC_2025_M11,League,Al-Ittihad,Al-Raed,3,Normal,44750,42413,Inma Stadium (ملعب الإنماء),3,East,Home,21:45,5,22,Normal,0,0,31.1,52.5,32.1,16,3,1,2,Low
KASC_2025_M11,League,Al-Ittihad,Al-Raed,3,Normal,44750,42413,Inma Stadium (ملعب الإنماء),3,East,Home,21:50,5,22,Normal,0,0,31.1,52.5,32.1,9,1,1,0,High
KASC_2025_M11,League,Al-Ittihad,Al-Raed,3,Normal,44750,42413,Inma Stadium (ملعب الإنماء),3,East,Home,21:55,5,22,Normal,0,0,31.1,52.5,32.1,15,9,3,0,High
KASC_2025_M11,League,Al-Ittihad,Al-Raed,3,Normal,44750,42413,Inma Stadium (ملعب الإنماء),3,East,Home,22:00,5,22,Normal,0,0,31.1,52.5,32.1,15,0,0,1,Low
KASC_2025_M11,League,Al-Ittihad,Al-Raed,3,Normal,44750,42413,Inma Stadium (ملعب الإنماء),3,East,Home,22:05,5,22,Normal,0,0,31.1,52.5,32.1,11,2,1,1,Medium
KASC_2025_M11,League,Al-Ittihad,Al-Raed,3,Normal,44750,42413,Inma Stadium (ملعب الإنماء),3,East,Home,22:10,5,22,Normal,0,0,31.1,52.5,32.1,9,0,0,0,Medium
KASC_2025_M11,League,Al-Ittihad,Al-Raed,3,Normal,44750,42413,Inma Stadium (ملعب الإنماء),3,East,Home,22:15,5,22,Normal,0,0,31.1,52.5,32.1,7,0,0,0,Medium
KASC_2025_M11,League,Al-Ittihad,Al-Raed,3,Normal,44750,42413,Inma Stadium (ملعب الإنماء),3,East,Home,22:20,5,22,Normal,0,0,31.1,52.5,32.1,13,0,0,0,Medium
KASC_2025_M11,League,Al-Ittihad,Al-Raed,3,Normal,44750,42413,Inma Stadium (ملعب الإنماء),3,East,Home,22:25,5,22,Normal,0,0,31.1,52.5,32.1,7,0,0,0,Medium
KASC_2025_M11,League,Al-Ittihad,Al-Raed,3,Normal,44750,42413,Inma Stadium (ملعب الإنماء),3,East,Home,22:30,5,22,Normal,0,0,31.1,52.5,32.1,13,0,0,0,Medium
KASC_2025_M11,League,Al-Ittihad,Al-Raed,3,Normal,44750,42413,Inma Stadium (ملعب الإنماء),3,East,Home,22:35,5,22,Normal,0,0,31.1,52.5,32.1,10,0,0,0,Medium
KASC_2025_M11,League,Al-Ittihad,Al-Raed,3,Normal,44750,42413,Inma Stadium (ملعب الإنماء),3,East,Home,22:40,5,22,Normal,0,0,31.1,52.5,32.1,14,0,0,0,Medium
KASC_2025_M11,League,Al-Ittihad,Al-Raed,3,Normal,44750,42413,Inma Stadium (ملعب الإنماء),3,East,Home,22:45,5,22,Normal,0,0,31.1,52.5,32.1,12,0,0,0,Medium
KASC_2025_M11,League,Al-Ittihad,Al-Raed,3,Normal,44750,42413,Inma Stadium (ملعب الإنماء),3,East,Home,22:50,5,22,Normal,0,0,31.1,52.5,32.1,10,0,0,0,Medium
KASC_2025_M11,League,Al-Ittihad,Al-Raed,3,Normal,44750,42413,Inma Stadium (ملعب الإنماء),3,East,Home,22:55,5,22,Normal,0,0,31.1,52.5,32.1,17,0,0,0,Medium
KASC_2025_M11,League,Al-Ittihad,Al-Raed,3,Normal,44750,42413,Inma Stadium (ملعب الإنماء),3,East,Home,23:00,5,22,Normal,0,0,31.1,52.5,32.1,15,0,0,0,Medium
KASC_2025_M11,League,Al-Ittihad,Al-Raed,3,Normal,44750,42413,Inma Stadium (ملعب الإنماء),3,East,Home,23:05,5,22,Normal,0,0,31.1,52.5,32.1,8,0,0,0,Medium
KASC_2025_M11,League,Al-Ittihad,Al-Raed,3,Normal,44750,42413,Inma Stadium (ملعب الإنماء),3,East,Home,23:10,5,22,Normal,0,0,31.1,52.5,32.1,9,0,0,0,Medium
KASC_2025_M11,League,Al-Ittihad,Al-Raed,3,Normal,44750,42413,Inma Stadium (ملعب الإنماء),3,East,Home,23:15,5,22,Normal,0,0,31.1,52.5,32.1,12,0,0,0,Medium
KASC_2025_M11,League,Al-Ittihad,Al-Raed,3,Normal,44750,42413,Inma Stadium (ملعب الإنماء),3,East,Home,23:20,5,22,Normal,0,0,31.1,52.5,32.1,12,0,0,0,Medium
KASC_2025_M11,League,Al-Ittihad,Al-Raed,3,Normal,44750,42413,Inma Stadium (ملعب الإنماء),3,East,Home,23:25,5,22,Normal,0,0,31.1,52.5,32.1,17,0,0,0,Medium
KASC_2025_M11,League,Al-Ittihad,Al-Raed,3,Normal,44750,42413,Inma Stadium (ملعب الإنماء),3,East,Home,23:30,5,22,Normal,0,0,31.1,52.5,32.1,14,0,0,0,Medium
KASC_2025_M11,League,Al-Ittihad,Al-Raed,3,Normal,44750,42413,Inma Stadium (ملعب الإنماء),3,East,Home,23:35,5,22,Normal,0,0,31.1,52.5,32.1,10,0,0,0,Medium
KASC_2025_M11,League,Al-Ittihad,Al-Raed,3,Normal,44750,42413,Inma Stadium (ملعب الإنماء),3,East,Home,23:40,5,22,Normal,0,0,31.1,52.5,32.1,15,0,0,0,Medium
KASC_2025_M11,League,Al-Ittihad,Al-Raed,3,Normal,44750,42413,Inma Stadium (ملعب الإنماء),3,East,Home,23:45,5,22,Normal,0,0,31.1,52.5,32.1,11,0,0,0,Medium
KASC_2025_M11,League,Al-Ittihad,Al-Raed,3,Normal,44750,42413,Inma Stadium (ملعب الإنماء),3,East,Home,23:50,5,22,Normal,0,0,31.1,52.5,32.1,8,0,0,0,Medium
KASC_2025_M11,League,Al-Ittihad,Al-Raed,3,Normal,44750,42413,Inma Stadium (ملعب الإنماء),3,East,Home,23:55,5,22,Normal,0,0,31.1,52.5,32.1,10,0,0,0,Medium
KASC_2025_M11,League,Al-Ittihad,Al-Raed,3,Normal,44750,42413,Inma Stadium (ملعب الإنماء),4,East,Home,17:00,6,15,Normal,0,0,31.1,52.5,32.1,11,1,1,0,High
KASC_2025_M11,League,Al-Ittihad,Al-Raed,3,Normal,44750,42413,Inma Stadium (ملعب الإنماء),4,East,Home,17:05,6,15,Normal,0,0,31.1,52.5,32.1,8,4,3,2,Medium
KASC_2025_M11,League,Al-Ittihad,Al-Raed,3,Normal,44750,42413,Inma Stadium (ملعب الإنماء),4,East,Home,17:10,6,15,Normal,0,0,31.1,52.5,32.1,18,9,3,1,High
KASC_2025_M11,League,Al-Ittihad,Al-Raed,3,Normal,44750,42413,Inma Stadium (ملعب الإنماء),4,East,Home,17:15,6,15,Normal,0,0,31.1,52.5,32.1,13,2,1,2,Low
KASC_2025_M11,League,Al-Ittihad,Al-Raed,3,Normal,44750,42413,Inma Stadium (ملعب الإنماء),4,East,Home,17:20,6,15,Normal,0,0,31.1,52.5,32.1,10,6,4,3,Medium
KASC_2025_M11,League,Al-Ittihad,Al-Raed,3,Normal,44750,42413,Inma Stadium (ملعب الإنماء),4,East,Home,17:25,6,15,Normal,0,0,31.1,52.5,32.1,8,4,3,2,Medium
KASC_2025_M11,League,Al-Ittihad,Al-Raed,3,Normal,44750,42413,Inma Stadium (ملعب الإنماء),4,East,Home,17:30,6,15,Normal,0,0,31.1,52.5,32.1,11,12,7,3,High
KASC_2025_M11,League,Al-Ittihad,Al-Raed,3,Normal,44750,42413,Inma Stadium (ملعب الإنماء),4,East,Home,17:35,6,15,Normal,0,0,31.1,52.5,32.1,13,19,9,3,High
KASC_2025_M11,League,Al-Ittihad,Al-Raed,3,Normal,44750,42413,Inma Stadium (ملعب الإنماء),4,East,Home,17:40,6,15,Normal,0,0,31.1,52.5,32.1,10,11,7,3,High
KASC_2025_M11,League,Al-Ittihad,Al-Raed,3,Normal,44750,42413,Inma Stadium (ملعب الإنماء),4,East,Home,17:45,6,15,Normal,0,0,31.1,52.5,32.1,10,15,9,2,High
KASC_2025_M11,League,Al-Ittihad,Al-Raed,3,Normal,44750,42413,Inma Stadium (ملعب الإنماء),4,East,Home,17:50,6,15,Normal,0,0,31.1,52.5,32.1,9,24,16,4,High
KASC_2025_M11,League,Al-Ittihad,Al-Raed,3,Normal,44750,42413,Inma Stadium (ملعب الإنماء),4,East,Home,17:55,6,15,Normal,0,0,31.1,52.5,32.1,9,21,14,9,Medium
KASC_2025_M11,League,Al-Ittihad,Al-Raed,3,Normal,44750,42413,Inma Stadium (ملعب الإنماء),4,East,Home,18:00,6,15,Normal,0,0,31.1,52.5,32.1,10,41,25,8,High
KASC_2025_M11,League,Al-Ittihad,Al-Raed,3,Normal,44750,42413,Inma Stadium (ملعب الإنماء),4,East,Home,18:05,6,15,Normal,0,0,31.1,52.5,32.1,9,39,26,19,Medium
KASC_2025_M11,League,Al-Ittihad,Al-Raed,3,Normal,44750,42413,Inma Stadium (ملعب الإنماء),4,East,Home,18:10,6,15,Normal,0,0,31.1,52.5,32.1,10,66,40,19,High
KASC_2025_M11,League,Al-Ittihad,Al-Raed,3,Normal,44750,42413,Inma Stadium (ملعب الإنماء),4,East,Home,18:15,6,15,Normal,0,0,31.1,52.5,32.1,8,65,49,14,High
KASC_2025_M11,League,Al-Ittihad,Al-Raed,3,Normal,44750,42413,Inma Stadium (ملعب الإنماء),4,East,Home,18:20,6,15,Normal,0,0,31.1,52.5,32.1,7,53,46,13,High
KASC_2025_M11,League,Al-Ittihad,Al-Raed,3,Normal,44750,42413,Inma Stadium (ملعب الإنماء),4,East,Home,18:25,6,15,Normal,0,0,31.1,52.5,32.1,9,61,41,17,High
KASC_2025_M11,League,Al-Ittihad,Al-Raed,3,Normal,44750,42413,Inma Stadium (ملعب الإنماء),4,East,Home,18:30,6,15,Normal,0,0,31.1,52.5,32.1,8,72,54,14,High
KASC_2025_M11,League,Al-Ittihad,Al-Raed,3,Normal,44750,42413,Inma Stadium (ملعب الإنماء),4,East,Home,18:35,6,15,Normal,0,0,31.1,52.5,32.1,9,67,45,16,High
KASC_2025_M11,League,Al-Ittihad,Al-Raed,3,Normal,44750,42413,Inma Stadium (ملعب الإنماء),4,East,Home,18:40,6,15,Normal,0,0,31.1,52.5,32.1,15,125,50,24,High
KASC_2025_M11,League,Al-Ittihad,Al-Raed,3,Normal,44750,42413,Inma Stadium (ملعب الإنماء),4,East,Home,18:45,6,15,Normal,0,0,31.1,52.5,32.1,12,122,61,27,High
KASC_2025_M11,League,Al-Ittihad,Al-Raed,3,Normal,44750,42413,Inma Stadium (ملعب الإنماء),4,East,Home,18:50,6,15,Normal,0,0,31.1,52.5,32.1,11,143,78,29,High
KASC_2025_M11,League,Al-Ittihad,Al-Raed,3,Normal,44750,42413,Inma Stadium (ملعب الإنماء),4,East,Home,18:55,6,15,Normal,0,0,31.1,52.5,32.1,8,90,68,21,High
KASC_2025_M11,League,Al-Ittihad,Al-Raed,3,Normal,44750,42413,Inma Stadium (ملعب الإنماء),4,East,Home,19:00,6,15,Normal,0,0,31.1,52.5,32.1,13,164,76,27,High
KASC_2025_M11,League,Al-Ittihad,Al-Raed,3,Normal,44750,42413,Inma Stadium (ملعب الإنماء),4,East,Home,19:05,6,15,Normal,0,0,31.1,52.5,32.1,8,101,76,25,High
KASC_2025_M11,League,Al-Ittihad,Al-Raed,3,Normal,44750,42413,Inma Stadium (ملعب الإنماء),4,East,Home,19:10,6,15,Normal,0,0,31.1,52.5,32.1,7,92,79,21,High
KASC_2025_M11,League,Al-Ittihad,Al-Raed,3,Normal,44750,42413,Inma Stadium (ملعب الإنماء),4,East,Home,19:15,6,15,Normal,0,0,31.1,52.5,32.1,17,257,91,35,High
KASC_2025_M11,League,Al-Ittihad,Al-Raed,3,Normal,44750,42413,Inma Stadium (ملعب الإنماء),4,East,Home,19:20,6,15,Normal,0,0,31.1,52.5,32.1,6,86,86,32,High
KASC_2025_M11,League,Al-Ittihad,Al-Raed,3,Normal,44750,42413,Inma Stadium (ملعب الإنماء),4,East,Home,19:25,6,15,Normal,0,0,31.1,52.5,32.1,6,104,104,40,High
KASC_2025_M11,League,Al-Ittihad,Al-Raed,3,Normal,44750,42413,Inma Stadium (ملعب الإنماء),4,East,Home,19:30,6,15,Normal,0,0,31.1,52.5,32.1,11,152,83,36,High
KASC_2025_M11,League,Al-Ittihad,Al-Raed,3,Normal,44750,42413,Inma Stadium (ملعب الإنماء),4,East,Home,19:35,6,15,Normal,0,0,31.1,52.5,32.1,8,117,88,30,High
KASC_2025_M11,League,Al-Ittihad,Al-Raed,3,Normal,44750,42413,Inma Stadium (ملعب الإنماء),4,East,Home,19:40,6,15,Normal,0,0,31.1,52.5,32.1,11,159,87,25,High
KASC_2025_M11,League,Al-Ittihad,Al-Raed,3,Normal,44750,42413,Inma Stadium (ملعب الإنماء),4,East,Home,19:45,6,15,Normal,0,0,31.1,52.5,32.1,15,217,87,24,High
KASC_2025_M11,League,Al-Ittihad,Al-Raed,3,Normal,44750,42413,Inma Stadium (ملعب الإنماء),4,East,Home,19:50,6,15,Normal,0,0,31.1,52.5,32.1,11,155,85,28,High
KASC_2025_M11,League,Al-Ittihad,Al-Raed,3,Normal,44750,42413,Inma Stadium (ملعب الإنماء),4,East,Home,19:55,6,15,Normal,0,0,31.1,52.5,32.1,12,140,70,25,High
KASC_2025_M11,League,Al-Ittihad,Al-Raed,3,Normal,44750,42413,Inma Stadium (ملعب الإنماء),4,East,Home,20:00,6,15,Normal,0,0,31.1,52.5,32.1,9,117,78,29,High
KASC_2025_M11,League,Al-Ittihad,Al-Raed,3,Normal,44750,42413,Inma Stadium (ملعب الإنماء),4,East,Home,20:05,6,15,Normal,0,0,31.1,52.5,32.1,13,125,58,27,High
KASC_2025_M11,League,Al-Ittihad,Al-Raed,3,Normal,44750,42413,Inma Stadium (ملعب الإنماء),4,East,Home,20:10,6,15,Normal,0,0,31.1,52.5,32.1,9,102,68,27,High
KASC_2025_M11,League,Al-Ittihad,Al-Raed,3,Normal,44750,42413,Inma Stadium (ملعب الإنماء),4,East,Home,20:15,6,15,Normal,0,0,31.1,52.5,32.1,11,119,65,36,High
KASC_2025_M11,League,Al-Ittihad,Al-Raed,3,Normal,44750,42413,Inma Stadium (ملعب الإنماء),4,East,Home,20:20,6,15,Normal,0,0,31.1,52.5,32.1,13,136,63,14,High
KASC_2025_M11,League,Al-Ittihad,Al-Raed,3,Normal,44750,42413,Inma Stadium (ملعب الإنماء),4,East,Home,20:25,6,15,Normal,0,0,31.1,52.5,32.1,15,122,49,18,High
KASC_2025_M11,League,Al-Ittihad,Al-Raed,3,Normal,44750,42413,Inma Stadium (ملعب الإنماء),4,East,Home,20:30,6,15,Normal,0,0,31.1,52.5,32.1,15,107,43,15,High
KASC_2025_M11,League,Al-Ittihad,Al-Raed,3,Normal,44750,42413,Inma Stadium (ملعب الإنماء),4,East,Home,20:35,6,15,Normal,0,0,31.1,52.5,32.1,9,73,49,11,High
KASC_2025_M11,League,Al-Ittihad,Al-Raed,3,Normal,44750,42413,Inma Stadium (ملعب الإنماء),4,East,Home,20:40,6,15,Normal,0,0,31.1,52.5,32.1,10,56,34,10,High
KASC_2025_M11,League,Al-Ittihad,Al-Raed,3,Normal,44750,42413,Inma Stadium (ملعب الإنماء),4,East,Home,20:45,6,15,Normal,0,0,31.1,52.5,32.1,9,60,40,12,High
KASC_2025_M11,League,Al-Ittihad,Al-Raed,3,Normal,44750,42413,Inma Stadium (ملعب الإنماء),4,East,Home,20:50,6,15,Normal,0,0,31.1,52.5,32.1,12,86,43,12,High
KASC_2025_M11,League,Al-Ittihad,Al-Raed,3,Normal,44750,42413,Inma Stadium (ملعب الإنماء),4,East,Home,20:55,6,15,Normal,0,0,31.1,52.5,32.1,10,43,26,11,High
KASC_2025_M11,League,Al-Ittihad,Al-Raed,3,Normal,44750,42413,Inma Stadium (ملعب الإنماء),4,East,Home,21:00,6,15,Normal,0,0,31.1,52.5,32.1,10,40,24,11,High
KASC_2025_M11,League,Al-Ittihad,Al-Raed,3,Normal,44750,42413,Inma Stadium (ملعب الإنماء),4,East,Home,21:05,6,15,Normal,0,0,31.1,52.5,32.1,10,23,14,5,High
KASC_2025_M11,League,Al-Ittihad,Al-Raed,3,Normal,44750,42413,Inma Stadium (ملعب الإنماء),4,East,Home,21:10,6,15,Normal,0,0,31.1,52.5,32.1,14,60,26,4,High
KASC_2025_M11,League,Al-Ittihad,Al-Raed,3,Normal,44750,42413,Inma Stadium (ملعب الإنماء),4,East,Home,21:15,6,15,Normal,0,0,31.1,52.5,32.1,13,32,15,6,High
KASC_2025_M11,League,Al-Ittihad,Al-Raed,3,Normal,44750,42413,Inma Stadium (ملعب الإنماء),4,East,Home,21:20,6,15,Normal,0,0,31.1,52.5,32.1,10,21,13,5,High
KASC_2025_M11,League,Al-Ittihad,Al-Raed,3,Normal,44750,42413,Inma Stadium (ملعب الإنماء),4,East,Home,21:25,6,15,Normal,0,0,31.1,52.5,32.1,9,12,8,1,High
KASC_2025_M11,League,Al-Ittihad,Al-Raed,3,Normal,44750,42413,Inma Stadium (ملعب الإنماء),4,East,Home,21:30,6,15,Normal,0,0,31.1,52.5,32.1,10,11,7,3,High
KASC_2025_M11,League,Al-Ittihad,Al-Raed,3,Normal,44750,42413,Inma Stadium (ملعب الإنماء),4,East,Home,21:35,6,15,Normal,0,0,31.1,52.5,32.1,10,11,7,4,Medium
KASC_2025_M11,League,Al-Ittihad,Al-Raed,3,Normal,44750,42413,Inma Stadium (ملعب الإنماء),4,East,Home,21:40,6,15,Normal,0,0,31.1,52.5,32.1,10,18,11,3,High
KASC_2025_M11,League,Al-Ittihad,Al-Raed,3,Normal,44750,42413,Inma Stadium (ملعب الإنماء),4,East,Home,21:45,6,15,Normal,0,0,31.1,52.5,32.1,8,5,4,0,High
KASC_2025_M11,League,Al-Ittihad,Al-Raed,3,Normal,44750,42413,Inma Stadium (ملعب الإنماء),4,East,Home,21:50,6,15,Normal,0,0,31.1,52.5,32.1,8,2,2,1,Medium
KASC_2025_M11,League,Al-Ittihad,Al-Raed,3,Normal,44750,42413,Inma Stadium (ملعب الإنماء),4,East,Home,21:55,6,15,Normal,0,0,31.1,52.5,32.1,14,4,2,0,High
KASC_2025_M11,League,Al-Ittihad,Al-Raed,3,Normal,44750,42413,Inma Stadium (ملعب الإنماء),4,East,Home,22:00,6,15,Normal,0,0,31.1,52.5,32.1,6,3,3,0,High
KASC_2025_M11,League,Al-Ittihad,Al-Raed,3,Normal,44750,42413,Inma Stadium (ملعب الإنماء),4,East,Home,22:05,6,15,Normal,0,0,31.1,52.5,32.1,6,4,4,0,High
KASC_2025_M11,League,Al-Ittihad,Al-Raed,3,Normal,44750,42413,Inma Stadium (ملعب الإنماء),4,East,Home,22:10,6,15,Normal,0,0,31.1,52.5,32.1,16,5,2,0,High
KASC_2025_M11,League,Al-Ittihad,Al-Raed,3,Normal,44750,42413,Inma Stadium (ملعب الإنماء),4,East,Home,22:15,6,15,Normal,0,0,31.1,52.5,32.1,13,0,0,0,Medium
KASC_2025_M11,League,Al-Ittihad,Al-Raed,3,Normal,44750,42413,Inma Stadium (ملعب الإنماء),4,East,Home,22:20,6,15,Normal,0,0,31.1,52.5,32.1,16,0,0,0,Medium
KASC_2025_M11,League,Al-Ittihad,Al-Raed,3,Normal,44750,42413,Inma Stadium (ملعب الإنماء),4,East,Home,22:25,6,15,Normal,0,0,31.1,52.5,32.1,6,2,2,0,High
KASC_2025_M11,League,Al-Ittihad,Al-Raed,3,Normal,44750,42413,Inma Stadium (ملعب الإنماء),4,East,Home,22:30,6,15,Normal,0,0,31.1,52.5,32.1,7,1,1,0,High
KASC_2025_M11,League,Al-Ittihad,Al-Raed,3,Normal,44750,42413,Inma Stadium (ملعب الإنماء),4,East,Home,22:35,6,15,Normal,0,0,31.1,52.5,32.1,9,0,0,0,Medium
KASC_2025_M11,League,Al-Ittihad,Al-Raed,3,Normal,44750,42413,Inma Stadium (ملعب الإنماء),4,East,Home,22:40,6,15,Normal,0,0,31.1,52.5,32.1,10,1,1,0,High
KASC_2025_M11,League,Al-Ittihad,Al-Raed,3,Normal,44750,42413,Inma Stadium (ملعب الإنماء),4,East,Home,22:45,6,15,Normal,0,0,31.1,52.5,32.1,18,0,0,0,Medium
KASC_2025_M11,League,Al-Ittihad,Al-Raed,3,Normal,44750,42413,Inma Stadium (ملعب الإنماء),4,East,Home,22:50,6,15,Normal,0,0,31.1,52.5,32.1,16,0,0,0,Medium
KASC_2025_M11,League,Al-Ittihad,Al-Raed,3,Normal,44750,42413,Inma Stadium (ملعب الإنماء),4,East,Home,22:55,6,15,Normal,0,0,31.1,52.5,32.1,7,0,0,1,Low
KASC_2025_M11,League,Al-Ittihad,Al-Raed,3,Normal,44750,42413,Inma Stadium (ملعب الإنماء),4,East,Home,23:00,6,15,Normal,0,0,31.1,52.5,32.1,12,0,0,0,Medium
KASC_2025_M11,League,Al-Ittihad,Al-Raed,3,Normal,44750,42413,Inma Stadium (ملعب الإنماء),4,East,Home,23:05,6,15,Normal,0,0,31.1,52.5,32.1,17,0,0,0,Medium
KASC_2025_M11,League,Al-Ittihad,Al-Raed,3,Normal,44750,42413,Inma Stadium (ملعب الإنماء),4,East,Home,23:10,6,15,Normal,0,0,31.1,52.5,32.1,8,0,0,0,Medium
KASC_2025_M11,League,Al-Ittihad,Al-Raed,3,Normal,44750,42413,Inma Stadium (ملعب الإنماء),4,East,Home,23:15,6,15,Normal,0,0,31.1,52.5,32.1,17,0,0,1,Low
KASC_2025_M11,League,Al-Ittihad,Al-Raed,3,Normal,44750,42413,Inma Stadium (ملعب الإنماء),4,East,Home,23:20,6,15,Normal,0,0,31.1,52.5,32.1,15,0,0,0,Medium
KASC_2025_M11,League,Al-Ittihad,Al-Raed,3,Normal,44750,42413,Inma Stadium (ملعب الإنماء),4,East,Home,23:25,6,15,Normal,0,0,31.1,52.5,32.1,8,0,0,0,Medium
KASC_2025_M11,League,Al-Ittihad,Al-Raed,3,Normal,44750,42413,Inma Stadium (ملعب الإنماء),4,East,Home,23:30,6,15,Normal,0,0,31.1,52.5,32.1,14,0,0,0,Medium
KASC_2025_M11,League,Al-Ittihad,Al-Raed,3,Normal,44750,42413,Inma Stadium (ملعب الإنماء),4,East,Home,23:35,6,15,Normal,0,0,31.1,52.5,32.1,13,0,0,0,Medium
KASC_2025_M11,League,Al-Ittihad,Al-Raed,3,Normal,44750,42413,Inma Stadium (ملعب الإنماء),4,East,Home,23:40,6,15,Normal,0,0,31.1,52.5,32.1,8,0,0,0,Medium
KASC_2025_M11,League,Al-Ittihad,Al-Raed,3,Normal,44750,42413,Inma Stadium (ملعب الإنماء),4,East,Home,23:45,6,15,Normal,0,0,31.1,52.5,32.1,12,0,0,0,Medium
KASC_2025_M11,League,Al-Ittihad,Al-Raed,3,Normal,44750,42413,Inma Stadium (ملعب الإنماء),4,East,Home,23:50,6,15,Normal,0,0,31.1,52.5,32.1,14,0,0,0,Medium
KASC_2025_M11,League,Al-Ittihad,Al-Raed,3,Normal,44750,42413,Inma Stadium (ملعب الإنماء),4,East,Home,23:55,6,15,Normal,0,0,31.1,52.5,32.1,11,0,0,0,Medium
KASC_2025_M11,League,Al-Ittihad,Al-Raed,3,Normal,44750,42413,Inma Stadium (ملعب الإنماء),5,South,Away,17:00,6,15,Normal,0,0,31.1,52.5,32.1,15,0,0,0,Medium
KASC_2025_M11,League,Al-Ittihad,Al-Raed,3,Normal,44750,42413,Inma Stadium (ملعب الإنماء),5,South,Away,17:05,6,15,Normal,0,0,31.1,52.5,32.1,8,0,0,0,Medium
KASC_2025_M11,League,Al-Ittihad,Al-Raed,3,Normal,44750,42413,Inma Stadium (ملعب الإنماء),5,South,Away,17:10,6,15,Normal,0,0,31.1,52.5,32.1,11,1,1,0,High
KASC_2025_M11,League,Al-Ittihad,Al-Raed,3,Normal,44750,42413,Inma Stadium (ملعب الإنماء),5,South,Away,17:15,6,15,Normal,0,0,31.1,52.5,32.1,13,0,0,2,Low
KASC_2025_M11,League,Al-Ittihad,Al-Raed,3,Normal,44750,42413,Inma Stadium (ملعب الإنماء),5,South,Away,17:20,6,15,Normal,0,0,31.1,52.5,32.1,11,3,2,0,High
KASC_2025_M11,League,Al-Ittihad,Al-Raed,3,Normal,44750,42413,Inma Stadium (ملعب الإنماء),5,South,Away,17:25,6,15,Normal,0,0,31.1,52.5,32.1,9,6,4,0,High
KASC_2025_M11,League,Al-Ittihad,Al-Raed,3,Normal,44750,42413,Inma Stadium (ملعب الإنماء),5,South,Away,17:30,6,15,Normal,0,0,31.1,52.5,32.1,7,1,1,0,High
KASC_2025_M11,League,Al-Ittihad,Al-Raed,3,Normal,44750,42413,Inma Stadium (ملعب الإنماء),5,South,Away,17:35,6,15,Normal,0,0,31.1,52.5,32.1,8,5,4,3,Medium
KASC_2025_M11,League,Al-Ittihad,Al-Raed,3,Normal,44750,42413,Inma Stadium (ملعب الإنماء),5,South,Away,17:40,6,15,Normal,0,0,31.1,52.5,32.1,15,10,4,0,High
KASC_2025_M11,League,Al-Ittihad,Al-Raed,3,Normal,44750,42413,Inma Stadium (ملعب الإنماء),5,South,Away,17:45,6,15,Normal,0,0,31.1,52.5,32.1,12,4,2,0,High
KASC_2025_M11,League,Al-Ittihad,Al-Raed,3,Normal,44750,42413,Inma Stadium (ملعب الإنماء),5,South,Away,17:50,6,15,Normal,0,0,31.1,52.5,32.1,11,20,11,4,High
KASC_2025_M11,League,Al-Ittihad,Al-Raed,3,Normal,44750,42413,Inma Stadium (ملعب الإنماء),5,South,Away,17:55,6,15,Normal,0,0,31.1,52.5,32.1,12,6,3,2,Medium
KASC_2025_M11,League,Al-Ittihad,Al-Raed,3,Normal,44750,42413,Inma Stadium (ملعب الإنماء),5,South,Away,18:00,6,15,Normal,0,0,31.1,52.5,32.1,12,12,6,1,High
KASC_2025_M11,League,Al-Ittihad,Al-Raed,3,Normal,44750,42413,Inma Stadium (ملعب الإنماء),5,South,Away,18:05,6,15,Normal,0,0,31.1,52.5,32.1,9,12,8,2,High
KASC_2025_M11,League,Al-Ittihad,Al-Raed,3,Normal,44750,42413,Inma Stadium (ملعب الإنماء),5,South,Away,18:10,6,15,Normal,0,0,31.1,52.5,32.1,9,19,13,2,High
KASC_2025_M11,League,Al-Ittihad,Al-Raed,3,Normal,44750,42413,Inma Stadium (ملعب الإنماء),5,South,Away,18:15,6,15,Normal,0,0,31.1,52.5,32.1,9,15,10,2,High
KASC_2025_M11,League,Al-Ittihad,Al-Raed,3,Normal,44750,42413,Inma Stadium (ملعب الإنماء),5,South,Away,18:20,6,15,Normal,0,0,31.1,52.5,32.1,11,36,20,9,High
KASC_2025_M11,League,Al-Ittihad,Al-Raed,3,Normal,44750,42413,Inma Stadium (ملعب الإنماء),5,South,Away,18:25,6,15,Normal,0,0,31.1,52.5,32.1,6,15,15,5,High
KASC_2025_M11,League,Al-Ittihad,Al-Raed,3,Normal,44750,42413,Inma Stadium (ملعب الإنماء),5,South,Away,18:30,6,15,Normal,0,0,31.1,52.5,32.1,13,36,17,7,High
KASC_2025_M11,League,Al-Ittihad,Al-Raed,3,Normal,44750,42413,Inma Stadium (ملعب الإنماء),5,South,Away,18:35,6,15,Normal,0,0,31.1,52.5,32.1,10,53,32,7,High
KASC_2025_M11,League,Al-Ittihad,Al-Raed,3,Normal,44750,42413,Inma Stadium (ملعب الإنماء),5,South,Away,18:40,6,15,Normal,0,0,31.1,52.5,32.1,13,62,29,10,High
KASC_2025_M11,League,Al-Ittihad,Al-Raed,3,Normal,44750,42413,Inma Stadium (ملعب الإنماء),5,South,Away,18:45,6,15,Normal,0,0,31.1,52.5,32.1,16,98,37,8,High
KASC_2025_M11,League,Al-Ittihad,Al-Raed,3,Normal,44750,42413,Inma Stadium (ملعب الإنماء),5,South,Away,18:50,6,15,Normal,0,0,31.1,52.5,32.1,6,39,39,13,High
KASC_2025_M11,League,Al-Ittihad,Al-Raed,3,Normal,44750,42413,Inma Stadium (ملعب الإنماء),5,South,Away,18:55,6,15,Normal,0,0,31.1,52.5,32.1,18,129,43,16,High
KASC_2025_M11,League,Al-Ittihad,Al-Raed,3,Normal,44750,42413,Inma Stadium (ملعب الإنماء),5,South,Away,19:00,6,15,Normal,0,0,31.1,52.5,32.1,11,95,52,7,High
KASC_2025_M11,League,Al-Ittihad,Al-Raed,3,Normal,44750,42413,Inma Stadium (ملعب الإنماء),5,South,Away,19:05,6,15,Normal,0,0,31.1,52.5,32.1,10,91,55,26,High
KASC_2025_M11,League,Al-Ittihad,Al-Raed,3,Normal,44750,42413,Inma Stadium (ملعب الإنماء),5,South,Away,19:10,6,15,Normal,0,0,31.1,52.5,32.1,9,76,51,17,High
KASC_2025_M11,League,Al-Ittihad,Al-Raed,3,Normal,44750,42413,Inma Stadium (ملعب الإنماء),5,South,Away,19:15,6,15,Normal,0,0,31.1,52.5,32.1,6,56,56,20,High
KASC_2025_M11,League,Al-Ittihad,Al-Raed,3,Normal,44750,42413,Inma Stadium (ملعب الإنماء),5,South,Away,19:20,6,15,Normal,0,0,31.1,52.5,32.1,16,122,46,27,Medium
KASC_2025_M11,League,Al-Ittihad,Al-Raed,3,Normal,44750,42413,Inma Stadium (ملعب الإنماء),5,South,Away,19:25,6,15,Normal,0,0,31.1,52.5,32.1,10,100,60,24,High
KASC_2025_M11,League,Al-Ittihad,Al-Raed,3,Normal,44750,42413,Inma Stadium (ملعب الإنماء),5,South,Away,19:30,6,15,Normal,0,0,31.1,52.5,32.1,8,66,50,19,High
KASC_2025_M11,League,Al-Ittihad,Al-Raed,3,Normal,44750,42413,Inma Stadium (ملعب الإنماء),5,South,Away,19:35,6,15,Normal,0,0,31.1,52.5,32.1,11,97,53,18,High
KASC_2025_M11,League,Al-Ittihad,Al-Raed,3,Normal,44750,42413,Inma Stadium (ملعب الإنماء),5,South,Away,19:40,6,15,Normal,0,0,31.1,52.5,32.1,6,54,54,25,High
KASC_2025_M11,League,Al-Ittihad,Al-Raed,3,Normal,44750,42413,Inma Stadium (ملعب الإنماء),5,South,Away,19:45,6,15,Normal,0,0,31.1,52.5,32.1,14,107,46,25,High
KASC_2025_M11,League,Al-Ittihad,Al-Raed,3,Normal,44750,42413,Inma Stadium (ملعب الإنماء),5,South,Away,19:50,6,15,Normal,0,0,31.1,52.5,32.1,12,112,56,20,High
KASC_2025_M11,League,Al-Ittihad,Al-Raed,3,Normal,44750,42413,Inma Stadium (ملعب الإنماء),5,South,Away,19:55,6,15,Normal,0,0,31.1,52.5,32.1,12,110,55,22,High
KASC_2025_M11,League,Al-Ittihad,Al-Raed,3,Normal,44750,42413,Inma Stadium (ملعب الإنماء),5,South,Away,20:00,6,15,Normal,0,0,31.1,52.5,32.1,6,59,59,15,High
KASC_2025_M11,League,Al-Ittihad,Al-Raed,3,Normal,44750,42413,Inma Stadium (ملعب الإنماء),5,South,Away,20:05,6,15,Normal,0,0,31.1,52.5,32.1,11,66,36,25,Medium
KASC_2025_M11,League,Al-Ittihad,Al-Raed,3,Normal,44750,42413,Inma Stadium (ملعب الإنماء),5,South,Away,20:10,6,15,Normal,0,0,31.1,52.5,32.1,11,66,36,7,High
KASC_2025_M11,League,Al-Ittihad,Al-Raed,3,Normal,44750,42413,Inma Stadium (ملعب الإنماء),5,South,Away,20:15,6,15,Normal,0,0,31.1,52.5,32.1,13,69,32,11,High
KASC_2025_M11,League,Al-Ittihad,Al-Raed,3,Normal,44750,42413,Inma Stadium (ملعب الإنماء),5,South,Away,20:20,6,15,Normal,0,0,31.1,52.5,32.1,9,54,36,15,High
KASC_2025_M11,League,Al-Ittihad,Al-Raed,3,Normal,44750,42413,Inma Stadium (ملعب الإنماء),5,South,Away,20:25,6,15,Normal,0,0,31.1,52.5,32.1,11,36,20,9,High
KASC_2025_M11,League,Al-Ittihad,Al-Raed,3,Normal,44750,42413,Inma Stadium (ملعب الإنماء),5,South,Away,20:30,6,15,Normal,0,0,31.1,52.5,32.1,12,58,29,12,High
KASC_2025_M11,League,Al-Ittihad,Al-Raed,3,Normal,44750,42413,Inma Stadium (ملعب الإنماء),5,South,Away,20:35,6,15,Normal,0,0,31.1,52.5,32.1,10,30,18,2,High
KASC_2025_M11,League,Al-Ittihad,Al-Raed,3,Normal,44750,42413,Inma Stadium (ملعب الإنماء),5,South,Away,20:40,6,15,Normal,0,0,31.1,52.5,32.1,8,18,14,3,High
KASC_2025_M11,League,Al-Ittihad,Al-Raed,3,Normal,44750,42413,Inma Stadium (ملعب الإنماء),5,South,Away,20:45,6,15,Normal,0,0,31.1,52.5,32.1,14,16,7,10,Low
KASC_2025_M11,League,Al-Ittihad,Al-Raed,3,Normal,44750,42413,Inma Stadium (ملعب الإنماء),5,South,Away,20:50,6,15,Normal,0,0,31.1,52.5,32.1,9,16,11,4,High
KASC_2025_M11,League,Al-Ittihad,Al-Raed,3,Normal,44750,42413,Inma Stadium (ملعب الإنماء),5,South,Away,20:55,6,15,Normal,0,0,31.1,52.5,32.1,9,15,10,3,High
KASC_2025_M11,League,Al-Ittihad,Al-Raed,3,Normal,44750,42413,Inma Stadium (ملعب الإنماء),5,South,Away,21:00,6,15,Normal,0,0,31.1,52.5,32.1,10,16,10,1,High
KASC_2025_M11,League,Al-Ittihad,Al-Raed,3,Normal,44750,42413,Inma Stadium (ملعب الإنماء),5,South,Away,21:05,6,15,Normal,0,0,31.1,52.5,32.1,10,5,3,3,Medium
KASC_2025_M11,League,Al-Ittihad,Al-Raed,3,Normal,44750,42413,Inma Stadium (ملعب الإنماء),5,South,Away,21:10,6,15,Normal,0,0,31.1,52.5,32.1,7,1,1,0,High
KASC_2025_M11,League,Al-Ittihad,Al-Raed,3,Normal,44750,42413,Inma Stadium (ملعب الإنماء),5,South,Away,21:15,6,15,Normal,0,0,31.1,52.5,32.1,12,6,3,3,Medium
KASC_2025_M11,League,Al-Ittihad,Al-Raed,3,Normal,44750,42413,Inma Stadium (ملعب الإنماء),5,South,Away,21:20,6,15,Normal,0,0,31.1,52.5,32.1,13,4,2,3,Low
KASC_2025_M11,League,Al-Ittihad,Al-Raed,3,Normal,44750,42413,Inma Stadium (ملعب الإنماء),5,South,Away,21:25,6,15,Normal,0,0,31.1,52.5,32.1,9,4,3,1,High
KASC_2025_M11,League,Al-Ittihad,Al-Raed,3,Normal,44750,42413,Inma Stadium (ملعب الإنماء),5,South,Away,21:30,6,15,Normal,0,0,31.1,52.5,32.1,14,2,1,1,Medium
KASC_2025_M11,League,Al-Ittihad,Al-Raed,3,Normal,44750,42413,Inma Stadium (ملعب الإنماء),5,South,Away,21:35,6,15,Normal,0,0,31.1,52.5,32.1,9,1,1,0,High
KASC_2025_M11,League,Al-Ittihad,Al-Raed,3,Normal,44750,42413,Inma Stadium (ملعب الإنماء),5,South,Away,21:40,6,15,Normal,0,0,31.1,52.5,32.1,6,0,0,1,Low
KASC_2025_M11,League,Al-Ittihad,Al-Raed,3,Normal,44750,42413,Inma Stadium (ملعب الإنماء),5,South,Away,21:45,6,15,Normal,0,0,31.1,52.5,32.1,12,2,1,0,High
KASC_2025_M11,League,Al-Ittihad,Al-Raed,3,Normal,44750,42413,Inma Stadium (ملعب الإنماء),5,South,Away,21:50,6,15,Normal,0,0,31.1,52.5,32.1,11,1,1,1,Medium
KASC_2025_M11,League,Al-Ittihad,Al-Raed,3,Normal,44750,42413,Inma Stadium (ملعب الإنماء),5,South,Away,21:55,6,15,Normal,0,0,31.1,52.5,32.1,8,0,0,0,Medium
KASC_2025_M11,League,Al-Ittihad,Al-Raed,3,Normal,44750,42413,Inma Stadium (ملعب الإنماء),5,South,Away,22:00,6,15,Normal,0,0,31.1,52.5,32.1,9,1,1,0,High
KASC_2025_M11,League,Al-Ittihad,Al-Raed,3,Normal,44750,42413,Inma Stadium (ملعب الإنماء),5,South,Away,22:05,6,15,Normal,0,0,31.1,52.5,32.1,11,0,0,0,Medium
KASC_2025_M11,League,Al-Ittihad,Al-Raed,3,Normal,44750,42413,Inma Stadium (ملعب الإنماء),5,South,Away,22:10,6,15,Normal,0,0,31.1,52.5,32.1,9,0,0,0,Medium
KASC_2025_M11,League,Al-Ittihad,Al-Raed,3,Normal,44750,42413,Inma Stadium (ملعب الإنماء),5,South,Away,22:15,6,15,Normal,0,0,31.1,52.5,32.1,10,0,0,0,Medium
KASC_2025_M11,League,Al-Ittihad,Al-Raed,3,Normal,44750,42413,Inma Stadium (ملعب الإنماء),5,South,Away,22:20,6,15,Normal,0,0,31.1,52.5,32.1,8,0,0,0,Medium
KASC_2025_M11,League,Al-Ittihad,Al-Raed,3,Normal,44750,42413,Inma Stadium (ملعب الإنماء),5,South,Away,22:25,6,15,Normal,0,0,31.1,52.5,32.1,14,0,0,0,Medium
KASC_2025_M11,League,Al-Ittihad,Al-Raed,3,Normal,44750,42413,Inma Stadium (ملعب الإنماء),5,South,Away,22:30,6,15,Normal,0,0,31.1,52.5,32.1,12,2,1,0,High
KASC_2025_M11,League,Al-Ittihad,Al-Raed,3,Normal,44750,42413,Inma Stadium (ملعب الإنماء),5,South,Away,22:35,6,15,Normal,0,0,31.1,52.5,32.1,7,0,0,0,Medium
KASC_2025_M11,League,Al-Ittihad,Al-Raed,3,Normal,44750,42413,Inma Stadium (ملعب الإنماء),5,South,Away,22:40,6,15,Normal,0,0,31.1,52.5,32.1,16,0,0,0,Medium
KASC_2025_M11,League,Al-Ittihad,Al-Raed,3,Normal,44750,42413,Inma Stadium (ملعب الإنماء),5,South,Away,22:45,6,15,Normal,0,0,31.1,52.5,32.1,6,0,0,0,Medium
KASC_2025_M11,League,Al-Ittihad,Al-Raed,3,Normal,44750,42413,Inma Stadium (ملعب الإنماء),5,South,Away,22:50,6,15,Normal,0,0,31.1,52.5,32.1,9,0,0,0,Medium
KASC_2025_M11,League,Al-Ittihad,Al-Raed,3,Normal,44750,42413,Inma Stadium (ملعب الإنماء),5,South,Away,22:55,6,15,Normal,0,0,31.1,52.5,32.1,11,0,0,0,Medium
KASC_2025_M11,League,Al-Ittihad,Al-Raed,3,Normal,44750,42413,Inma Stadium (ملعب الإنماء),5,South,Away,23:00,6,15,Normal,0,0,31.1,52.5,32.1,13,0,0,0,Medium
KASC_2025_M11,League,Al-Ittihad,Al-Raed,3,Normal,44750,42413,Inma Stadium (ملعب الإنماء),5,South,Away,23:05,6,15,Normal,0,0,31.1,52.5,32.1,10,0,0,0,Medium
KASC_2025_M11,League,Al-Ittihad,Al-Raed,3,Normal,44750,42413,Inma Stadium (ملعب الإنماء),5,South,Away,23:10,6,15,Normal,0,0,31.1,52.5,32.1,13,0,0,0,Medium
KASC_2025_M11,League,Al-Ittihad,Al-Raed,3,Normal,44750,42413,Inma Stadium (ملعب الإنماء),5,South,Away,23:15,6,15,Normal,0,0,31.1,52.5,32.1,12,0,0,0,Medium
KASC_2025_M11,League,Al-Ittihad,Al-Raed,3,Normal,44750,42413,Inma Stadium (ملعب الإنماء),5,South,Away,23:20,6,15,Normal,0,0,31.1,52.5,32.1,19,0,0,0,Medium
KASC_2025_M11,League,Al-Ittihad,Al-Raed,3,Normal,44750,42413,Inma Stadium (ملعب الإنماء),5,South,Away,23:25,6,15,Normal,0,0,31.1,52.5,32.1,11,0,0,0,Medium
KASC_2025_M11,League,Al-Ittihad,Al-Raed,3,Normal,44750,42413,Inma Stadium (ملعب الإنماء),5,South,Away,23:30,6,15,Normal,0,0,31.1,52.5,32.1,11,0,0,0,Medium
KASC_2025_M11,League,Al-Ittihad,Al-Raed,3,Normal,44750,42413,Inma Stadium (ملعب الإنماء),5,South,Away,23:35,6,15,Normal,0,0,31.1,52.5,32.1,9,0,0,0,Medium
KASC_2025_M11,League,Al-Ittihad,Al-Raed,3,Normal,44750,42413,Inma Stadium (ملعب الإنماء),5,South,Away,23:40,6,15,Normal,0,0,31.1,52.5,32.1,19,0,0,0,Medium
KASC_2025_M11,League,Al-Ittihad,Al-Raed,3,Normal,44750,42413,Inma Stadium (ملعب الإنماء),5,South,Away,23:45,6,15,Normal,0,0,31.1,52.5,32.1,12,0,0,0,Medium
KASC_2025_M11,League,Al-Ittihad,Al-Raed,3,Normal,44750,42413,Inma Stadium (ملعب الإنماء),5,South,Away,23:50,6,15,Normal,0,0,31.1,52.5,32.1,9,0,0,0,Medium
KASC_2025_M11,League,Al-Ittihad,Al-Raed,3,Normal,44750,42413,Inma Stadium (ملعب الإنماء),5,South,Away,23:55,6,15,Normal,0,0,31.1,52.5,32.1,7,0,0,0,Medium
KASC_2025_M11,League,Al-Ittihad,Al-Raed,3,Normal,44750,42413,Inma Stadium (ملعب الإنماء),6,West,VIP,17:00,3,19,Normal,0,0,31.1,52.5,32.1,20,0,0,0,Medium
KASC_2025_M11,League,Al-Ittihad,Al-Raed,3,Normal,44750,42413,Inma Stadium (ملعب الإنماء),6,West,VIP,17:05,3,19,Normal,0,0,31.1,52.5,32.1,13,0,0,0,Medium
KASC_2025_M11,League,Al-Ittihad,Al-Raed,3,Normal,44750,42413,Inma Stadium (ملعب الإنماء),6,West,VIP,17:10,3,19,Normal,0,0,31.1,52.5,32.1,16,0,0,1,Low
KASC_2025_M11,League,Al-Ittihad,Al-Raed,3,Normal,44750,42413,Inma Stadium (ملعب الإنماء),6,West,VIP,17:15,3,19,Normal,0,0,31.1,52.5,32.1,16,0,0,0,Medium
KASC_2025_M11,League,Al-Ittihad,Al-Raed,3,Normal,44750,42413,Inma Stadium (ملعب الإنماء),6,West,VIP,17:20,3,19,Normal,0,0,31.1,52.5,32.1,13,0,0,0,Medium
KASC_2025_M11,League,Al-Ittihad,Al-Raed,3,Normal,44750,42413,Inma Stadium (ملعب الإنماء),6,West,VIP,17:25,3,19,Normal,0,0,31.1,52.5,32.1,15,0,0,0,Medium
KASC_2025_M11,League,Al-Ittihad,Al-Raed,3,Normal,44750,42413,Inma Stadium (ملعب الإنماء),6,West,VIP,17:30,3,19,Normal,0,0,31.1,52.5,32.1,9,0,0,0,Medium
KASC_2025_M11,League,Al-Ittihad,Al-Raed,3,Normal,44750,42413,Inma Stadium (ملعب الإنماء),6,West,VIP,17:35,3,19,Normal,0,0,31.1,52.5,32.1,7,0,0,0,Medium
KASC_2025_M11,League,Al-Ittihad,Al-Raed,3,Normal,44750,42413,Inma Stadium (ملعب الإنماء),6,West,VIP,17:40,3,19,Normal,0,0,31.1,52.5,32.1,8,0,0,1,Low
KASC_2025_M11,League,Al-Ittihad,Al-Raed,3,Normal,44750,42413,Inma Stadium (ملعب الإنماء),6,West,VIP,17:45,3,19,Normal,0,0,31.1,52.5,32.1,7,0,0,1,Low
KASC_2025_M11,League,Al-Ittihad,Al-Raed,3,Normal,44750,42413,Inma Stadium (ملعب الإنماء),6,West,VIP,17:50,3,19,Normal,0,0,31.1,52.5,32.1,14,0,0,0,Medium
KASC_2025_M11,League,Al-Ittihad,Al-Raed,3,Normal,44750,42413,Inma Stadium (ملعب الإنماء),6,West,VIP,17:55,3,19,Normal,0,0,31.1,52.5,32.1,10,0,0,0,Medium
KASC_2025_M11,League,Al-Ittihad,Al-Raed,3,Normal,44750,42413,Inma Stadium (ملعب الإنماء),6,West,VIP,18:00,3,19,Normal,0,0,31.1,52.5,32.1,14,4,1,1,Medium
KASC_2025_M11,League,Al-Ittihad,Al-Raed,3,Normal,44750,42413,Inma Stadium (ملعب الإنماء),6,West,VIP,18:05,3,19,Normal,0,0,31.1,52.5,32.1,6,4,2,1,High
KASC_2025_M11,League,Al-Ittihad,Al-Raed,3,Normal,44750,42413,Inma Stadium (ملعب الإنماء),6,West,VIP,18:10,3,19,Normal,0,0,31.1,52.5,32.1,13,8,2,0,High
KASC_2025_M11,League,Al-Ittihad,Al-Raed,3,Normal,44750,42413,Inma Stadium (ملعب الإنماء),6,West,VIP,18:15,3,19,Normal,0,0,31.1,52.5,32.1,6,6,3,1,High
KASC_2025_M11,League,Al-Ittihad,Al-Raed,3,Normal,44750,42413,Inma Stadium (ملعب الإنماء),6,West,VIP,18:20,3,19,Normal,0,0,31.1,52.5,32.1,12,16,4,1,High
KASC_2025_M11,League,Al-Ittihad,Al-Raed,3,Normal,44750,42413,Inma Stadium (ملعب الإنماء),6,West,VIP,18:25,3,19,Normal,0,0,31.1,52.5,32.1,10,16,5,3,High
KASC_2025_M11,League,Al-Ittihad,Al-Raed,3,Normal,44750,42413,Inma Stadium (ملعب الإنماء),6,West,VIP,18:30,3,19,Normal,0,0,31.1,52.5,32.1,12,16,4,0,High
KASC_2025_M11,League,Al-Ittihad,Al-Raed,3,Normal,44750,42413,Inma Stadium (ملعب الإنماء),6,West,VIP,18:35,3,19,Normal,0,0,31.1,52.5,32.1,13,26,6,5,High
KASC_2025_M11,League,Al-Ittihad,Al-Raed,3,Normal,44750,42413,Inma Stadium (ملعب الإنماء),6,West,VIP,18:40,3,19,Normal,0,0,31.1,52.5,32.1,14,23,5,4,High
KASC_2025_M11,League,Al-Ittihad,Al-Raed,3,Normal,44750,42413,Inma Stadium (ملعب الإنماء),6,West,VIP,18:45,3,19,Normal,0,0,31.1,52.5,32.1,7,9,4,4,Medium
KASC_2025_M11,League,Al-Ittihad,Al-Raed,3,Normal,44750,42413,Inma Stadium (ملعب الإنماء),6,West,VIP,18:50,3,19,Normal,0,0,31.1,52.5,32.1,11,18,5,3,High
KASC_2025_M11,League,Al-Ittihad,Al-Raed,3,Normal,44750,42413,Inma Stadium (ملعب الإنماء),6,West,VIP,18:55,3,19,Normal,0,0,31.1,52.5,32.1,10,26,8,3,High
KASC_2025_M11,League,Al-Ittihad,Al-Raed,3,Normal,44750,42413,Inma Stadium (ملعب الإنماء),6,West,VIP,19:00,3,19,Normal,0,0,31.1,52.5,32.1,13,21,5,7,Medium
KASC_2025_M11,League,Al-Ittihad,Al-Raed,3,Normal,44750,42413,Inma Stadium (ملعب الإنماء),6,West,VIP,19:05,3,19,Normal,0,0,31.1,52.5,32.1,17,56,10,6,High
KASC_2025_M11,League,Al-Ittihad,Al-Raed,3,Normal,44750,42413,Inma Stadium (ملعب الإنماء),6,West,VIP,19:10,3,19,Normal,0,0,31.1,52.5,32.1,10,36,11,12,Medium
KASC_2025_M11,League,Al-Ittihad,Al-Raed,3,Normal,44750,42413,Inma Stadium (ملعب الإنماء),6,West,VIP,19:15,3,19,Normal,0,0,31.1,52.5,32.1,11,55,15,6,High
KASC_2025_M11,League,Al-Ittihad,Al-Raed,3,Normal,44750,42413,Inma Stadium (ملعب الإنماء),6,West,VIP,19:20,3,19,Normal,0,0,31.1,52.5,32.1,12,48,12,10,High
KASC_2025_M11,League,Al-Ittihad,Al-Raed,3,Normal,44750,42413,Inma Stadium (ملعب الإنماء),6,West,VIP,19:25,3,19,Normal,0,0,31.1,52.5,32.1,15,50,10,4,High
KASC_2025_M11,League,Al-Ittihad,Al-Raed,3,Normal,44750,42413,Inma Stadium (ملعب الإنماء),6,West,VIP,19:30,3,19,Normal,0,0,31.1,52.5,32.1,11,29,8,5,High
KASC_2025_M11,League,Al-Ittihad,Al-Raed,3,Normal,44750,42413,Inma Stadium (ملعب الإنماء),6,West,VIP,19:35,3,19,Normal,0,0,31.1,52.5,32.1,8,40,15,8,High
KASC_2025_M11,League,Al-Ittihad,Al-Raed,3,Normal,44750,42413,Inma Stadium (ملعب الإنماء),6,West,VIP,19:40,3,19,Normal,0,0,31.1,52.5,32.1,10,33,10,7,High
KASC_2025_M11,League,Al-Ittihad,Al-Raed,3,Normal,44750,42413,Inma Stadium (ملعب الإنماء),6,West,VIP,19:45,3,19,Normal,0,0,31.1,52.5,32.1,14,56,12,12,Medium
KASC_2025_M11,League,Al-Ittihad,Al-Raed,3,Normal,44750,42413,Inma Stadium (ملعب الإنماء),6,West,VIP,19:50,3,19,Normal,0,0,31.1,52.5,32.1,10,26,8,12,Medium
KASC_2025_M11,League,Al-Ittihad,Al-Raed,3,Normal,44750,42413,Inma Stadium (ملعب الإنماء),6,West,VIP,19:55,3,19,Normal,0,0,31.1,52.5,32.1,8,24,9,4,High
KASC_2025_M11,League,Al-Ittihad,Al-Raed,3,Normal,44750,42413,Inma Stadium (ملعب الإنماء),6,West,VIP,20:00,3,19,Normal,0,0,31.1,52.5,32.1,13,43,10,9,High
KASC_2025_M11,League,Al-Ittihad,Al-Raed,3,Normal,44750,42413,Inma Stadium (ملعب الإنماء),6,West,VIP,20:05,3,19,Normal,0,0,31.1,52.5,32.1,11,29,8,3,High
KASC_2025_M11,League,Al-Ittihad,Al-Raed,3,Normal,44750,42413,Inma Stadium (ملعب الإنماء),6,West,VIP,20:10,3,19,Normal,0,0,31.1,52.5,32.1,17,28,5,4,High
KASC_2025_M11,League,Al-Ittihad,Al-Raed,3,Normal,44750,42413,Inma Stadium (ملعب الإنماء),6,West,VIP,20:15,3,19,Normal,0,0,31.1,52.5,32.1,15,35,7,4,High
KASC_2025_M11,League,Al-Ittihad,Al-Raed,3,Normal,44750,42413,Inma Stadium (ملعب الإنماء),6,West,VIP,20:20,3,19,Normal,0,0,31.1,52.5,32.1,11,29,8,3,High
KASC_2025_M11,League,Al-Ittihad,Al-Raed,3,Normal,44750,42413,Inma Stadium (ملعب الإنماء),6,West,VIP,20:25,3,19,Normal,0,0,31.1,52.5,32.1,13,26,6,3,High
KASC_2025_M11,League,Al-Ittihad,Al-Raed,3,Normal,44750,42413,Inma Stadium (ملعب الإنماء),6,West,VIP,20:30,3,19,Normal,0,0,31.1,52.5,32.1,12,12,3,5,Medium
KASC_2025_M11,League,Al-Ittihad,Al-Raed,3,Normal,44750,42413,Inma Stadium (ملعب الإنماء),6,West,VIP,20:35,3,19,Normal,0,0,31.1,52.5,32.1,14,18,4,0,High
KASC_2025_M11,League,Al-Ittihad,Al-Raed,3,Normal,44750,42413,Inma Stadium (ملعب الإنماء),6,West,VIP,20:40,3,19,Normal,0,0,31.1,52.5,32.1,12,8,2,0,High
KASC_2025_M11,League,Al-Ittihad,Al-Raed,3,Normal,44750,42413,Inma Stadium (ملعب الإنماء),6,West,VIP,20:45,3,19,Normal,0,0,31.1,52.5,32.1,15,15,3,0,High
KASC_2025_M11,League,Al-Ittihad,Al-Raed,3,Normal,44750,42413,Inma Stadium (ملعب الإنماء),6,West,VIP,20:50,3,19,Normal,0,0,31.1,52.5,32.1,13,8,2,1,High
KASC_2025_M11,League,Al-Ittihad,Al-Raed,3,Normal,44750,42413,Inma Stadium (ملعب الإنماء),6,West,VIP,20:55,3,19,Normal,0,0,31.1,52.5,32.1,10,3,1,2,Medium
KASC_2025_M11,League,Al-Ittihad,Al-Raed,3,Normal,44750,42413,Inma Stadium (ملعب الإنماء),6,West,VIP,21:00,3,19,Normal,0,0,31.1,52.5,32.1,9,0,0,0,Medium
KASC_2025_M11,League,Al-Ittihad,Al-Raed,3,Normal,44750,42413,Inma Stadium (ملعب الإنماء),6,West,VIP,21:05,3,19,Normal,0,0,31.1,52.5,32.1,10,0,0,0,Medium
KASC_2025_M11,League,Al-Ittihad,Al-Raed,3,Normal,44750,42413,Inma Stadium (ملعب الإنماء),6,West,VIP,21:10,3,19,Normal,0,0,31.1,52.5,32.1,11,0,0,1,Low
KASC_2025_M11,League,Al-Ittihad,Al-Raed,3,Normal,44750,42413,Inma Stadium (ملعب الإنماء),6,West,VIP,21:15,3,19,Normal,0,0,31.1,52.5,32.1,13,4,1,0,High
KASC_2025_M11,League,Al-Ittihad,Al-Raed,3,Normal,44750,42413,Inma Stadium (ملعب الإنماء),6,West,VIP,21:20,3,19,Normal,0,0,31.1,52.5,32.1,12,0,0,0,Medium
KASC_2025_M11,League,Al-Ittihad,Al-Raed,3,Normal,44750,42413,Inma Stadium (ملعب الإنماء),6,West,VIP,21:25,3,19,Normal,0,0,31.1,52.5,32.1,9,0,0,1,Low
KASC_2025_M11,League,Al-Ittihad,Al-Raed,3,Normal,44750,42413,Inma Stadium (ملعب الإنماء),6,West,VIP,21:30,3,19,Normal,0,0,31.1,52.5,32.1,14,0,0,0,Medium
KASC_2025_M11,League,Al-Ittihad,Al-Raed,3,Normal,44750,42413,Inma Stadium (ملعب الإنماء),6,West,VIP,21:35,3,19,Normal,0,0,31.1,52.5,32.1,11,0,0,0,Medium
KASC_2025_M11,League,Al-Ittihad,Al-Raed,3,Normal,44750,42413,Inma Stadium (ملعب الإنماء),6,West,VIP,21:40,3,19,Normal,0,0,31.1,52.5,32.1,9,0,0,0,Medium
KASC_2025_M11,League,Al-Ittihad,Al-Raed,3,Normal,44750,42413,Inma Stadium (ملعب الإنماء),6,West,VIP,21:45,3,19,Normal,0,0,31.1,52.5,32.1,15,0,0,0,Medium
KASC_2025_M11,League,Al-Ittihad,Al-Raed,3,Normal,44750,42413,Inma Stadium (ملعب الإنماء),6,West,VIP,21:50,3,19,Normal,0,0,31.1,52.5,32.1,17,0,0,0,Medium
KASC_2025_M11,League,Al-Ittihad,Al-Raed,3,Normal,44750,42413,Inma Stadium (ملعب الإنماء),6,West,VIP,21:55,3,19,Normal,0,0,31.1,52.5,32.1,12,0,0,0,Medium
KASC_2025_M11,League,Al-Ittihad,Al-Raed,3,Normal,44750,42413,Inma Stadium (ملعب الإنماء),6,West,VIP,22:00,3,19,Normal,0,0,31.1,52.5,32.1,12,0,0,0,Medium
KASC_2025_M11,League,Al-Ittihad,Al-Raed,3,Normal,44750,42413,Inma Stadium (ملعب الإنماء),6,West,VIP,22:05,3,19,Normal,0,0,31.1,52.5,32.1,12,0,0,0,Medium
KASC_2025_M11,League,Al-Ittihad,Al-Raed,3,Normal,44750,42413,Inma Stadium (ملعب الإنماء),6,West,VIP,22:10,3,19,Normal,0,0,31.1,52.5,32.1,17,0,0,0,Medium
KASC_2025_M11,League,Al-Ittihad,Al-Raed,3,Normal,44750,42413,Inma Stadium (ملعب الإنماء),6,West,VIP,22:15,3,19,Normal,0,0,31.1,52.5,32.1,7,0,0,0,Medium
KASC_2025_M11,League,Al-Ittihad,Al-Raed,3,Normal,44750,42413,Inma Stadium (ملعب الإنماء),6,West,VIP,22:20,3,19,Normal,0,0,31.1,52.5,32.1,8,0,0,0,Medium
KASC_2025_M11,League,Al-Ittihad,Al-Raed,3,Normal,44750,42413,Inma Stadium (ملعب الإنماء),6,West,VIP,22:25,3,19,Normal,0,0,31.1,52.5,32.1,11,0,0,0,Medium
KASC_2025_M11,League,Al-Ittihad,Al-Raed,3,Normal,44750,42413,Inma Stadium (ملعب الإنماء),6,West,VIP,22:30,3,19,Normal,0,0,31.1,52.5,32.1,12,0,0,0,Medium
KASC_2025_M11,League,Al-Ittihad,Al-Raed,3,Normal,44750,42413,Inma Stadium (ملعب الإنماء),6,West,VIP,22:35,3,19,Normal,0,0,31.1,52.5,32.1,9,0,0,0,Medium
KASC_2025_M11,League,Al-Ittihad,Al-Raed,3,Normal,44750,42413,Inma Stadium (ملعب الإنماء),6,West,VIP,22:40,3,19,Normal,0,0,31.1,52.5,32.1,11,0,0,0,Medium
KASC_2025_M11,League,Al-Ittihad,Al-Raed,3,Normal,44750,42413,Inma Stadium (ملعب الإنماء),6,West,VIP,22:45,3,19,Normal,0,0,31.1,52.5,32.1,9,0,0,0,Medium
KASC_2025_M11,League,Al-Ittihad,Al-Raed,3,Normal,44750,42413,Inma Stadium (ملعب الإنماء),6,West,VIP,22:50,3,19,Normal,0,0,31.1,52.5,32.1,8,0,0,0,Medium
KASC_2025_M11,League,Al-Ittihad,Al-Raed,3,Normal,44750,42413,Inma Stadium (ملعب الإنماء),6,West,VIP,22:55,3,19,Normal,0,0,31.1,52.5,32.1,15,0,0,0,Medium
KASC_2025_M11,League,Al-Ittihad,Al-Raed,3,Normal,44750,42413,Inma Stadium (ملعب الإنماء),6,West,VIP,23:00,3,19,Normal,0,0,31.1,52.5,32.1,11,0,0,0,Medium
KASC_2025_M11,League,Al-Ittihad,Al-Raed,3,Normal,44750,42413,Inma Stadium (ملعب الإنماء),6,West,VIP,23:05,3,19,Normal,0,0,31.1,52.5,32.1,14,0,0,0,Medium
KASC_2025_M11,League,Al-Ittihad,Al-Raed,3,Normal,44750,42413,Inma Stadium (ملعب الإنماء),6,West,VIP,23:10,3,19,Normal,0,0,31.1,52.5,32.1,16,0,0,0,Medium
KASC_2025_M11,League,Al-Ittihad,Al-Raed,3,Normal,44750,42413,Inma Stadium (ملعب الإنماء),6,West,VIP,23:15,3,19,Normal,0,0,31.1,52.5,32.1,12,0,0,0,Medium
KASC_2025_M11,League,Al-Ittihad,Al-Raed,3,Normal,44750,42413,Inma Stadium (ملعب الإنماء),6,West,VIP,23:20,3,19,Normal,0,0,31.1,52.5,32.1,11,0,0,0,Medium
KASC_2025_M11,League,Al-Ittihad,Al-Raed,3,Normal,44750,42413,Inma Stadium (ملعب الإنماء),6,West,VIP,23:25,3,19,Normal,0,0,31.1,52.5,32.1,7,0,0,0,Medium
KASC_2025_M11,League,Al-Ittihad,Al-Raed,3,Normal,44750,42413,Inma Stadium (ملعب الإنماء),6,West,VIP,23:30,3,19,Normal,0,0,31.1,52.5,32.1,13,0,0,0,Medium
KASC_2025_M11,League,Al-Ittihad,Al-Raed,3,Normal,44750,42413,Inma Stadium (ملعب الإنماء),6,West,VIP,23:35,3,19,Normal,0,0,31.1,52.5,32.1,9,0,0,0,Medium
KASC_2025_M11,League,Al-Ittihad,Al-Raed,3,Normal,44750,42413,Inma Stadium (ملعب الإنماء),6,West,VIP,23:40,3,19,Normal,0,0,31.1,52.5,32.1,12,0,0,0,Medium
KASC_2025_M11,League,Al-Ittihad,Al-Raed,3,Normal,44750,42413,Inma Stadium (ملعب الإنماء),6,West,VIP,23:45,3,19,Normal,0,0,31.1,52.5,32.1,13,0,0,0,Medium
KASC_2025_M11,League,Al-Ittihad,Al-Raed,3,Normal,44750,42413,Inma Stadium (ملعب الإنماء),6,West,VIP,23:50,3,19,Normal,0,0,31.1,52.5,32.1,12,0,0,0,Medium
KASC_2025_M11,League,Al-Ittihad,Al-Raed,3,Normal,44750,42413,Inma Stadium (ملعب الإنماء),6,West,VIP,23:55,3,19,Normal,0,0,31.1,52.5,32.1,16,0,0,0,Medium
KASC_2025_M12,Kings Cup,Al-Ahli,Abha,4,High,52044,51151,Inma Stadium (ملعب الإنماء),1,North,Home,17:00,9,25,Normal,0,0,34.4,59.9,35.6,13,10,7,0,High
KASC_2025_M12,Kings Cup,Al-Ahli,Abha,4,High,52044,51151,Inma Stadium (ملعب الإنماء),1,North,Home,17:05,9,25,Normal,0,0,34.4,59.9,35.6,9,0,0,0,Low
KASC_2025_M12,Kings Cup,Al-Ahli,Abha,4,High,52044,51151,Inma Stadium (ملعب الإنماء),1,North,Home,17:10,9,25,Normal,0,0,34.4,59.9,35.6,18,8,4,0,High
KASC_2025_M12,Kings Cup,Al-Ahli,Abha,4,High,52044,51151,Inma Stadium (ملعب الإنماء),1,North,Home,17:15,9,25,Normal,0,0,34.4,59.9,35.6,11,7,6,5,Low
KASC_2025_M12,Kings Cup,Al-Ahli,Abha,4,High,52044,51151,Inma Stadium (ملعب الإنماء),1,North,Home,17:20,9,25,Normal,0,0,34.4,59.9,35.6,11,3,3,1,Medium
KASC_2025_M12,Kings Cup,Al-Ahli,Abha,4,High,52044,51151,Inma Stadium (ملعب الإنماء),1,North,Home,17:25,9,25,Normal,0,0,34.4,59.9,35.6,9,7,7,1,High
KASC_2025_M12,Kings Cup,Al-Ahli,Abha,4,High,52044,51151,Inma Stadium (ملعب الإنماء),1,North,Home,17:30,9,25,Normal,0,0,34.4,59.9,35.6,9,12,12,3,High
KASC_2025_M12,Kings Cup,Al-Ahli,Abha,4,High,52044,51151,Inma Stadium (ملعب الإنماء),1,North,Home,17:35,9,25,Normal,0,0,34.4,59.9,35.6,14,29,19,3,High
KASC_2025_M12,Kings Cup,Al-Ahli,Abha,4,High,52044,51151,Inma Stadium (ملعب الإنماء),1,North,Home,17:40,9,25,Normal,0,0,34.4,59.9,35.6,14,24,16,4,High
KASC_2025_M12,Kings Cup,Al-Ahli,Abha,4,High,52044,51151,Inma Stadium (ملعب الإنماء),1,North,Home,17:45,9,25,Normal,0,0,34.4,59.9,35.6,9,21,21,1,High
KASC_2025_M12,Kings Cup,Al-Ahli,Abha,4,High,52044,51151,Inma Stadium (ملعب الإنماء),1,North,Home,17:50,9,25,Normal,0,0,34.4,59.9,35.6,7,18,24,2,High
KASC_2025_M12,Kings Cup,Al-Ahli,Abha,4,High,52044,51151,Inma Stadium (ملعب الإنماء),1,North,Home,17:55,9,25,Normal,0,0,34.4,59.9,35.6,11,36,30,10,High
KASC_2025_M12,Kings Cup,Al-Ahli,Abha,4,High,52044,51151,Inma Stadium (ملعب الإنماء),1,North,Home,18:00,9,25,Normal,0,0,34.4,59.9,35.6,12,45,34,10,High
KASC_2025_M12,Kings Cup,Al-Ahli,Abha,4,High,52044,51151,Inma Stadium (ملعب الإنماء),1,North,Home,18:05,9,25,Normal,0,0,34.4,59.9,35.6,15,56,34,11,High
KASC_2025_M12,Kings Cup,Al-Ahli,Abha,4,High,52044,51151,Inma Stadium (ملعب الإنماء),1,North,Home,18:10,9,25,Normal,0,0,34.4,59.9,35.6,15,51,31,18,Medium
KASC_2025_M12,Kings Cup,Al-Ahli,Abha,4,High,52044,51151,Inma Stadium (ملعب الإنماء),1,North,Home,18:15,9,25,Normal,0,0,34.4,59.9,35.6,13,92,64,16,High
KASC_2025_M12,Kings Cup,Al-Ahli,Abha,4,High,52044,51151,Inma Stadium (ملعب الإنماء),1,North,Home,18:20,9,25,Normal,0,0,34.4,59.9,35.6,12,97,73,15,High
KASC_2025_M12,Kings Cup,Al-Ahli,Abha,4,High,52044,51151,Inma Stadium (ملعب الإنماء),1,North,Home,18:25,9,25,Normal,0,0,34.4,59.9,35.6,14,102,66,19,High
KASC_2025_M12,Kings Cup,Al-Ahli,Abha,4,High,52044,51151,Inma Stadium (ملعب الإنماء),1,North,Home,18:30,9,25,Normal,0,0,34.4,59.9,35.6,8,69,78,16,High
KASC_2025_M12,Kings Cup,Al-Ahli,Abha,4,High,52044,51151,Inma Stadium (ملعب الإنماء),1,North,Home,18:35,9,25,Normal,0,0,34.4,59.9,35.6,13,99,69,19,High
KASC_2025_M12,Kings Cup,Al-Ahli,Abha,4,High,52044,51151,Inma Stadium (ملعب الإنماء),1,North,Home,18:40,9,25,Normal,0,0,34.4,59.9,35.6,10,111,100,20,High
KASC_2025_M12,Kings Cup,Al-Ahli,Abha,4,High,52044,51151,Inma Stadium (ملعب الإنماء),1,North,Home,18:45,9,25,Normal,0,0,34.4,59.9,35.6,10,100,90,24,High
KASC_2025_M12,Kings Cup,Al-Ahli,Abha,4,High,52044,51151,Inma Stadium (ملعب الإنماء),1,North,Home,18:50,9,25,Normal,0,0,34.4,59.9,35.6,13,135,94,23,High
KASC_2025_M12,Kings Cup,Al-Ahli,Abha,4,High,52044,51151,Inma Stadium (ملعب الإنماء),1,North,Home,18:55,9,25,Normal,0,0,34.4,59.9,35.6,11,144,118,28,High
KASC_2025_M12,Kings Cup,Al-Ahli,Abha,4,High,52044,51151,Inma Stadium (ملعب الإنماء),1,North,Home,19:00,9,25,Normal,0,0,34.4,59.9,35.6,11,140,115,14,High
KASC_2025_M12,Kings Cup,Al-Ahli,Abha,4,High,52044,51151,Inma Stadium (ملعب الإنماء),1,North,Home,19:05,9,25,Normal,0,0,34.4,59.9,35.6,12,188,141,36,High
KASC_2025_M12,Kings Cup,Al-Ahli,Abha,4,High,52044,51151,Inma Stadium (ملعب الإنماء),1,North,Home,19:10,9,25,Normal,0,0,34.4,59.9,35.6,11,125,103,29,High
KASC_2025_M12,Kings Cup,Al-Ahli,Abha,4,High,52044,51151,Inma Stadium (ملعب الإنماء),1,North,Home,19:15,9,25,Normal,0,0,34.4,59.9,35.6,9,99,99,39,Medium
KASC_2025_M12,Kings Cup,Al-Ahli,Abha,4,High,52044,51151,Inma Stadium (ملعب الإنماء),1,North,Home,19:20,9,25,Normal,0,0,34.4,59.9,35.6,6,94,142,26,High
KASC_2025_M12,Kings Cup,Al-Ahli,Abha,4,High,52044,51151,Inma Stadium (ملعب الإنماء),1,North,Home,19:25,9,25,Normal,0,0,34.4,59.9,35.6,10,164,148,36,High
KASC_2025_M12,Kings Cup,Al-Ahli,Abha,4,High,52044,51151,Inma Stadium (ملعب الإنماء),1,North,Home,19:30,9,25,Normal,0,0,34.4,59.9,35.6,6,98,148,35,High
KASC_2025_M12,Kings Cup,Al-Ahli,Abha,4,High,52044,51151,Inma Stadium (ملعب الإنماء),1,North,Home,19:35,9,25,Normal,0,0,34.4,59.9,35.6,8,134,151,32,High
KASC_2025_M12,Kings Cup,Al-Ahli,Abha,4,High,52044,51151,Inma Stadium (ملعب الإنماء),1,North,Home,19:40,9,25,Normal,0,0,34.4,59.9,35.6,6,100,151,32,High
KASC_2025_M12,Kings Cup,Al-Ahli,Abha,4,High,52044,51151,Inma Stadium (ملعب الإنماء),1,North,Home,19:45,9,25,Normal,0,0,34.4,59.9,35.6,9,109,109,38,High
KASC_2025_M12,Kings Cup,Al-Ahli,Abha,4,High,52044,51151,Inma Stadium (ملعب الإنماء),1,North,Home,19:50,9,25,Normal,0,0,34.4,59.9,35.6,16,224,126,24,High
KASC_2025_M12,Kings Cup,Al-Ahli,Abha,4,High,52044,51151,Inma Stadium (ملعب الإنماء),1,North,Home,19:55,9,25,Normal,0,0,34.4,59.9,35.6,12,156,117,26,High
KASC_2025_M12,Kings Cup,Al-Ahli,Abha,4,High,52044,51151,Inma Stadium (ملعب الإنماء),1,North,Home,20:00,9,25,Normal,0,0,34.4,59.9,35.6,10,123,111,29,High
KASC_2025_M12,Kings Cup,Al-Ahli,Abha,4,High,52044,51151,Inma Stadium (ملعب الإنماء),1,North,Home,20:05,9,25,Normal,0,0,34.4,59.9,35.6,14,112,72,24,High
KASC_2025_M12,Kings Cup,Al-Ahli,Abha,4,High,52044,51151,Inma Stadium (ملعب الإنماء),1,North,Home,20:10,9,25,Normal,0,0,34.4,59.9,35.6,12,112,84,21,High
KASC_2025_M12,Kings Cup,Al-Ahli,Abha,4,High,52044,51151,Inma Stadium (ملعب الإنماء),1,North,Home,20:15,9,25,Normal,0,0,34.4,59.9,35.6,11,106,87,31,High
KASC_2025_M12,Kings Cup,Al-Ahli,Abha,4,High,52044,51151,Inma Stadium (ملعب الإنماء),1,North,Home,20:20,9,25,Normal,0,0,34.4,59.9,35.6,13,144,100,21,High
KASC_2025_M12,Kings Cup,Al-Ahli,Abha,4,High,52044,51151,Inma Stadium (ملعب الإنماء),1,North,Home,20:25,9,25,Normal,0,0,34.4,59.9,35.6,10,71,64,18,High
KASC_2025_M12,Kings Cup,Al-Ahli,Abha,4,High,52044,51151,Inma Stadium (ملعب الإنماء),1,North,Home,20:30,9,25,Normal,0,0,34.4,59.9,35.6,15,146,88,10,High
KASC_2025_M12,Kings Cup,Al-Ahli,Abha,4,High,52044,51151,Inma Stadium (ملعب الإنماء),1,North,Home,20:35,9,25,Normal,0,0,34.4,59.9,35.6,11,78,64,15,High
KASC_2025_M12,Kings Cup,Al-Ahli,Abha,4,High,52044,51151,Inma Stadium (ملعب الإنماء),1,North,Home,20:40,9,25,Normal,0,0,34.4,59.9,35.6,11,70,58,14,High
KASC_2025_M12,Kings Cup,Al-Ahli,Abha,4,High,52044,51151,Inma Stadium (ملعب الإنماء),1,North,Home,20:45,9,25,Normal,0,0,34.4,59.9,35.6,8,51,58,21,High
KASC_2025_M12,Kings Cup,Al-Ahli,Abha,4,High,52044,51151,Inma Stadium (ملعب الإنماء),1,North,Home,20:50,9,25,Normal,0,0,34.4,59.9,35.6,11,45,37,12,High
KASC_2025_M12,Kings Cup,Al-Ahli,Abha,4,High,52044,51151,Inma Stadium (ملعب الإنماء),1,North,Home,20:55,9,25,Normal,0,0,34.4,59.9,35.6,11,36,30,9,High
KASC_2025_M12,Kings Cup,Al-Ahli,Abha,4,High,52044,51151,Inma Stadium (ملعب الإنماء),1,North,Home,21:00,9,25,Normal,0,0,34.4,59.9,35.6,15,45,27,10,High
KASC_2025_M12,Kings Cup,Al-Ahli,Abha,4,High,52044,51151,Inma Stadium (ملعب الإنماء),1,North,Home,21:05,9,25,Normal,0,0,34.4,59.9,35.6,11,34,28,10,High
KASC_2025_M12,Kings Cup,Al-Ahli,Abha,4,High,52044,51151,Inma Stadium (ملعب الإنماء),1,North,Home,21:10,9,25,Normal,0,0,34.4,59.9,35.6,7,18,24,8,High
KASC_2025_M12,Kings Cup,Al-Ahli,Abha,4,High,52044,51151,Inma Stadium (ملعب الإنماء),1,North,Home,21:15,9,25,Normal,0,0,34.4,59.9,35.6,14,29,19,5,High
KASC_2025_M12,Kings Cup,Al-Ahli,Abha,4,High,52044,51151,Inma Stadium (ملعب الإنماء),1,North,Home,21:20,9,25,Normal,0,0,34.4,59.9,35.6,12,25,19,5,High
KASC_2025_M12,Kings Cup,Al-Ahli,Abha,4,High,52044,51151,Inma Stadium (ملعب الإنماء),1,North,Home,21:25,9,25,Normal,0,0,34.4,59.9,35.6,10,17,16,4,High
KASC_2025_M12,Kings Cup,Al-Ahli,Abha,4,High,52044,51151,Inma Stadium (ملعب الإنماء),1,North,Home,21:30,9,25,Normal,0,0,34.4,59.9,35.6,13,13,9,2,High
KASC_2025_M12,Kings Cup,Al-Ahli,Abha,4,High,52044,51151,Inma Stadium (ملعب الإنماء),1,North,Home,21:35,9,25,Normal,0,0,34.4,59.9,35.6,14,14,9,1,High
KASC_2025_M12,Kings Cup,Al-Ahli,Abha,4,High,52044,51151,Inma Stadium (ملعب الإنماء),1,North,Home,21:40,9,25,Normal,0,0,34.4,59.9,35.6,11,15,13,1,High
KASC_2025_M12,Kings Cup,Al-Ahli,Abha,4,High,52044,51151,Inma Stadium (ملعب الإنماء),1,North,Home,21:45,9,25,Normal,0,0,34.4,59.9,35.6,12,16,12,0,High
KASC_2025_M12,Kings Cup,Al-Ahli,Abha,4,High,52044,51151,Inma Stadium (ملعب الإنماء),1,North,Home,21:50,9,25,Normal,0,0,34.4,59.9,35.6,9,7,7,2,High
KASC_2025_M12,Kings Cup,Al-Ahli,Abha,4,High,52044,51151,Inma Stadium (ملعب الإنماء),1,North,Home,21:55,9,25,Normal,0,0,34.4,59.9,35.6,10,1,1,2,Low
KASC_2025_M12,Kings Cup,Al-Ahli,Abha,4,High,52044,51151,Inma Stadium (ملعب الإنماء),1,North,Home,22:00,9,25,Normal,0,0,34.4,59.9,35.6,6,0,1,3,Low
KASC_2025_M12,Kings Cup,Al-Ahli,Abha,4,High,52044,51151,Inma Stadium (ملعب الإنماء),1,North,Home,22:05,9,25,Normal,0,0,34.4,59.9,35.6,15,0,0,2,Low
KASC_2025_M12,Kings Cup,Al-Ahli,Abha,4,High,52044,51151,Inma Stadium (ملعب الإنماء),1,North,Home,22:10,9,25,Normal,0,0,34.4,59.9,35.6,8,0,0,2,Low
KASC_2025_M12,Kings Cup,Al-Ahli,Abha,4,High,52044,51151,Inma Stadium (ملعب الإنماء),1,North,Home,22:15,9,25,Normal,0,0,34.4,59.9,35.6,10,3,3,1,Medium
KASC_2025_M12,Kings Cup,Al-Ahli,Abha,4,High,52044,51151,Inma Stadium (ملعب الإنماء),1,North,Home,22:20,9,25,Normal,0,0,34.4,59.9,35.6,7,0,0,0,Low
KASC_2025_M12,Kings Cup,Al-Ahli,Abha,4,High,52044,51151,Inma Stadium (ملعب الإنماء),1,North,Home,22:25,9,25,Normal,0,0,34.4,59.9,35.6,15,0,0,0,Low
KASC_2025_M12,Kings Cup,Al-Ahli,Abha,4,High,52044,51151,Inma Stadium (ملعب الإنماء),1,North,Home,22:30,9,25,Normal,0,0,34.4,59.9,35.6,12,0,0,0,Low
KASC_2025_M12,Kings Cup,Al-Ahli,Abha,4,High,52044,51151,Inma Stadium (ملعب الإنماء),1,North,Home,22:35,9,25,Normal,0,0,34.4,59.9,35.6,12,0,0,0,Low
KASC_2025_M12,Kings Cup,Al-Ahli,Abha,4,High,52044,51151,Inma Stadium (ملعب الإنماء),1,North,Home,22:40,9,25,Normal,0,0,34.4,59.9,35.6,10,0,0,0,Low
KASC_2025_M12,Kings Cup,Al-Ahli,Abha,4,High,52044,51151,Inma Stadium (ملعب الإنماء),1,North,Home,22:45,9,25,Normal,0,0,34.4,59.9,35.6,7,0,1,0,Medium
KASC_2025_M12,Kings Cup,Al-Ahli,Abha,4,High,52044,51151,Inma Stadium (ملعب الإنماء),1,North,Home,22:50,9,25,Normal,0,0,34.4,59.9,35.6,6,0,0,0,Low
KASC_2025_M12,Kings Cup,Al-Ahli,Abha,4,High,52044,51151,Inma Stadium (ملعب الإنماء),1,North,Home,22:55,9,25,Normal,0,0,34.4,59.9,35.6,14,0,0,0,Low
KASC_2025_M12,Kings Cup,Al-Ahli,Abha,4,High,52044,51151,Inma Stadium (ملعب الإنماء),1,North,Home,23:00,9,25,Normal,0,0,34.4,59.9,35.6,15,0,0,0,Low
KASC_2025_M12,Kings Cup,Al-Ahli,Abha,4,High,52044,51151,Inma Stadium (ملعب الإنماء),1,North,Home,23:05,9,25,Normal,0,0,34.4,59.9,35.6,12,0,0,0,Low
KASC_2025_M12,Kings Cup,Al-Ahli,Abha,4,High,52044,51151,Inma Stadium (ملعب الإنماء),1,North,Home,23:10,9,25,Normal,0,0,34.4,59.9,35.6,10,0,0,0,Low
KASC_2025_M12,Kings Cup,Al-Ahli,Abha,4,High,52044,51151,Inma Stadium (ملعب الإنماء),1,North,Home,23:15,9,25,Normal,0,0,34.4,59.9,35.6,9,0,0,0,Low
KASC_2025_M12,Kings Cup,Al-Ahli,Abha,4,High,52044,51151,Inma Stadium (ملعب الإنماء),1,North,Home,23:20,9,25,Normal,0,0,34.4,59.9,35.6,10,0,0,0,Low
KASC_2025_M12,Kings Cup,Al-Ahli,Abha,4,High,52044,51151,Inma Stadium (ملعب الإنماء),1,North,Home,23:25,9,25,Normal,0,0,34.4,59.9,35.6,14,1,1,0,Medium
KASC_2025_M12,Kings Cup,Al-Ahli,Abha,4,High,52044,51151,Inma Stadium (ملعب الإنماء),1,North,Home,23:30,9,25,Normal,0,0,34.4,59.9,35.6,11,0,0,0,Low
KASC_2025_M12,Kings Cup,Al-Ahli,Abha,4,High,52044,51151,Inma Stadium (ملعب الإنماء),1,North,Home,23:35,9,25,Normal,0,0,34.4,59.9,35.6,11,0,0,0,Low
KASC_2025_M12,Kings Cup,Al-Ahli,Abha,4,High,52044,51151,Inma Stadium (ملعب الإنماء),1,North,Home,23:40,9,25,Normal,0,0,34.4,59.9,35.6,10,0,0,0,Low
KASC_2025_M12,Kings Cup,Al-Ahli,Abha,4,High,52044,51151,Inma Stadium (ملعب الإنماء),1,North,Home,23:45,9,25,Normal,0,0,34.4,59.9,35.6,9,0,0,0,Low
KASC_2025_M12,Kings Cup,Al-Ahli,Abha,4,High,52044,51151,Inma Stadium (ملعب الإنماء),1,North,Home,23:50,9,25,Normal,0,0,34.4,59.9,35.6,10,0,0,0,Low
KASC_2025_M12,Kings Cup,Al-Ahli,Abha,4,High,52044,51151,Inma Stadium (ملعب الإنماء),1,North,Home,23:55,9,25,Normal,0,0,34.4,59.9,35.6,13,0,0,0,Low
KASC_2025_M12,Kings Cup,Al-Ahli,Abha,4,High,52044,51151,Inma Stadium (ملعب الإنماء),2,North,Home,17:00,6,17,Redirecting,0,0,34.4,59.9,35.6,12,8,4,2,High
KASC_2025_M12,Kings Cup,Al-Ahli,Abha,4,High,52044,51151,Inma Stadium (ملعب الإنماء),2,North,Home,17:05,6,17,Redirecting,0,0,34.4,59.9,35.6,13,0,0,0,Medium
KASC_2025_M12,Kings Cup,Al-Ahli,Abha,4,High,52044,51151,Inma Stadium (ملعب الإنماء),2,North,Home,17:10,6,17,Redirecting,0,0,34.4,59.9,35.6,10,3,2,1,Medium
KASC_2025_M12,Kings Cup,Al-Ahli,Abha,4,High,52044,51151,Inma Stadium (ملعب الإنماء),2,North,Home,17:15,6,17,Redirecting,0,0,34.4,59.9,35.6,12,4,2,1,Medium
KASC_2025_M12,Kings Cup,Al-Ahli,Abha,4,High,52044,51151,Inma Stadium (ملعب الإنماء),2,North,Home,17:20,6,17,Redirecting,0,0,34.4,59.9,35.6,15,15,6,0,High
KASC_2025_M12,Kings Cup,Al-Ahli,Abha,4,High,52044,51151,Inma Stadium (ملعب الإنماء),2,North,Home,17:25,6,17,Redirecting,0,0,34.4,59.9,35.6,7,10,9,4,High
KASC_2025_M12,Kings Cup,Al-Ahli,Abha,4,High,52044,51151,Inma Stadium (ملعب الإنماء),2,North,Home,17:30,6,17,Redirecting,0,0,34.4,59.9,35.6,15,17,7,3,High
KASC_2025_M12,Kings Cup,Al-Ahli,Abha,4,High,52044,51151,Inma Stadium (ملعب الإنماء),2,North,Home,17:35,6,17,Redirecting,0,0,34.4,59.9,35.6,13,17,8,6,Medium
KASC_2025_M12,Kings Cup,Al-Ahli,Abha,4,High,52044,51151,Inma Stadium (ملعب الإنماء),2,North,Home,17:40,6,17,Redirecting,0,0,34.4,59.9,35.6,8,10,8,2,High
KASC_2025_M12,Kings Cup,Al-Ahli,Abha,4,High,52044,51151,Inma Stadium (ملعب الإنماء),2,North,Home,17:45,6,17,Redirecting,0,0,34.4,59.9,35.6,16,37,14,8,High
KASC_2025_M12,Kings Cup,Al-Ahli,Abha,4,High,52044,51151,Inma Stadium (ملعب الإنماء),2,North,Home,17:50,6,17,Redirecting,0,0,34.4,59.9,35.6,8,17,13,3,High
KASC_2025_M12,Kings Cup,Al-Ahli,Abha,4,High,52044,51151,Inma Stadium (ملعب الإنماء),2,North,Home,17:55,6,17,Redirecting,0,0,34.4,59.9,35.6,13,43,20,7,High
KASC_2025_M12,Kings Cup,Al-Ahli,Abha,4,High,52044,51151,Inma Stadium (ملعب الإنماء),2,North,Home,18:00,6,17,Redirecting,0,0,34.4,59.9,35.6,14,44,19,16,Medium
KASC_2025_M12,Kings Cup,Al-Ahli,Abha,4,High,52044,51151,Inma Stadium (ملعب الإنماء),2,North,Home,18:05,6,17,Redirecting,0,0,34.4,59.9,35.6,11,49,27,15,High
KASC_2025_M12,Kings Cup,Al-Ahli,Abha,4,High,52044,51151,Inma Stadium (ملعب الإنماء),2,North,Home,18:10,6,17,Redirecting,0,0,34.4,59.9,35.6,10,36,22,13,High
KASC_2025_M12,Kings Cup,Al-Ahli,Abha,4,High,52044,51151,Inma Stadium (ملعب الإنماء),2,North,Home,18:15,6,17,Redirecting,0,0,34.4,59.9,35.6,15,90,36,12,High
KASC_2025_M12,Kings Cup,Al-Ahli,Abha,4,High,52044,51151,Inma Stadium (ملعب الإنماء),2,North,Home,18:20,6,17,Redirecting,0,0,34.4,59.9,35.6,10,76,46,21,High
KASC_2025_M12,Kings Cup,Al-Ahli,Abha,4,High,52044,51151,Inma Stadium (ملعب الإنماء),2,North,Home,18:25,6,17,Redirecting,0,0,34.4,59.9,35.6,12,72,36,15,High
KASC_2025_M12,Kings Cup,Al-Ahli,Abha,4,High,52044,51151,Inma Stadium (ملعب الإنماء),2,North,Home,18:30,6,17,Redirecting,0,0,34.4,59.9,35.6,8,65,49,18,High
KASC_2025_M12,Kings Cup,Al-Ahli,Abha,4,High,52044,51151,Inma Stadium (ملعب الإنماء),2,North,Home,18:35,6,17,Redirecting,0,0,34.4,59.9,35.6,9,63,42,19,High
KASC_2025_M12,Kings Cup,Al-Ahli,Abha,4,High,52044,51151,Inma Stadium (ملعب الإنماء),2,North,Home,18:40,6,17,Redirecting,0,0,34.4,59.9,35.6,12,100,50,19,High
KASC_2025_M12,Kings Cup,Al-Ahli,Abha,4,High,52044,51151,Inma Stadium (ملعب الإنماء),2,North,Home,18:45,6,17,Redirecting,0,0,34.4,59.9,35.6,11,119,65,30,High
KASC_2025_M12,Kings Cup,Al-Ahli,Abha,4,High,52044,51151,Inma Stadium (ملعب الإنماء),2,North,Home,18:50,6,17,Redirecting,0,0,34.4,59.9,35.6,8,81,61,20,High
KASC_2025_M12,Kings Cup,Al-Ahli,Abha,4,High,52044,51151,Inma Stadium (ملعب الإنماء),2,North,Home,18:55,6,17,Redirecting,0,0,34.4,59.9,35.6,10,101,61,21,High
KASC_2025_M12,Kings Cup,Al-Ahli,Abha,4,High,52044,51151,Inma Stadium (ملعب الإنماء),2,North,Home,19:00,6,17,Redirecting,0,0,34.4,59.9,35.6,15,217,87,25,High
KASC_2025_M12,Kings Cup,Al-Ahli,Abha,4,High,52044,51151,Inma Stadium (ملعب الإنماء),2,North,Home,19:05,6,17,Redirecting,0,0,34.4,59.9,35.6,7,91,78,26,High
KASC_2025_M12,Kings Cup,Al-Ahli,Abha,4,High,52044,51151,Inma Stadium (ملعب الإنماء),2,North,Home,19:10,6,17,Redirecting,0,0,34.4,59.9,35.6,13,199,92,32,High
KASC_2025_M12,Kings Cup,Al-Ahli,Abha,4,High,52044,51151,Inma Stadium (ملعب الإنماء),2,North,Home,19:15,6,17,Redirecting,0,0,34.4,59.9,35.6,9,118,79,35,High
KASC_2025_M12,Kings Cup,Al-Ahli,Abha,4,High,52044,51151,Inma Stadium (ملعب الإنماء),2,North,Home,19:20,6,17,Redirecting,0,0,34.4,59.9,35.6,13,179,83,37,High
KASC_2025_M12,Kings Cup,Al-Ahli,Abha,4,High,52044,51151,Inma Stadium (ملعب الإنماء),2,North,Home,19:25,6,17,Redirecting,0,0,34.4,59.9,35.6,13,177,82,27,High
KASC_2025_M12,Kings Cup,Al-Ahli,Abha,4,High,52044,51151,Inma Stadium (ملعب الإنماء),2,North,Home,19:30,6,17,Redirecting,0,0,34.4,59.9,35.6,14,184,79,29,High
KASC_2025_M12,Kings Cup,Al-Ahli,Abha,4,High,52044,51151,Inma Stadium (ملعب الإنماء),2,North,Home,19:35,6,17,Redirecting,0,0,34.4,59.9,35.6,9,139,93,37,High
KASC_2025_M12,Kings Cup,Al-Ahli,Abha,4,High,52044,51151,Inma Stadium (ملعب الإنماء),2,North,Home,19:40,6,17,Redirecting,0,0,34.4,59.9,35.6,9,106,71,29,High
KASC_2025_M12,Kings Cup,Al-Ahli,Abha,4,High,52044,51151,Inma Stadium (ملعب الإنماء),2,North,Home,19:45,6,17,Redirecting,0,0,34.4,59.9,35.6,11,141,77,34,High
KASC_2025_M12,Kings Cup,Al-Ahli,Abha,4,High,52044,51151,Inma Stadium (ملعب الإنماء),2,North,Home,19:50,6,17,Redirecting,0,0,34.4,59.9,35.6,11,115,63,40,High
KASC_2025_M12,Kings Cup,Al-Ahli,Abha,4,High,52044,51151,Inma Stadium (ملعب الإنماء),2,North,Home,19:55,6,17,Redirecting,0,0,34.4,59.9,35.6,11,133,73,21,High
KASC_2025_M12,Kings Cup,Al-Ahli,Abha,4,High,52044,51151,Inma Stadium (ملعب الإنماء),2,North,Home,20:00,6,17,Redirecting,0,0,34.4,59.9,35.6,14,137,59,25,High
KASC_2025_M12,Kings Cup,Al-Ahli,Abha,4,High,52044,51151,Inma Stadium (ملعب الإنماء),2,North,Home,20:05,6,17,Redirecting,0,0,34.4,59.9,35.6,12,106,53,27,High
KASC_2025_M12,Kings Cup,Al-Ahli,Abha,4,High,52044,51151,Inma Stadium (ملعب الإنماء),2,North,Home,20:10,6,17,Redirecting,0,0,34.4,59.9,35.6,18,213,71,18,High
KASC_2025_M12,Kings Cup,Al-Ahli,Abha,4,High,52044,51151,Inma Stadium (ملعب الإنماء),2,North,Home,20:15,6,17,Redirecting,0,0,34.4,59.9,35.6,11,130,71,12,High
KASC_2025_M12,Kings Cup,Al-Ahli,Abha,4,High,52044,51151,Inma Stadium (ملعب الإنماء),2,North,Home,20:20,6,17,Redirecting,0,0,34.4,59.9,35.6,11,80,44,17,High
KASC_2025_M12,Kings Cup,Al-Ahli,Abha,4,High,52044,51151,Inma Stadium (ملعب الإنماء),2,North,Home,20:25,6,17,Redirecting,0,0,34.4,59.9,35.6,15,132,53,16,High
KASC_2025_M12,Kings Cup,Al-Ahli,Abha,4,High,52044,51151,Inma Stadium (ملعب الإنماء),2,North,Home,20:30,6,17,Redirecting,0,0,34.4,59.9,35.6,12,102,51,18,High
KASC_2025_M12,Kings Cup,Al-Ahli,Abha,4,High,52044,51151,Inma Stadium (ملعب الإنماء),2,North,Home,20:35,6,17,Redirecting,0,0,34.4,59.9,35.6,13,106,49,16,High
KASC_2025_M12,Kings Cup,Al-Ahli,Abha,4,High,52044,51151,Inma Stadium (ملعب الإنماء),2,North,Home,20:40,6,17,Redirecting,0,0,34.4,59.9,35.6,6,36,36,20,High
KASC_2025_M12,Kings Cup,Al-Ahli,Abha,4,High,52044,51151,Inma Stadium (ملعب الإنماء),2,North,Home,20:45,6,17,Redirecting,0,0,34.4,59.9,35.6,7,33,29,10,High
KASC_2025_M12,Kings Cup,Al-Ahli,Abha,4,High,52044,51151,Inma Stadium (ملعب الإنماء),2,North,Home,20:50,6,17,Redirecting,0,0,34.4,59.9,35.6,11,66,36,7,High
KASC_2025_M12,Kings Cup,Al-Ahli,Abha,4,High,52044,51151,Inma Stadium (ملعب الإنماء),2,North,Home,20:55,6,17,Redirecting,0,0,34.4,59.9,35.6,11,29,16,16,Medium
KASC_2025_M12,Kings Cup,Al-Ahli,Abha,4,High,52044,51151,Inma Stadium (ملعب الإنماء),2,North,Home,21:00,6,17,Redirecting,0,0,34.4,59.9,35.6,8,28,21,10,High
KASC_2025_M12,Kings Cup,Al-Ahli,Abha,4,High,52044,51151,Inma Stadium (ملعب الإنماء),2,North,Home,21:05,6,17,Redirecting,0,0,34.4,59.9,35.6,11,22,12,8,Medium
KASC_2025_M12,Kings Cup,Al-Ahli,Abha,4,High,52044,51151,Inma Stadium (ملعب الإنماء),2,North,Home,21:10,6,17,Redirecting,0,0,34.4,59.9,35.6,14,25,11,4,High
KASC_2025_M12,Kings Cup,Al-Ahli,Abha,4,High,52044,51151,Inma Stadium (ملعب الإنماء),2,North,Home,21:15,6,17,Redirecting,0,0,34.4,59.9,35.6,15,17,7,7,Medium
KASC_2025_M12,Kings Cup,Al-Ahli,Abha,4,High,52044,51151,Inma Stadium (ملعب الإنماء),2,North,Home,21:20,6,17,Redirecting,0,0,34.4,59.9,35.6,14,35,15,4,High
KASC_2025_M12,Kings Cup,Al-Ahli,Abha,4,High,52044,51151,Inma Stadium (ملعب الإنماء),2,North,Home,21:25,6,17,Redirecting,0,0,34.4,59.9,35.6,16,26,10,4,High
KASC_2025_M12,Kings Cup,Al-Ahli,Abha,4,High,52044,51151,Inma Stadium (ملعب الإنماء),2,North,Home,21:30,6,17,Redirecting,0,0,34.4,59.9,35.6,9,7,5,4,Medium
KASC_2025_M12,Kings Cup,Al-Ahli,Abha,4,High,52044,51151,Inma Stadium (ملعب الإنماء),2,North,Home,21:35,6,17,Redirecting,0,0,34.4,59.9,35.6,11,9,5,1,High
KASC_2025_M12,Kings Cup,Al-Ahli,Abha,4,High,52044,51151,Inma Stadium (ملعب الإنماء),2,North,Home,21:40,6,17,Redirecting,0,0,34.4,59.9,35.6,14,14,6,3,High
KASC_2025_M12,Kings Cup,Al-Ahli,Abha,4,High,52044,51151,Inma Stadium (ملعب الإنماء),2,North,Home,21:45,6,17,Redirecting,0,0,34.4,59.9,35.6,7,2,2,0,High
KASC_2025_M12,Kings Cup,Al-Ahli,Abha,4,High,52044,51151,Inma Stadium (ملعب الإنماء),2,North,Home,21:50,6,17,Redirecting,0,0,34.4,59.9,35.6,13,6,3,2,Medium
KASC_2025_M12,Kings Cup,Al-Ahli,Abha,4,High,52044,51151,Inma Stadium (ملعب الإنماء),2,North,Home,21:55,6,17,Redirecting,0,0,34.4,59.9,35.6,10,0,0,1,Low
KASC_2025_M12,Kings Cup,Al-Ahli,Abha,4,High,52044,51151,Inma Stadium (ملعب الإنماء),2,North,Home,22:00,6,17,Redirecting,0,0,34.4,59.9,35.6,12,4,2,0,High
KASC_2025_M12,Kings Cup,Al-Ahli,Abha,4,High,52044,51151,Inma Stadium (ملعب الإنماء),2,North,Home,22:05,6,17,Redirecting,0,0,34.4,59.9,35.6,11,3,2,1,Medium
KASC_2025_M12,Kings Cup,Al-Ahli,Abha,4,High,52044,51151,Inma Stadium (ملعب الإنماء),2,North,Home,22:10,6,17,Redirecting,0,0,34.4,59.9,35.6,11,0,0,1,Low
KASC_2025_M12,Kings Cup,Al-Ahli,Abha,4,High,52044,51151,Inma Stadium (ملعب الإنماء),2,North,Home,22:15,6,17,Redirecting,0,0,34.4,59.9,35.6,12,0,0,2,Low
KASC_2025_M12,Kings Cup,Al-Ahli,Abha,4,High,52044,51151,Inma Stadium (ملعب الإنماء),2,North,Home,22:20,6,17,Redirecting,0,0,34.4,59.9,35.6,11,0,0,0,Medium
KASC_2025_M12,Kings Cup,Al-Ahli,Abha,4,High,52044,51151,Inma Stadium (ملعب الإنماء),2,North,Home,22:25,6,17,Redirecting,0,0,34.4,59.9,35.6,10,0,0,0,Medium
KASC_2025_M12,Kings Cup,Al-Ahli,Abha,4,High,52044,51151,Inma Stadium (ملعب الإنماء),2,North,Home,22:30,6,17,Redirecting,0,0,34.4,59.9,35.6,12,0,0,0,Medium
KASC_2025_M12,Kings Cup,Al-Ahli,Abha,4,High,52044,51151,Inma Stadium (ملعب الإنماء),2,North,Home,22:35,6,17,Redirecting,0,0,34.4,59.9,35.6,9,0,0,0,Medium
KASC_2025_M12,Kings Cup,Al-Ahli,Abha,4,High,52044,51151,Inma Stadium (ملعب الإنماء),2,North,Home,22:40,6,17,Redirecting,0,0,34.4,59.9,35.6,12,0,0,0,Medium
KASC_2025_M12,Kings Cup,Al-Ahli,Abha,4,High,52044,51151,Inma Stadium (ملعب الإنماء),2,North,Home,22:45,6,17,Redirecting,0,0,34.4,59.9,35.6,15,0,0,0,Medium
KASC_2025_M12,Kings Cup,Al-Ahli,Abha,4,High,52044,51151,Inma Stadium (ملعب الإنماء),2,North,Home,22:50,6,17,Redirecting,0,0,34.4,59.9,35.6,10,0,0,0,Medium
KASC_2025_M12,Kings Cup,Al-Ahli,Abha,4,High,52044,51151,Inma Stadium (ملعب الإنماء),2,North,Home,22:55,6,17,Redirecting,0,0,34.4,59.9,35.6,10,0,0,0,Medium
KASC_2025_M12,Kings Cup,Al-Ahli,Abha,4,High,52044,51151,Inma Stadium (ملعب الإنماء),2,North,Home,23:00,6,17,Redirecting,0,0,34.4,59.9,35.6,12,0,0,0,Medium
KASC_2025_M12,Kings Cup,Al-Ahli,Abha,4,High,52044,51151,Inma Stadium (ملعب الإنماء),2,North,Home,23:05,6,17,Redirecting,0,0,34.4,59.9,35.6,12,0,0,0,Medium
KASC_2025_M12,Kings Cup,Al-Ahli,Abha,4,High,52044,51151,Inma Stadium (ملعب الإنماء),2,North,Home,23:10,6,17,Redirecting,0,0,34.4,59.9,35.6,13,0,0,0,Medium
KASC_2025_M12,Kings Cup,Al-Ahli,Abha,4,High,52044,51151,Inma Stadium (ملعب الإنماء),2,North,Home,23:15,6,17,Redirecting,0,0,34.4,59.9,35.6,8,0,0,0,Medium
KASC_2025_M12,Kings Cup,Al-Ahli,Abha,4,High,52044,51151,Inma Stadium (ملعب الإنماء),2,North,Home,23:20,6,17,Redirecting,0,0,34.4,59.9,35.6,18,0,0,0,Medium
KASC_2025_M12,Kings Cup,Al-Ahli,Abha,4,High,52044,51151,Inma Stadium (ملعب الإنماء),2,North,Home,23:25,6,17,Redirecting,0,0,34.4,59.9,35.6,13,0,0,0,Medium
KASC_2025_M12,Kings Cup,Al-Ahli,Abha,4,High,52044,51151,Inma Stadium (ملعب الإنماء),2,North,Home,23:30,6,17,Redirecting,0,0,34.4,59.9,35.6,14,0,0,0,Medium
KASC_2025_M12,Kings Cup,Al-Ahli,Abha,4,High,52044,51151,Inma Stadium (ملعب الإنماء),2,North,Home,23:35,6,17,Redirecting,0,0,34.4,59.9,35.6,10,0,0,0,Medium
KASC_2025_M12,Kings Cup,Al-Ahli,Abha,4,High,52044,51151,Inma Stadium (ملعب الإنماء),2,North,Home,23:40,6,17,Redirecting,0,0,34.4,59.9,35.6,20,0,0,0,Medium
KASC_2025_M12,Kings Cup,Al-Ahli,Abha,4,High,52044,51151,Inma Stadium (ملعب الإنماء),2,North,Home,23:45,6,17,Redirecting,0,0,34.4,59.9,35.6,8,0,0,0,Medium
KASC_2025_M12,Kings Cup,Al-Ahli,Abha,4,High,52044,51151,Inma Stadium (ملعب الإنماء),2,North,Home,23:50,6,17,Redirecting,0,0,34.4,59.9,35.6,13,0,0,0,Medium
KASC_2025_M12,Kings Cup,Al-Ahli,Abha,4,High,52044,51151,Inma Stadium (ملعب الإنماء),2,North,Home,23:55,6,17,Redirecting,0,0,34.4,59.9,35.6,12,0,0,0,Medium
KASC_2025_M12,Kings Cup,Al-Ahli,Abha,4,High,52044,51151,Inma Stadium (ملعب الإنماء),3,East,Home,17:00,4,14,Redirecting,0,0,34.4,59.9,35.6,11,0,0,1,Low
KASC_2025_M12,Kings Cup,Al-Ahli,Abha,4,High,52044,51151,Inma Stadium (ملعب الإنماء),3,East,Home,17:05,4,14,Redirecting,0,0,34.4,59.9,35.6,8,4,2,0,High
KASC_2025_M12,Kings Cup,Al-Ahli,Abha,4,High,52044,51151,Inma Stadium (ملعب الإنماء),3,East,Home,17:10,4,14,Redirecting,0,0,34.4,59.9,35.6,15,7,2,1,High
KASC_2025_M12,Kings Cup,Al-Ahli,Abha,4,High,52044,51151,Inma Stadium (ملعب الإنماء),3,East,Home,17:15,4,14,Redirecting,0,0,34.4,59.9,35.6,6,4,3,0,High
KASC_2025_M12,Kings Cup,Al-Ahli,Abha,4,High,52044,51151,Inma Stadium (ملعب الإنماء),3,East,Home,17:20,4,14,Redirecting,0,0,34.4,59.9,35.6,17,4,1,0,High
KASC_2025_M12,Kings Cup,Al-Ahli,Abha,4,High,52044,51151,Inma Stadium (ملعب الإنماء),3,East,Home,17:25,4,14,Redirecting,0,0,34.4,59.9,35.6,11,16,6,3,High
KASC_2025_M12,Kings Cup,Al-Ahli,Abha,4,High,52044,51151,Inma Stadium (ملعب الإنماء),3,East,Home,17:30,4,14,Redirecting,0,0,34.4,59.9,35.6,12,9,3,1,High
KASC_2025_M12,Kings Cup,Al-Ahli,Abha,4,High,52044,51151,Inma Stadium (ملعب الإنماء),3,East,Home,17:35,4,14,Redirecting,0,0,34.4,59.9,35.6,13,16,5,3,High
KASC_2025_M12,Kings Cup,Al-Ahli,Abha,4,High,52044,51151,Inma Stadium (ملعب الإنماء),3,East,Home,17:40,4,14,Redirecting,0,0,34.4,59.9,35.6,13,22,7,4,High
KASC_2025_M12,Kings Cup,Al-Ahli,Abha,4,High,52044,51151,Inma Stadium (ملعب الإنماء),3,East,Home,17:45,4,14,Redirecting,0,0,34.4,59.9,35.6,9,22,10,1,High
KASC_2025_M12,Kings Cup,Al-Ahli,Abha,4,High,52044,51151,Inma Stadium (ملعب الإنماء),3,East,Home,17:50,4,14,Redirecting,0,0,34.4,59.9,35.6,12,36,12,12,Medium
KASC_2025_M12,Kings Cup,Al-Ahli,Abha,4,High,52044,51151,Inma Stadium (ملعب الإنماء),3,East,Home,17:55,4,14,Redirecting,0,0,34.4,59.9,35.6,10,30,12,9,High
KASC_2025_M12,Kings Cup,Al-Ahli,Abha,4,High,52044,51151,Inma Stadium (ملعب الإنماء),3,East,Home,18:00,4,14,Redirecting,0,0,34.4,59.9,35.6,16,56,14,9,High
KASC_2025_M12,Kings Cup,Al-Ahli,Abha,4,High,52044,51151,Inma Stadium (ملعب الإنماء),3,East,Home,18:05,4,14,Redirecting,0,0,34.4,59.9,35.6,11,27,10,7,High
KASC_2025_M12,Kings Cup,Al-Ahli,Abha,4,High,52044,51151,Inma Stadium (ملعب الإنماء),3,East,Home,18:10,4,14,Redirecting,0,0,34.4,59.9,35.6,14,66,19,9,High
KASC_2025_M12,Kings Cup,Al-Ahli,Abha,4,High,52044,51151,Inma Stadium (ملعب الإنماء),3,East,Home,18:15,4,14,Redirecting,0,0,34.4,59.9,35.6,8,36,18,16,High
KASC_2025_M12,Kings Cup,Al-Ahli,Abha,4,High,52044,51151,Inma Stadium (ملعب الإنماء),3,East,Home,18:20,4,14,Redirecting,0,0,34.4,59.9,35.6,9,40,18,16,High
KASC_2025_M12,Kings Cup,Al-Ahli,Abha,4,High,52044,51151,Inma Stadium (ملعب الإنماء),3,East,Home,18:25,4,14,Redirecting,0,0,34.4,59.9,35.6,16,84,21,20,Medium
KASC_2025_M12,Kings Cup,Al-Ahli,Abha,4,High,52044,51151,Inma Stadium (ملعب الإنماء),3,East,Home,18:30,4,14,Redirecting,0,0,34.4,59.9,35.6,11,88,32,24,High
KASC_2025_M12,Kings Cup,Al-Ahli,Abha,4,High,52044,51151,Inma Stadium (ملعب الإنماء),3,East,Home,18:35,4,14,Redirecting,0,0,34.4,59.9,35.6,12,81,27,15,High
KASC_2025_M12,Kings Cup,Al-Ahli,Abha,4,High,52044,51151,Inma Stadium (ملعب الإنماء),3,East,Home,18:40,4,14,Redirecting,0,0,34.4,59.9,35.6,12,105,35,26,High
KASC_2025_M12,Kings Cup,Al-Ahli,Abha,4,High,52044,51151,Inma Stadium (ملعب الإنماء),3,East,Home,18:45,4,14,Redirecting,0,0,34.4,59.9,35.6,8,78,39,23,High
KASC_2025_M12,Kings Cup,Al-Ahli,Abha,4,High,52044,51151,Inma Stadium (ملعب الإنماء),3,East,Home,18:50,4,14,Redirecting,0,0,34.4,59.9,35.6,19,237,50,25,High
KASC_2025_M12,Kings Cup,Al-Ahli,Abha,4,High,52044,51151,Inma Stadium (ملعب الإنماء),3,East,Home,18:55,4,14,Redirecting,0,0,34.4,59.9,35.6,17,182,43,25,High
KASC_2025_M12,Kings Cup,Al-Ahli,Abha,4,High,52044,51151,Inma Stadium (ملعب الإنماء),3,East,Home,19:00,4,14,Redirecting,0,0,34.4,59.9,35.6,12,132,44,29,High
KASC_2025_M12,Kings Cup,Al-Ahli,Abha,4,High,52044,51151,Inma Stadium (ملعب الإنماء),3,East,Home,19:05,4,14,Redirecting,0,0,34.4,59.9,35.6,11,123,45,36,High
KASC_2025_M12,Kings Cup,Al-Ahli,Abha,4,High,52044,51151,Inma Stadium (ملعب الإنماء),3,East,Home,19:10,4,14,Redirecting,0,0,34.4,59.9,35.6,9,108,48,36,High
KASC_2025_M12,Kings Cup,Al-Ahli,Abha,4,High,52044,51151,Inma Stadium (ملعب الإنماء),3,East,Home,19:15,4,14,Redirecting,0,0,34.4,59.9,35.6,8,106,53,24,High
KASC_2025_M12,Kings Cup,Al-Ahli,Abha,4,High,52044,51151,Inma Stadium (ملعب الإنماء),3,East,Home,19:20,4,14,Redirecting,0,0,34.4,59.9,35.6,10,127,51,28,High
KASC_2025_M12,Kings Cup,Al-Ahli,Abha,4,High,52044,51151,Inma Stadium (ملعب الإنماء),3,East,Home,19:25,4,14,Redirecting,0,0,34.4,59.9,35.6,10,145,58,39,High
KASC_2025_M12,Kings Cup,Al-Ahli,Abha,4,High,52044,51151,Inma Stadium (ملعب الإنماء),3,East,Home,19:30,4,14,Redirecting,0,0,34.4,59.9,35.6,7,87,50,31,High
KASC_2025_M12,Kings Cup,Al-Ahli,Abha,4,High,52044,51151,Inma Stadium (ملعب الإنماء),3,East,Home,19:35,4,14,Redirecting,0,0,34.4,59.9,35.6,11,123,45,35,High
KASC_2025_M12,Kings Cup,Al-Ahli,Abha,4,High,52044,51151,Inma Stadium (ملعب الإنماء),3,East,Home,19:40,4,14,Redirecting,0,0,34.4,59.9,35.6,15,191,51,36,High
KASC_2025_M12,Kings Cup,Al-Ahli,Abha,4,High,52044,51151,Inma Stadium (ملعب الإنماء),3,East,Home,19:45,4,14,Redirecting,0,0,34.4,59.9,35.6,11,162,59,33,High
KASC_2025_M12,Kings Cup,Al-Ahli,Abha,4,High,52044,51151,Inma Stadium (ملعب الإنماء),3,East,Home,19:50,4,14,Redirecting,0,0,34.4,59.9,35.6,12,153,51,36,High
KASC_2025_M12,Kings Cup,Al-Ahli,Abha,4,High,52044,51151,Inma Stadium (ملعب الإنماء),3,East,Home,19:55,4,14,Redirecting,0,0,34.4,59.9,35.6,15,157,42,23,High
KASC_2025_M12,Kings Cup,Al-Ahli,Abha,4,High,52044,51151,Inma Stadium (ملعب الإنماء),3,East,Home,20:00,4,14,Redirecting,0,0,34.4,59.9,35.6,9,103,46,33,High
KASC_2025_M12,Kings Cup,Al-Ahli,Abha,4,High,52044,51151,Inma Stadium (ملعب الإنماء),3,East,Home,20:05,4,14,Redirecting,0,0,34.4,59.9,35.6,12,126,42,33,High
KASC_2025_M12,Kings Cup,Al-Ahli,Abha,4,High,52044,51151,Inma Stadium (ملعب الإنماء),3,East,Home,20:10,4,14,Redirecting,0,0,34.4,59.9,35.6,12,117,39,25,High
KASC_2025_M12,Kings Cup,Al-Ahli,Abha,4,High,52044,51151,Inma Stadium (ملعب الإنماء),3,East,Home,20:15,4,14,Redirecting,0,0,34.4,59.9,35.6,8,92,46,23,High
KASC_2025_M12,Kings Cup,Al-Ahli,Abha,4,High,52044,51151,Inma Stadium (ملعب الإنماء),3,East,Home,20:20,4,14,Redirecting,0,0,34.4,59.9,35.6,12,105,35,18,High
KASC_2025_M12,Kings Cup,Al-Ahli,Abha,4,High,52044,51151,Inma Stadium (ملعب الإنماء),3,East,Home,20:25,4,14,Redirecting,0,0,34.4,59.9,35.6,7,61,35,17,High
KASC_2025_M12,Kings Cup,Al-Ahli,Abha,4,High,52044,51151,Inma Stadium (ملعب الإنماء),3,East,Home,20:30,4,14,Redirecting,0,0,34.4,59.9,35.6,12,84,28,14,High
KASC_2025_M12,Kings Cup,Al-Ahli,Abha,4,High,52044,51151,Inma Stadium (ملعب الإنماء),3,East,Home,20:35,4,14,Redirecting,0,0,34.4,59.9,35.6,10,70,28,17,High
KASC_2025_M12,Kings Cup,Al-Ahli,Abha,4,High,52044,51151,Inma Stadium (ملعب الإنماء),3,East,Home,20:40,4,14,Redirecting,0,0,34.4,59.9,35.6,10,62,25,11,High
KASC_2025_M12,Kings Cup,Al-Ahli,Abha,4,High,52044,51151,Inma Stadium (ملعب الإنماء),3,East,Home,20:45,4,14,Redirecting,0,0,34.4,59.9,35.6,14,73,21,13,High
KASC_2025_M12,Kings Cup,Al-Ahli,Abha,4,High,52044,51151,Inma Stadium (ملعب الإنماء),3,East,Home,20:50,4,14,Redirecting,0,0,34.4,59.9,35.6,14,56,16,12,High
KASC_2025_M12,Kings Cup,Al-Ahli,Abha,4,High,52044,51151,Inma Stadium (ملعب الإنماء),3,East,Home,20:55,4,14,Redirecting,0,0,34.4,59.9,35.6,9,29,13,10,High
KASC_2025_M12,Kings Cup,Al-Ahli,Abha,4,High,52044,51151,Inma Stadium (ملعب الإنماء),3,East,Home,21:00,4,14,Redirecting,0,0,34.4,59.9,35.6,8,20,10,2,High
KASC_2025_M12,Kings Cup,Al-Ahli,Abha,4,High,52044,51151,Inma Stadium (ملعب الإنماء),3,East,Home,21:05,4,14,Redirecting,0,0,34.4,59.9,35.6,10,20,8,8,Medium
KASC_2025_M12,Kings Cup,Al-Ahli,Abha,4,High,52044,51151,Inma Stadium (ملعب الإنماء),3,East,Home,21:10,4,14,Redirecting,0,0,34.4,59.9,35.6,10,17,7,5,High
KASC_2025_M12,Kings Cup,Al-Ahli,Abha,4,High,52044,51151,Inma Stadium (ملعب الإنماء),3,East,Home,21:15,4,14,Redirecting,0,0,34.4,59.9,35.6,11,11,4,8,Medium
KASC_2025_M12,Kings Cup,Al-Ahli,Abha,4,High,52044,51151,Inma Stadium (ملعب الإنماء),3,East,Home,21:20,4,14,Redirecting,0,0,34.4,59.9,35.6,11,16,6,4,High
KASC_2025_M12,Kings Cup,Al-Ahli,Abha,4,High,52044,51151,Inma Stadium (ملعب الإنماء),3,East,Home,21:25,4,14,Redirecting,0,0,34.4,59.9,35.6,7,8,5,4,High
KASC_2025_M12,Kings Cup,Al-Ahli,Abha,4,High,52044,51151,Inma Stadium (ملعب الإنماء),3,East,Home,21:30,4,14,Redirecting,0,0,34.4,59.9,35.6,14,21,6,1,High
KASC_2025_M12,Kings Cup,Al-Ahli,Abha,4,High,52044,51151,Inma Stadium (ملعب الإنماء),3,East,Home,21:35,4,14,Redirecting,0,0,34.4,59.9,35.6,10,7,3,1,High
KASC_2025_M12,Kings Cup,Al-Ahli,Abha,4,High,52044,51151,Inma Stadium (ملعب الإنماء),3,East,Home,21:40,4,14,Redirecting,0,0,34.4,59.9,35.6,11,8,3,0,High
KASC_2025_M12,Kings Cup,Al-Ahli,Abha,4,High,52044,51151,Inma Stadium (ملعب الإنماء),3,East,Home,21:45,4,14,Redirecting,0,0,34.4,59.9,35.6,13,13,4,2,High
KASC_2025_M12,Kings Cup,Al-Ahli,Abha,4,High,52044,51151,Inma Stadium (ملعب الإنماء),3,East,Home,21:50,4,14,Redirecting,0,0,34.4,59.9,35.6,14,3,1,2,Medium
KASC_2025_M12,Kings Cup,Al-Ahli,Abha,4,High,52044,51151,Inma Stadium (ملعب الإنماء),3,East,Home,21:55,4,14,Redirecting,0,0,34.4,59.9,35.6,7,1,1,0,High
KASC_2025_M12,Kings Cup,Al-Ahli,Abha,4,High,52044,51151,Inma Stadium (ملعب الإنماء),3,East,Home,22:00,4,14,Redirecting,0,0,34.4,59.9,35.6,10,0,0,0,Medium
KASC_2025_M12,Kings Cup,Al-Ahli,Abha,4,High,52044,51151,Inma Stadium (ملعب الإنماء),3,East,Home,22:05,4,14,Redirecting,0,0,34.4,59.9,35.6,14,3,1,0,High
KASC_2025_M12,Kings Cup,Al-Ahli,Abha,4,High,52044,51151,Inma Stadium (ملعب الإنماء),3,East,Home,22:10,4,14,Redirecting,0,0,34.4,59.9,35.6,6,0,0,1,Low
KASC_2025_M12,Kings Cup,Al-Ahli,Abha,4,High,52044,51151,Inma Stadium (ملعب الإنماء),3,East,Home,22:15,4,14,Redirecting,0,0,34.4,59.9,35.6,14,3,1,0,High
KASC_2025_M12,Kings Cup,Al-Ahli,Abha,4,High,52044,51151,Inma Stadium (ملعب الإنماء),3,East,Home,22:20,4,14,Redirecting,0,0,34.4,59.9,35.6,13,0,0,1,Low
KASC_2025_M12,Kings Cup,Al-Ahli,Abha,4,High,52044,51151,Inma Stadium (ملعب الإنماء),3,East,Home,22:25,4,14,Redirecting,0,0,34.4,59.9,35.6,8,0,0,0,Medium
KASC_2025_M12,Kings Cup,Al-Ahli,Abha,4,High,52044,51151,Inma Stadium (ملعب الإنماء),3,East,Home,22:30,4,14,Redirecting,0,0,34.4,59.9,35.6,9,0,0,0,Medium
KASC_2025_M12,Kings Cup,Al-Ahli,Abha,4,High,52044,51151,Inma Stadium (ملعب الإنماء),3,East,Home,22:35,4,14,Redirecting,0,0,34.4,59.9,35.6,9,0,0,0,Medium
KASC_2025_M12,Kings Cup,Al-Ahli,Abha,4,High,52044,51151,Inma Stadium (ملعب الإنماء),3,East,Home,22:40,4,14,Redirecting,0,0,34.4,59.9,35.6,11,0,0,1,Low
KASC_2025_M12,Kings Cup,Al-Ahli,Abha,4,High,52044,51151,Inma Stadium (ملعب الإنماء),3,East,Home,22:45,4,14,Redirecting,0,0,34.4,59.9,35.6,6,0,0,0,Medium
KASC_2025_M12,Kings Cup,Al-Ahli,Abha,4,High,52044,51151,Inma Stadium (ملعب الإنماء),3,East,Home,22:50,4,14,Redirecting,0,0,34.4,59.9,35.6,10,0,0,0,Medium
KASC_2025_M12,Kings Cup,Al-Ahli,Abha,4,High,52044,51151,Inma Stadium (ملعب الإنماء),3,East,Home,22:55,4,14,Redirecting,0,0,34.4,59.9,35.6,9,0,0,0,Medium
KASC_2025_M12,Kings Cup,Al-Ahli,Abha,4,High,52044,51151,Inma Stadium (ملعب الإنماء),3,East,Home,23:00,4,14,Redirecting,0,0,34.4,59.9,35.6,11,0,0,0,Medium
KASC_2025_M12,Kings Cup,Al-Ahli,Abha,4,High,52044,51151,Inma Stadium (ملعب الإنماء),3,East,Home,23:05,4,14,Redirecting,0,0,34.4,59.9,35.6,13,0,0,0,Medium
KASC_2025_M12,Kings Cup,Al-Ahli,Abha,4,High,52044,51151,Inma Stadium (ملعب الإنماء),3,East,Home,23:10,4,14,Redirecting,0,0,34.4,59.9,35.6,9,0,0,0,Medium
KASC_2025_M12,Kings Cup,Al-Ahli,Abha,4,High,52044,51151,Inma Stadium (ملعب الإنماء),3,East,Home,23:15,4,14,Redirecting,0,0,34.4,59.9,35.6,11,0,0,0,Medium
KASC_2025_M12,Kings Cup,Al-Ahli,Abha,4,High,52044,51151,Inma Stadium (ملعب الإنماء),3,East,Home,23:20,4,14,Redirecting,0,0,34.4,59.9,35.6,6,0,0,0,Medium
KASC_2025_M12,Kings Cup,Al-Ahli,Abha,4,High,52044,51151,Inma Stadium (ملعب الإنماء),3,East,Home,23:25,4,14,Redirecting,0,0,34.4,59.9,35.6,14,0,0,0,Medium
KASC_2025_M12,Kings Cup,Al-Ahli,Abha,4,High,52044,51151,Inma Stadium (ملعب الإنماء),3,East,Home,23:30,4,14,Redirecting,0,0,34.4,59.9,35.6,11,0,0,0,Medium
KASC_2025_M12,Kings Cup,Al-Ahli,Abha,4,High,52044,51151,Inma Stadium (ملعب الإنماء),3,East,Home,23:35,4,14,Redirecting,0,0,34.4,59.9,35.6,13,0,0,0,Medium
KASC_2025_M12,Kings Cup,Al-Ahli,Abha,4,High,52044,51151,Inma Stadium (ملعب الإنماء),3,East,Home,23:40,4,14,Redirecting,0,0,34.4,59.9,35.6,16,0,0,0,Medium
KASC_2025_M12,Kings Cup,Al-Ahli,Abha,4,High,52044,51151,Inma Stadium (ملعب الإنماء),3,East,Home,23:45,4,14,Redirecting,0,0,34.4,59.9,35.6,9,0,0,0,Medium
KASC_2025_M12,Kings Cup,Al-Ahli,Abha,4,High,52044,51151,Inma Stadium (ملعب الإنماء),3,East,Home,23:50,4,14,Redirecting,0,0,34.4,59.9,35.6,14,0,0,0,Medium
KASC_2025_M12,Kings Cup,Al-Ahli,Abha,4,High,52044,51151,Inma Stadium (ملعب الإنماء),3,East,Home,23:55,4,14,Redirecting,0,0,34.4,59.9,35.6,11,0,0,0,Medium
KASC_2025_M12,Kings Cup,Al-Ahli,Abha,4,High,52044,51151,Inma Stadium (ملعب الإنماء),4,East,Home,17:00,9,19,Redirecting,0,0,34.4,59.9,35.6,11,0,0,2,Low
KASC_2025_M12,Kings Cup,Al-Ahli,Abha,4,High,52044,51151,Inma Stadium (ملعب الإنماء),4,East,Home,17:05,9,19,Redirecting,0,0,34.4,59.9,35.6,9,1,1,0,Medium
KASC_2025_M12,Kings Cup,Al-Ahli,Abha,4,High,52044,51151,Inma Stadium (ملعب الإنماء),4,East,Home,17:10,9,19,Redirecting,0,0,34.4,59.9,35.6,10,5,5,2,Medium
KASC_2025_M12,Kings Cup,Al-Ahli,Abha,4,High,52044,51151,Inma Stadium (ملعب الإنماء),4,East,Home,17:15,9,19,Redirecting,0,0,34.4,59.9,35.6,6,5,8,1,High
KASC_2025_M12,Kings Cup,Al-Ahli,Abha,4,High,52044,51151,Inma Stadium (ملعب الإنماء),4,East,Home,17:20,9,19,Redirecting,0,0,34.4,59.9,35.6,13,5,4,3,Medium
KASC_2025_M12,Kings Cup,Al-Ahli,Abha,4,High,52044,51151,Inma Stadium (ملعب الإنماء),4,East,Home,17:25,9,19,Redirecting,0,0,34.4,59.9,35.6,11,4,4,2,Medium
KASC_2025_M12,Kings Cup,Al-Ahli,Abha,4,High,52044,51151,Inma Stadium (ملعب الإنماء),4,East,Home,17:30,9,19,Redirecting,0,0,34.4,59.9,35.6,12,21,16,2,High
KASC_2025_M12,Kings Cup,Al-Ahli,Abha,4,High,52044,51151,Inma Stadium (ملعب الإنماء),4,East,Home,17:35,9,19,Redirecting,0,0,34.4,59.9,35.6,14,15,10,4,High
KASC_2025_M12,Kings Cup,Al-Ahli,Abha,4,High,52044,51151,Inma Stadium (ملعب الإنماء),4,East,Home,17:40,9,19,Redirecting,0,0,34.4,59.9,35.6,11,29,24,3,High
KASC_2025_M12,Kings Cup,Al-Ahli,Abha,4,High,52044,51151,Inma Stadium (ملعب الإنماء),4,East,Home,17:45,9,19,Redirecting,0,0,34.4,59.9,35.6,13,20,14,3,High
KASC_2025_M12,Kings Cup,Al-Ahli,Abha,4,High,52044,51151,Inma Stadium (ملعب الإنماء),4,East,Home,17:50,9,19,Redirecting,0,0,34.4,59.9,35.6,17,34,18,3,High
KASC_2025_M12,Kings Cup,Al-Ahli,Abha,4,High,52044,51151,Inma Stadium (ملعب الإنماء),4,East,Home,17:55,9,19,Redirecting,0,0,34.4,59.9,35.6,17,34,18,13,Medium
KASC_2025_M12,Kings Cup,Al-Ahli,Abha,4,High,52044,51151,Inma Stadium (ملعب الإنماء),4,East,Home,18:00,9,19,Redirecting,0,0,34.4,59.9,35.6,8,25,29,7,High
KASC_2025_M12,Kings Cup,Al-Ahli,Abha,4,High,52044,51151,Inma Stadium (ملعب الإنماء),4,East,Home,18:05,9,19,Redirecting,0,0,34.4,59.9,35.6,17,109,58,7,High
KASC_2025_M12,Kings Cup,Al-Ahli,Abha,4,High,52044,51151,Inma Stadium (ملعب الإنماء),4,East,Home,18:10,9,19,Redirecting,0,0,34.4,59.9,35.6,10,52,47,12,High
KASC_2025_M12,Kings Cup,Al-Ahli,Abha,4,High,52044,51151,Inma Stadium (ملعب الإنماء),4,East,Home,18:15,9,19,Redirecting,0,0,34.4,59.9,35.6,14,90,58,13,High
KASC_2025_M12,Kings Cup,Al-Ahli,Abha,4,High,52044,51151,Inma Stadium (ملعب الإنماء),4,East,Home,18:20,9,19,Redirecting,0,0,34.4,59.9,35.6,11,62,51,17,High
KASC_2025_M12,Kings Cup,Al-Ahli,Abha,4,High,52044,51151,Inma Stadium (ملعب الإنماء),4,East,Home,18:25,9,19,Redirecting,0,0,34.4,59.9,35.6,10,61,55,8,High
KASC_2025_M12,Kings Cup,Al-Ahli,Abha,4,High,52044,51151,Inma Stadium (ملعب الإنماء),4,East,Home,18:30,9,19,Redirecting,0,0,34.4,59.9,35.6,11,83,68,14,High
KASC_2025_M12,Kings Cup,Al-Ahli,Abha,4,High,52044,51151,Inma Stadium (ملعب الإنماء),4,East,Home,18:35,9,19,Redirecting,0,0,34.4,59.9,35.6,11,73,60,24,High
KASC_2025_M12,Kings Cup,Al-Ahli,Abha,4,High,52044,51151,Inma Stadium (ملعب الإنماء),4,East,Home,18:40,9,19,Redirecting,0,0,34.4,59.9,35.6,6,54,81,22,High
KASC_2025_M12,Kings Cup,Al-Ahli,Abha,4,High,52044,51151,Inma Stadium (ملعب الإنماء),4,East,Home,18:45,9,19,Redirecting,0,0,34.4,59.9,35.6,15,123,74,19,High
KASC_2025_M12,Kings Cup,Al-Ahli,Abha,4,High,52044,51151,Inma Stadium (ملعب الإنماء),4,East,Home,18:50,9,19,Redirecting,0,0,34.4,59.9,35.6,9,85,85,24,High
KASC_2025_M12,Kings Cup,Al-Ahli,Abha,4,High,52044,51151,Inma Stadium (ملعب الإنماء),4,East,Home,18:55,9,19,Redirecting,0,0,34.4,59.9,35.6,16,167,94,26,High
KASC_2025_M12,Kings Cup,Al-Ahli,Abha,4,High,52044,51151,Inma Stadium (ملعب الإنماء),4,East,Home,19:00,9,19,Redirecting,0,0,34.4,59.9,35.6,13,174,121,14,High
KASC_2025_M12,Kings Cup,Al-Ahli,Abha,4,High,52044,51151,Inma Stadium (ملعب الإنماء),4,East,Home,19:05,9,19,Redirecting,0,0,34.4,59.9,35.6,13,157,109,26,High
KASC_2025_M12,Kings Cup,Al-Ahli,Abha,4,High,52044,51151,Inma Stadium (ملعب الإنماء),4,East,Home,19:10,9,19,Redirecting,0,0,34.4,59.9,35.6,15,213,128,25,High
KASC_2025_M12,Kings Cup,Al-Ahli,Abha,4,High,52044,51151,Inma Stadium (ملعب الإنماء),4,East,Home,19:15,9,19,Redirecting,0,0,34.4,59.9,35.6,12,161,121,29,High
KASC_2025_M12,Kings Cup,Al-Ahli,Abha,4,High,52044,51151,Inma Stadium (ملعب الإنماء),4,East,Home,19:20,9,19,Redirecting,0,0,34.4,59.9,35.6,16,222,125,35,High
KASC_2025_M12,Kings Cup,Al-Ahli,Abha,4,High,52044,51151,Inma Stadium (ملعب الإنماء),4,East,Home,19:25,9,19,Redirecting,0,0,34.4,59.9,35.6,11,144,118,31,High
KASC_2025_M12,Kings Cup,Al-Ahli,Abha,4,High,52044,51151,Inma Stadium (ملعب الإنماء),4,East,Home,19:30,9,19,Redirecting,0,0,34.4,59.9,35.6,17,207,110,42,High
KASC_2025_M12,Kings Cup,Al-Ahli,Abha,4,High,52044,51151,Inma Stadium (ملعب الإنماء),4,East,Home,19:35,9,19,Redirecting,0,0,34.4,59.9,35.6,14,160,103,24,High
KASC_2025_M12,Kings Cup,Al-Ahli,Abha,4,High,52044,51151,Inma Stadium (ملعب الإنماء),4,East,Home,19:40,9,19,Redirecting,0,0,34.4,59.9,35.6,10,117,106,34,High
KASC_2025_M12,Kings Cup,Al-Ahli,Abha,4,High,52044,51151,Inma Stadium (ملعب الإنماء),4,East,Home,19:45,9,19,Redirecting,0,0,34.4,59.9,35.6,7,91,117,37,High
KASC_2025_M12,Kings Cup,Al-Ahli,Abha,4,High,52044,51151,Inma Stadium (ملعب الإنماء),4,East,Home,19:50,9,19,Redirecting,0,0,34.4,59.9,35.6,7,72,93,31,High
KASC_2025_M12,Kings Cup,Al-Ahli,Abha,4,High,52044,51151,Inma Stadium (ملعب الإنماء),4,East,Home,19:55,9,19,Redirecting,0,0,34.4,59.9,35.6,8,110,124,24,High
KASC_2025_M12,Kings Cup,Al-Ahli,Abha,4,High,52044,51151,Inma Stadium (ملعب الإنماء),4,East,Home,20:00,9,19,Redirecting,0,0,34.4,59.9,35.6,10,108,98,27,High
KASC_2025_M12,Kings Cup,Al-Ahli,Abha,4,High,52044,51151,Inma Stadium (ملعب الإنماء),4,East,Home,20:05,9,19,Redirecting,0,0,34.4,59.9,35.6,16,176,99,20,High
KASC_2025_M12,Kings Cup,Al-Ahli,Abha,4,High,52044,51151,Inma Stadium (ملعب الإنماء),4,East,Home,20:10,9,19,Redirecting,0,0,34.4,59.9,35.6,12,114,86,19,High
KASC_2025_M12,Kings Cup,Al-Ahli,Abha,4,High,52044,51151,Inma Stadium (ملعب الإنماء),4,East,Home,20:15,9,19,Redirecting,0,0,34.4,59.9,35.6,11,105,86,27,High
KASC_2025_M12,Kings Cup,Al-Ahli,Abha,4,High,52044,51151,Inma Stadium (ملعب الإنماء),4,East,Home,20:20,9,19,Redirecting,0,0,34.4,59.9,35.6,14,116,75,18,High
KASC_2025_M12,Kings Cup,Al-Ahli,Abha,4,High,52044,51151,Inma Stadium (ملعب الإنماء),4,East,Home,20:25,9,19,Redirecting,0,0,34.4,59.9,35.6,6,58,87,12,High
KASC_2025_M12,Kings Cup,Al-Ahli,Abha,4,High,52044,51151,Inma Stadium (ملعب الإنماء),4,East,Home,20:30,9,19,Redirecting,0,0,34.4,59.9,35.6,12,85,64,9,High
KASC_2025_M12,Kings Cup,Al-Ahli,Abha,4,High,52044,51151,Inma Stadium (ملعب الإنماء),4,East,Home,20:35,9,19,Redirecting,0,0,34.4,59.9,35.6,13,78,54,18,High
KASC_2025_M12,Kings Cup,Al-Ahli,Abha,4,High,52044,51151,Inma Stadium (ملعب الإنماء),4,East,Home,20:40,9,19,Redirecting,0,0,34.4,59.9,35.6,13,46,32,13,High
KASC_2025_M12,Kings Cup,Al-Ahli,Abha,4,High,52044,51151,Inma Stadium (ملعب الإنماء),4,East,Home,20:45,9,19,Redirecting,0,0,34.4,59.9,35.6,9,32,32,6,High
KASC_2025_M12,Kings Cup,Al-Ahli,Abha,4,High,52044,51151,Inma Stadium (ملعب الإنماء),4,East,Home,20:50,9,19,Redirecting,0,0,34.4,59.9,35.6,16,90,51,6,High
KASC_2025_M12,Kings Cup,Al-Ahli,Abha,4,High,52044,51151,Inma Stadium (ملعب الإنماء),4,East,Home,20:55,9,19,Redirecting,0,0,34.4,59.9,35.6,14,48,31,12,High
KASC_2025_M12,Kings Cup,Al-Ahli,Abha,4,High,52044,51151,Inma Stadium (ملعب الإنماء),4,East,Home,21:00,9,19,Redirecting,0,0,34.4,59.9,35.6,14,51,33,10,High
KASC_2025_M12,Kings Cup,Al-Ahli,Abha,4,High,52044,51151,Inma Stadium (ملعب الإنماء),4,East,Home,21:05,9,19,Redirecting,0,0,34.4,59.9,35.6,14,51,33,11,High
KASC_2025_M12,Kings Cup,Al-Ahli,Abha,4,High,52044,51151,Inma Stadium (ملعب الإنماء),4,East,Home,21:10,9,19,Redirecting,0,0,34.4,59.9,35.6,9,28,28,7,High
KASC_2025_M12,Kings Cup,Al-Ahli,Abha,4,High,52044,51151,Inma Stadium (ملعب الإنماء),4,East,Home,21:15,9,19,Redirecting,0,0,34.4,59.9,35.6,8,15,17,5,High
KASC_2025_M12,Kings Cup,Al-Ahli,Abha,4,High,52044,51151,Inma Stadium (ملعب الإنماء),4,East,Home,21:20,9,19,Redirecting,0,0,34.4,59.9,35.6,16,16,9,2,High
KASC_2025_M12,Kings Cup,Al-Ahli,Abha,4,High,52044,51151,Inma Stadium (ملعب الإنماء),4,East,Home,21:25,9,19,Redirecting,0,0,34.4,59.9,35.6,14,15,10,9,Medium
KASC_2025_M12,Kings Cup,Al-Ahli,Abha,4,High,52044,51151,Inma Stadium (ملعب الإنماء),4,East,Home,21:30,9,19,Redirecting,0,0,34.4,59.9,35.6,12,10,8,1,High
KASC_2025_M12,Kings Cup,Al-Ahli,Abha,4,High,52044,51151,Inma Stadium (ملعب الإنماء),4,East,Home,21:35,9,19,Redirecting,0,0,34.4,59.9,35.6,13,13,9,0,High
KASC_2025_M12,Kings Cup,Al-Ahli,Abha,4,High,52044,51151,Inma Stadium (ملعب الإنماء),4,East,Home,21:40,9,19,Redirecting,0,0,34.4,59.9,35.6,12,13,10,3,High
KASC_2025_M12,Kings Cup,Al-Ahli,Abha,4,High,52044,51151,Inma Stadium (ملعب الإنماء),4,East,Home,21:45,9,19,Redirecting,0,0,34.4,59.9,35.6,16,7,4,1,High
KASC_2025_M12,Kings Cup,Al-Ahli,Abha,4,High,52044,51151,Inma Stadium (ملعب الإنماء),4,East,Home,21:50,9,19,Redirecting,0,0,34.4,59.9,35.6,16,1,1,1,Low
KASC_2025_M12,Kings Cup,Al-Ahli,Abha,4,High,52044,51151,Inma Stadium (ملعب الإنماء),4,East,Home,21:55,9,19,Redirecting,0,0,34.4,59.9,35.6,8,0,1,0,Medium
KASC_2025_M12,Kings Cup,Al-Ahli,Abha,4,High,52044,51151,Inma Stadium (ملعب الإنماء),4,East,Home,22:00,9,19,Redirecting,0,0,34.4,59.9,35.6,10,1,1,1,Low
KASC_2025_M12,Kings Cup,Al-Ahli,Abha,4,High,52044,51151,Inma Stadium (ملعب الإنماء),4,East,Home,22:05,9,19,Redirecting,0,0,34.4,59.9,35.6,13,1,1,1,Low
KASC_2025_M12,Kings Cup,Al-Ahli,Abha,4,High,52044,51151,Inma Stadium (ملعب الإنماء),4,East,Home,22:10,9,19,Redirecting,0,0,34.4,59.9,35.6,10,4,4,0,High
KASC_2025_M12,Kings Cup,Al-Ahli,Abha,4,High,52044,51151,Inma Stadium (ملعب الإنماء),4,East,Home,22:15,9,19,Redirecting,0,0,34.4,59.9,35.6,14,1,1,0,Medium
KASC_2025_M12,Kings Cup,Al-Ahli,Abha,4,High,52044,51151,Inma Stadium (ملعب الإنماء),4,East,Home,22:20,9,19,Redirecting,0,0,34.4,59.9,35.6,10,1,1,1,Low
KASC_2025_M12,Kings Cup,Al-Ahli,Abha,4,High,52044,51151,Inma Stadium (ملعب الإنماء),4,East,Home,22:25,9,19,Redirecting,0,0,34.4,59.9,35.6,6,0,0,0,Low
KASC_2025_M12,Kings Cup,Al-Ahli,Abha,4,High,52044,51151,Inma Stadium (ملعب الإنماء),4,East,Home,22:30,9,19,Redirecting,0,0,34.4,59.9,35.6,6,0,0,0,Low
KASC_2025_M12,Kings Cup,Al-Ahli,Abha,4,High,52044,51151,Inma Stadium (ملعب الإنماء),4,East,Home,22:35,9,19,Redirecting,0,0,34.4,59.9,35.6,10,2,2,0,High
KASC_2025_M12,Kings Cup,Al-Ahli,Abha,4,High,52044,51151,Inma Stadium (ملعب الإنماء),4,East,Home,22:40,9,19,Redirecting,0,0,34.4,59.9,35.6,9,0,0,0,Low
KASC_2025_M12,Kings Cup,Al-Ahli,Abha,4,High,52044,51151,Inma Stadium (ملعب الإنماء),4,East,Home,22:45,9,19,Redirecting,0,0,34.4,59.9,35.6,13,0,0,0,Low
KASC_2025_M12,Kings Cup,Al-Ahli,Abha,4,High,52044,51151,Inma Stadium (ملعب الإنماء),4,East,Home,22:50,9,19,Redirecting,0,0,34.4,59.9,35.6,9,0,0,0,Low
KASC_2025_M12,Kings Cup,Al-Ahli,Abha,4,High,52044,51151,Inma Stadium (ملعب الإنماء),4,East,Home,22:55,9,19,Redirecting,0,0,34.4,59.9,35.6,13,0,0,0,Low
KASC_2025_M12,Kings Cup,Al-Ahli,Abha,4,High,52044,51151,Inma Stadium (ملعب الإنماء),4,East,Home,23:00,9,19,Redirecting,0,0,34.4,59.9,35.6,15,0,0,0,Low
KASC_2025_M12,Kings Cup,Al-Ahli,Abha,4,High,52044,51151,Inma Stadium (ملعب الإنماء),4,East,Home,23:05,9,19,Redirecting,0,0,34.4,59.9,35.6,18,0,0,0,Low
KASC_2025_M12,Kings Cup,Al-Ahli,Abha,4,High,52044,51151,Inma Stadium (ملعب الإنماء),4,East,Home,23:10,9,19,Redirecting,0,0,34.4,59.9,35.6,13,0,0,0,Low
KASC_2025_M12,Kings Cup,Al-Ahli,Abha,4,High,52044,51151,Inma Stadium (ملعب الإنماء),4,East,Home,23:15,9,19,Redirecting,0,0,34.4,59.9,35.6,13,0,0,0,Low
KASC_2025_M12,Kings Cup,Al-Ahli,Abha,4,High,52044,51151,Inma Stadium (ملعب الإنماء),4,East,Home,23:20,9,19,Redirecting,0,0,34.4,59.9,35.6,11,0,0,0,Low
KASC_2025_M12,Kings Cup,Al-Ahli,Abha,4,High,52044,51151,Inma Stadium (ملعب الإنماء),4,East,Home,23:25,9,19,Redirecting,0,0,34.4,59.9,35.6,15,0,0,0,Low
KASC_2025_M12,Kings Cup,Al-Ahli,Abha,4,High,52044,51151,Inma Stadium (ملعب الإنماء),4,East,Home,23:30,9,19,Redirecting,0,0,34.4,59.9,35.6,14,0,0,0,Low
KASC_2025_M12,Kings Cup,Al-Ahli,Abha,4,High,52044,51151,Inma Stadium (ملعب الإنماء),4,East,Home,23:35,9,19,Redirecting,0,0,34.4,59.9,35.6,10,0,0,0,Low
KASC_2025_M12,Kings Cup,Al-Ahli,Abha,4,High,52044,51151,Inma Stadium (ملعب الإنماء),4,East,Home,23:40,9,19,Redirecting,0,0,34.4,59.9,35.6,11,0,0,0,Low
KASC_2025_M12,Kings Cup,Al-Ahli,Abha,4,High,52044,51151,Inma Stadium (ملعب الإنماء),4,East,Home,23:45,9,19,Redirecting,0,0,34.4,59.9,35.6,18,0,0,0,Low
KASC_2025_M12,Kings Cup,Al-Ahli,Abha,4,High,52044,51151,Inma Stadium (ملعب الإنماء),4,East,Home,23:50,9,19,Redirecting,0,0,34.4,59.9,35.6,11,0,0,0,Low
KASC_2025_M12,Kings Cup,Al-Ahli,Abha,4,High,52044,51151,Inma Stadium (ملعب الإنماء),4,East,Home,23:55,9,19,Redirecting,0,0,34.4,59.9,35.6,13,0,0,0,Low
KASC_2025_M12,Kings Cup,Al-Ahli,Abha,4,High,52044,51151,Inma Stadium (ملعب الإنماء),5,South,Away,17:00,5,13,Normal,0,0,34.4,59.9,35.6,6,0,0,0,Medium
KASC_2025_M12,Kings Cup,Al-Ahli,Abha,4,High,52044,51151,Inma Stadium (ملعب الإنماء),5,South,Away,17:05,5,13,Normal,0,0,34.4,59.9,35.6,13,0,0,0,Medium
KASC_2025_M12,Kings Cup,Al-Ahli,Abha,4,High,52044,51151,Inma Stadium (ملعب الإنماء),5,South,Away,17:10,5,13,Normal,0,0,34.4,59.9,35.6,11,0,0,0,Medium
KASC_2025_M12,Kings Cup,Al-Ahli,Abha,4,High,52044,51151,Inma Stadium (ملعب الإنماء),5,South,Away,17:15,5,13,Normal,0,0,34.4,59.9,35.6,11,0,0,0,Medium
KASC_2025_M12,Kings Cup,Al-Ahli,Abha,4,High,52044,51151,Inma Stadium (ملعب الإنماء),5,South,Away,17:20,5,13,Normal,0,0,34.4,59.9,35.6,16,0,0,0,Medium
KASC_2025_M12,Kings Cup,Al-Ahli,Abha,4,High,52044,51151,Inma Stadium (ملعب الإنماء),5,South,Away,17:25,5,13,Normal,0,0,34.4,59.9,35.6,15,0,0,0,Medium
KASC_2025_M12,Kings Cup,Al-Ahli,Abha,4,High,52044,51151,Inma Stadium (ملعب الإنماء),5,South,Away,17:30,5,13,Normal,0,0,34.4,59.9,35.6,11,2,1,0,High
KASC_2025_M12,Kings Cup,Al-Ahli,Abha,4,High,52044,51151,Inma Stadium (ملعب الإنماء),5,South,Away,17:35,5,13,Normal,0,0,34.4,59.9,35.6,17,10,3,1,High
KASC_2025_M12,Kings Cup,Al-Ahli,Abha,4,High,52044,51151,Inma Stadium (ملعب الإنماء),5,South,Away,17:40,5,13,Normal,0,0,34.4,59.9,35.6,13,2,1,1,Medium
KASC_2025_M12,Kings Cup,Al-Ahli,Abha,4,High,52044,51151,Inma Stadium (ملعب الإنماء),5,South,Away,17:45,5,13,Normal,0,0,34.4,59.9,35.6,11,6,3,2,Medium
KASC_2025_M12,Kings Cup,Al-Ahli,Abha,4,High,52044,51151,Inma Stadium (ملعب الإنماء),5,South,Away,17:50,5,13,Normal,0,0,34.4,59.9,35.6,7,1,1,5,Low
KASC_2025_M12,Kings Cup,Al-Ahli,Abha,4,High,52044,51151,Inma Stadium (ملعب الإنماء),5,South,Away,17:55,5,13,Normal,0,0,34.4,59.9,35.6,12,7,3,3,Medium
KASC_2025_M12,Kings Cup,Al-Ahli,Abha,4,High,52044,51151,Inma Stadium (ملعب الإنماء),5,South,Away,18:00,5,13,Normal,0,0,34.4,59.9,35.6,10,14,7,2,High
KASC_2025_M12,Kings Cup,Al-Ahli,Abha,4,High,52044,51151,Inma Stadium (ملعب الإنماء),5,South,Away,18:05,5,13,Normal,0,0,34.4,59.9,35.6,8,19,12,5,High
KASC_2025_M12,Kings Cup,Al-Ahli,Abha,4,High,52044,51151,Inma Stadium (ملعب الإنماء),5,South,Away,18:10,5,13,Normal,0,0,34.4,59.9,35.6,13,36,14,4,High
KASC_2025_M12,Kings Cup,Al-Ahli,Abha,4,High,52044,51151,Inma Stadium (ملعب الإنماء),5,South,Away,18:15,5,13,Normal,0,0,34.4,59.9,35.6,12,14,6,2,High
KASC_2025_M12,Kings Cup,Al-Ahli,Abha,4,High,52044,51151,Inma Stadium (ملعب الإنماء),5,South,Away,18:20,5,13,Normal,0,0,34.4,59.9,35.6,14,33,12,6,High
KASC_2025_M12,Kings Cup,Al-Ahli,Abha,4,High,52044,51151,Inma Stadium (ملعب الإنماء),5,South,Away,18:25,5,13,Normal,0,0,34.4,59.9,35.6,12,38,16,14,Medium
KASC_2025_M12,Kings Cup,Al-Ahli,Abha,4,High,52044,51151,Inma Stadium (ملعب الإنماء),5,South,Away,18:30,5,13,Normal,0,0,34.4,59.9,35.6,10,48,24,11,High
KASC_2025_M12,Kings Cup,Al-Ahli,Abha,4,High,52044,51151,Inma Stadium (ملعب الإنماء),5,South,Away,18:35,5,13,Normal,0,0,34.4,59.9,35.6,8,36,23,9,High
KASC_2025_M12,Kings Cup,Al-Ahli,Abha,4,High,52044,51151,Inma Stadium (ملعب الإنماء),5,South,Away,18:40,5,13,Normal,0,0,34.4,59.9,35.6,12,60,25,9,High
KASC_2025_M12,Kings Cup,Al-Ahli,Abha,4,High,52044,51151,Inma Stadium (ملعب الإنماء),5,South,Away,18:45,5,13,Normal,0,0,34.4,59.9,35.6,11,61,28,11,High
KASC_2025_M12,Kings Cup,Al-Ahli,Abha,4,High,52044,51151,Inma Stadium (ملعب الإنماء),5,South,Away,18:50,5,13,Normal,0,0,34.4,59.9,35.6,12,57,24,17,Medium
KASC_2025_M12,Kings Cup,Al-Ahli,Abha,4,High,52044,51151,Inma Stadium (ملعب الإنماء),5,South,Away,18:55,5,13,Normal,0,0,34.4,59.9,35.6,10,56,28,14,High
KASC_2025_M12,Kings Cup,Al-Ahli,Abha,4,High,52044,51151,Inma Stadium (ملعب الإنماء),5,South,Away,19:00,5,13,Normal,0,0,34.4,59.9,35.6,10,80,40,23,High
KASC_2025_M12,Kings Cup,Al-Ahli,Abha,4,High,52044,51151,Inma Stadium (ملعب الإنماء),5,South,Away,19:05,5,13,Normal,0,0,34.4,59.9,35.6,12,108,45,24,High
KASC_2025_M12,Kings Cup,Al-Ahli,Abha,4,High,52044,51151,Inma Stadium (ملعب الإنماء),5,South,Away,19:10,5,13,Normal,0,0,34.4,59.9,35.6,8,60,38,17,High
KASC_2025_M12,Kings Cup,Al-Ahli,Abha,4,High,52044,51151,Inma Stadium (ملعب الإنماء),5,South,Away,19:15,5,13,Normal,0,0,34.4,59.9,35.6,19,174,46,16,High
KASC_2025_M12,Kings Cup,Al-Ahli,Abha,4,High,52044,51151,Inma Stadium (ملعب الإنماء),5,South,Away,19:20,5,13,Normal,0,0,34.4,59.9,35.6,13,145,56,28,High
KASC_2025_M12,Kings Cup,Al-Ahli,Abha,4,High,52044,51151,Inma Stadium (ملعب الإنماء),5,South,Away,19:25,5,13,Normal,0,0,34.4,59.9,35.6,16,179,56,16,High
KASC_2025_M12,Kings Cup,Al-Ahli,Abha,4,High,52044,51151,Inma Stadium (ملعب الإنماء),5,South,Away,19:30,5,13,Normal,0,0,34.4,59.9,35.6,10,112,56,23,High
KASC_2025_M12,Kings Cup,Al-Ahli,Abha,4,High,52044,51151,Inma Stadium (ملعب الإنماء),5,South,Away,19:35,5,13,Normal,0,0,34.4,59.9,35.6,10,80,40,18,High
KASC_2025_M12,Kings Cup,Al-Ahli,Abha,4,High,52044,51151,Inma Stadium (ملعب الإنماء),5,South,Away,19:40,5,13,Normal,0,0,34.4,59.9,35.6,16,112,35,16,High
KASC_2025_M12,Kings Cup,Al-Ahli,Abha,4,High,52044,51151,Inma Stadium (ملعب الإنماء),5,South,Away,19:45,5,13,Normal,0,0,34.4,59.9,35.6,13,93,36,23,High
KASC_2025_M12,Kings Cup,Al-Ahli,Abha,4,High,52044,51151,Inma Stadium (ملعب الإنماء),5,South,Away,19:50,5,13,Normal,0,0,34.4,59.9,35.6,11,92,42,15,High
KASC_2025_M12,Kings Cup,Al-Ahli,Abha,4,High,52044,51151,Inma Stadium (ملعب الإنماء),5,South,Away,19:55,5,13,Normal,0,0,34.4,59.9,35.6,9,75,42,20,High
KASC_2025_M12,Kings Cup,Al-Ahli,Abha,4,High,52044,51151,Inma Stadium (ملعب الإنماء),5,South,Away,20:00,5,13,Normal,0,0,34.4,59.9,35.6,14,100,36,19,High
KASC_2025_M12,Kings Cup,Al-Ahli,Abha,4,High,52044,51151,Inma Stadium (ملعب الإنماء),5,South,Away,20:05,5,13,Normal,0,0,34.4,59.9,35.6,10,64,32,12,High
KASC_2025_M12,Kings Cup,Al-Ahli,Abha,4,High,52044,51151,Inma Stadium (ملعب الإنماء),5,South,Away,20:10,5,13,Normal,0,0,34.4,59.9,35.6,10,54,27,12,High
KASC_2025_M12,Kings Cup,Al-Ahli,Abha,4,High,52044,51151,Inma Stadium (ملعب الإنماء),5,South,Away,20:15,5,13,Normal,0,0,34.4,59.9,35.6,10,30,15,9,High
KASC_2025_M12,Kings Cup,Al-Ahli,Abha,4,High,52044,51151,Inma Stadium (ملعب الإنماء),5,South,Away,20:20,5,13,Normal,0,0,34.4,59.9,35.6,15,63,21,10,High
KASC_2025_M12,Kings Cup,Al-Ahli,Abha,4,High,52044,51151,Inma Stadium (ملعب الإنماء),5,South,Away,20:25,5,13,Normal,0,0,34.4,59.9,35.6,13,62,24,7,High
KASC_2025_M12,Kings Cup,Al-Ahli,Abha,4,High,52044,51151,Inma Stadium (ملعب الإنماء),5,South,Away,20:30,5,13,Normal,0,0,34.4,59.9,35.6,15,48,16,6,High
KASC_2025_M12,Kings Cup,Al-Ahli,Abha,4,High,52044,51151,Inma Stadium (ملعب الإنماء),5,South,Away,20:35,5,13,Normal,0,0,34.4,59.9,35.6,9,27,15,4,High
KASC_2025_M12,Kings Cup,Al-Ahli,Abha,4,High,52044,51151,Inma Stadium (ملعب الإنماء),5,South,Away,20:40,5,13,Normal,0,0,34.4,59.9,35.6,8,16,10,4,High
KASC_2025_M12,Kings Cup,Al-Ahli,Abha,4,High,52044,51151,Inma Stadium (ملعب الإنماء),5,South,Away,20:45,5,13,Normal,0,0,34.4,59.9,35.6,10,22,11,1,High
KASC_2025_M12,Kings Cup,Al-Ahli,Abha,4,High,52044,51151,Inma Stadium (ملعب الإنماء),5,South,Away,20:50,5,13,Normal,0,0,34.4,59.9,35.6,9,14,8,5,Medium
KASC_2025_M12,Kings Cup,Al-Ahli,Abha,4,High,52044,51151,Inma Stadium (ملعب الإنماء),5,South,Away,20:55,5,13,Normal,0,0,34.4,59.9,35.6,10,10,5,2,High
KASC_2025_M12,Kings Cup,Al-Ahli,Abha,4,High,52044,51151,Inma Stadium (ملعب الإنماء),5,South,Away,21:00,5,13,Normal,0,0,34.4,59.9,35.6,14,8,3,4,Medium
KASC_2025_M12,Kings Cup,Al-Ahli,Abha,4,High,52044,51151,Inma Stadium (ملعب الإنماء),5,South,Away,21:05,5,13,Normal,0,0,34.4,59.9,35.6,13,13,5,1,High
KASC_2025_M12,Kings Cup,Al-Ahli,Abha,4,High,52044,51151,Inma Stadium (ملعب الإنماء),5,South,Away,21:10,5,13,Normal,0,0,34.4,59.9,35.6,7,4,3,3,Medium
KASC_2025_M12,Kings Cup,Al-Ahli,Abha,4,High,52044,51151,Inma Stadium (ملعب الإنماء),5,South,Away,21:15,5,13,Normal,0,0,34.4,59.9,35.6,10,2,1,0,High
KASC_2025_M12,Kings Cup,Al-Ahli,Abha,4,High,52044,51151,Inma Stadium (ملعب الإنماء),5,South,Away,21:20,5,13,Normal,0,0,34.4,59.9,35.6,13,5,2,2,Medium
KASC_2025_M12,Kings Cup,Al-Ahli,Abha,4,High,52044,51151,Inma Stadium (ملعب الإنماء),5,South,Away,21:25,5,13,Normal,0,0,34.4,59.9,35.6,12,2,1,0,High
KASC_2025_M12,Kings Cup,Al-Ahli,Abha,4,High,52044,51151,Inma Stadium (ملعب الإنماء),5,South,Away,21:30,5,13,Normal,0,0,34.4,59.9,35.6,13,0,0,1,Low
KASC_2025_M12,Kings Cup,Al-Ahli,Abha,4,High,52044,51151,Inma Stadium (ملعب الإنماء),5,South,Away,21:35,5,13,Normal,0,0,34.4,59.9,35.6,9,0,0,1,Low
KASC_2025_M12,Kings Cup,Al-Ahli,Abha,4,High,52044,51151,Inma Stadium (ملعب الإنماء),5,South,Away,21:40,5,13,Normal,0,0,34.4,59.9,35.6,10,0,0,0,Medium
KASC_2025_M12,Kings Cup,Al-Ahli,Abha,4,High,52044,51151,Inma Stadium (ملعب الإنماء),5,South,Away,21:45,5,13,Normal,0,0,34.4,59.9,35.6,15,0,0,0,Medium
KASC_2025_M12,Kings Cup,Al-Ahli,Abha,4,High,52044,51151,Inma Stadium (ملعب الإنماء),5,South,Away,21:50,5,13,Normal,0,0,34.4,59.9,35.6,12,0,0,0,Medium
KASC_2025_M12,Kings Cup,Al-Ahli,Abha,4,High,52044,51151,Inma Stadium (ملعب الإنماء),5,South,Away,21:55,5,13,Normal,0,0,34.4,59.9,35.6,14,0,0,0,Medium
KASC_2025_M12,Kings Cup,Al-Ahli,Abha,4,High,52044,51151,Inma Stadium (ملعب الإنماء),5,South,Away,22:00,5,13,Normal,0,0,34.4,59.9,35.6,9,0,0,0,Medium
KASC_2025_M12,Kings Cup,Al-Ahli,Abha,4,High,52044,51151,Inma Stadium (ملعب الإنماء),5,South,Away,22:05,5,13,Normal,0,0,34.4,59.9,35.6,11,0,0,0,Medium
KASC_2025_M12,Kings Cup,Al-Ahli,Abha,4,High,52044,51151,Inma Stadium (ملعب الإنماء),5,South,Away,22:10,5,13,Normal,0,0,34.4,59.9,35.6,16,0,0,0,Medium
KASC_2025_M12,Kings Cup,Al-Ahli,Abha,4,High,52044,51151,Inma Stadium (ملعب الإنماء),5,South,Away,22:15,5,13,Normal,0,0,34.4,59.9,35.6,16,0,0,0,Medium
KASC_2025_M12,Kings Cup,Al-Ahli,Abha,4,High,52044,51151,Inma Stadium (ملعب الإنماء),5,South,Away,22:20,5,13,Normal,0,0,34.4,59.9,35.6,14,0,0,0,Medium
KASC_2025_M12,Kings Cup,Al-Ahli,Abha,4,High,52044,51151,Inma Stadium (ملعب الإنماء),5,South,Away,22:25,5,13,Normal,0,0,34.4,59.9,35.6,10,0,0,0,Medium
KASC_2025_M12,Kings Cup,Al-Ahli,Abha,4,High,52044,51151,Inma Stadium (ملعب الإنماء),5,South,Away,22:30,5,13,Normal,0,0,34.4,59.9,35.6,11,0,0,0,Medium
KASC_2025_M12,Kings Cup,Al-Ahli,Abha,4,High,52044,51151,Inma Stadium (ملعب الإنماء),5,South,Away,22:35,5,13,Normal,0,0,34.4,59.9,35.6,8,0,0,0,Medium
KASC_2025_M12,Kings Cup,Al-Ahli,Abha,4,High,52044,51151,Inma Stadium (ملعب الإنماء),5,South,Away,22:40,5,13,Normal,0,0,34.4,59.9,35.6,11,0,0,0,Medium
KASC_2025_M12,Kings Cup,Al-Ahli,Abha,4,High,52044,51151,Inma Stadium (ملعب الإنماء),5,South,Away,22:45,5,13,Normal,0,0,34.4,59.9,35.6,8,0,0,0,Medium
KASC_2025_M12,Kings Cup,Al-Ahli,Abha,4,High,52044,51151,Inma Stadium (ملعب الإنماء),5,South,Away,22:50,5,13,Normal,0,0,34.4,59.9,35.6,9,0,0,0,Medium
KASC_2025_M12,Kings Cup,Al-Ahli,Abha,4,High,52044,51151,Inma Stadium (ملعب الإنماء),5,South,Away,22:55,5,13,Normal,0,0,34.4,59.9,35.6,11,0,0,0,Medium
KASC_2025_M12,Kings Cup,Al-Ahli,Abha,4,High,52044,51151,Inma Stadium (ملعب الإنماء),5,South,Away,23:00,5,13,Normal,0,0,34.4,59.9,35.6,11,0,0,0,Medium
KASC_2025_M12,Kings Cup,Al-Ahli,Abha,4,High,52044,51151,Inma Stadium (ملعب الإنماء),5,South,Away,23:05,5,13,Normal,0,0,34.4,59.9,35.6,6,0,0,0,Medium
KASC_2025_M12,Kings Cup,Al-Ahli,Abha,4,High,52044,51151,Inma Stadium (ملعب الإنماء),5,South,Away,23:10,5,13,Normal,0,0,34.4,59.9,35.6,13,0,0,0,Medium
KASC_2025_M12,Kings Cup,Al-Ahli,Abha,4,High,52044,51151,Inma Stadium (ملعب الإنماء),5,South,Away,23:15,5,13,Normal,0,0,34.4,59.9,35.6,11,0,0,0,Medium
KASC_2025_M12,Kings Cup,Al-Ahli,Abha,4,High,52044,51151,Inma Stadium (ملعب الإنماء),5,South,Away,23:20,5,13,Normal,0,0,34.4,59.9,35.6,16,0,0,0,Medium
KASC_2025_M12,Kings Cup,Al-Ahli,Abha,4,High,52044,51151,Inma Stadium (ملعب الإنماء),5,South,Away,23:25,5,13,Normal,0,0,34.4,59.9,35.6,6,0,0,0,Medium
KASC_2025_M12,Kings Cup,Al-Ahli,Abha,4,High,52044,51151,Inma Stadium (ملعب الإنماء),5,South,Away,23:30,5,13,Normal,0,0,34.4,59.9,35.6,14,0,0,0,Medium
KASC_2025_M12,Kings Cup,Al-Ahli,Abha,4,High,52044,51151,Inma Stadium (ملعب الإنماء),5,South,Away,23:35,5,13,Normal,0,0,34.4,59.9,35.6,16,0,0,0,Medium
KASC_2025_M12,Kings Cup,Al-Ahli,Abha,4,High,52044,51151,Inma Stadium (ملعب الإنماء),5,South,Away,23:40,5,13,Normal,0,0,34.4,59.9,35.6,13,0,0,0,Medium
KASC_2025_M12,Kings Cup,Al-Ahli,Abha,4,High,52044,51151,Inma Stadium (ملعب الإنماء),5,South,Away,23:45,5,13,Normal,0,0,34.4,59.9,35.6,8,0,0,0,Medium
KASC_2025_M12,Kings Cup,Al-Ahli,Abha,4,High,52044,51151,Inma Stadium (ملعب الإنماء),5,South,Away,23:50,5,13,Normal,0,0,34.4,59.9,35.6,12,0,0,0,Medium
KASC_2025_M12,Kings Cup,Al-Ahli,Abha,4,High,52044,51151,Inma Stadium (ملعب الإنماء),5,South,Away,23:55,5,13,Normal,0,0,34.4,59.9,35.6,9,0,0,0,Medium
KASC_2025_M12,Kings Cup,Al-Ahli,Abha,4,High,52044,51151,Inma Stadium (ملعب الإنماء),6,West,VIP,17:00,5,14,Normal,0,0,34.4,59.9,35.6,9,0,0,0,Medium
KASC_2025_M12,Kings Cup,Al-Ahli,Abha,4,High,52044,51151,Inma Stadium (ملعب الإنماء),6,West,VIP,17:05,5,14,Normal,0,0,34.4,59.9,35.6,13,0,0,0,Medium
KASC_2025_M12,Kings Cup,Al-Ahli,Abha,4,High,52044,51151,Inma Stadium (ملعب الإنماء),6,West,VIP,17:10,5,14,Normal,0,0,34.4,59.9,35.6,10,0,0,0,Medium
KASC_2025_M12,Kings Cup,Al-Ahli,Abha,4,High,52044,51151,Inma Stadium (ملعب الإنماء),6,West,VIP,17:15,5,14,Normal,0,0,34.4,59.9,35.6,12,0,0,0,Medium
KASC_2025_M12,Kings Cup,Al-Ahli,Abha,4,High,52044,51151,Inma Stadium (ملعب الإنماء),6,West,VIP,17:20,5,14,Normal,0,0,34.4,59.9,35.6,16,0,0,0,Medium
KASC_2025_M12,Kings Cup,Al-Ahli,Abha,4,High,52044,51151,Inma Stadium (ملعب الإنماء),6,West,VIP,17:25,5,14,Normal,0,0,34.4,59.9,35.6,14,0,0,0,Medium
KASC_2025_M12,Kings Cup,Al-Ahli,Abha,4,High,52044,51151,Inma Stadium (ملعب الإنماء),6,West,VIP,17:30,5,14,Normal,0,0,34.4,59.9,35.6,10,0,0,0,Medium
KASC_2025_M12,Kings Cup,Al-Ahli,Abha,4,High,52044,51151,Inma Stadium (ملعب الإنماء),6,West,VIP,17:35,5,14,Normal,0,0,34.4,59.9,35.6,10,0,0,0,Medium
KASC_2025_M12,Kings Cup,Al-Ahli,Abha,4,High,52044,51151,Inma Stadium (ملعب الإنماء),6,West,VIP,17:40,5,14,Normal,0,0,34.4,59.9,35.6,16,0,0,0,Medium
KASC_2025_M12,Kings Cup,Al-Ahli,Abha,4,High,52044,51151,Inma Stadium (ملعب الإنماء),6,West,VIP,17:45,5,14,Normal,0,0,34.4,59.9,35.6,16,0,0,0,Medium
KASC_2025_M12,Kings Cup,Al-Ahli,Abha,4,High,52044,51151,Inma Stadium (ملعب الإنماء),6,West,VIP,17:50,5,14,Normal,0,0,34.4,59.9,35.6,8,0,0,0,Medium
KASC_2025_M12,Kings Cup,Al-Ahli,Abha,4,High,52044,51151,Inma Stadium (ملعب الإنماء),6,West,VIP,17:55,5,14,Normal,0,0,34.4,59.9,35.6,6,3,3,1,High
KASC_2025_M12,Kings Cup,Al-Ahli,Abha,4,High,52044,51151,Inma Stadium (ملعب الإنماء),6,West,VIP,18:00,5,14,Normal,0,0,34.4,59.9,35.6,11,0,0,2,Low
KASC_2025_M12,Kings Cup,Al-Ahli,Abha,4,High,52044,51151,Inma Stadium (ملعب الإنماء),6,West,VIP,18:05,5,14,Normal,0,0,34.4,59.9,35.6,11,4,2,0,High
KASC_2025_M12,Kings Cup,Al-Ahli,Abha,4,High,52044,51151,Inma Stadium (ملعب الإنماء),6,West,VIP,18:10,5,14,Normal,0,0,34.4,59.9,35.6,15,0,0,0,Medium
KASC_2025_M12,Kings Cup,Al-Ahli,Abha,4,High,52044,51151,Inma Stadium (ملعب الإنماء),6,West,VIP,18:15,5,14,Normal,0,0,34.4,59.9,35.6,10,10,5,0,High
KASC_2025_M12,Kings Cup,Al-Ahli,Abha,4,High,52044,51151,Inma Stadium (ملعب الإنماء),6,West,VIP,18:20,5,14,Normal,0,0,34.4,59.9,35.6,11,4,2,2,Medium
KASC_2025_M12,Kings Cup,Al-Ahli,Abha,4,High,52044,51151,Inma Stadium (ملعب الإنماء),6,West,VIP,18:25,5,14,Normal,0,0,34.4,59.9,35.6,11,13,6,4,Medium
KASC_2025_M12,Kings Cup,Al-Ahli,Abha,4,High,52044,51151,Inma Stadium (ملعب الإنماء),6,West,VIP,18:30,5,14,Normal,0,0,34.4,59.9,35.6,6,6,5,1,High
KASC_2025_M12,Kings Cup,Al-Ahli,Abha,4,High,52044,51151,Inma Stadium (ملعب الإنماء),6,West,VIP,18:35,5,14,Normal,0,0,34.4,59.9,35.6,9,10,6,3,High
KASC_2025_M12,Kings Cup,Al-Ahli,Abha,4,High,52044,51151,Inma Stadium (ملعب الإنماء),6,West,VIP,18:40,5,14,Normal,0,0,34.4,59.9,35.6,14,16,6,3,High
KASC_2025_M12,Kings Cup,Al-Ahli,Abha,4,High,52044,51151,Inma Stadium (ملعب الإنماء),6,West,VIP,18:45,5,14,Normal,0,0,34.4,59.9,35.6,12,21,9,4,High
KASC_2025_M12,Kings Cup,Al-Ahli,Abha,4,High,52044,51151,Inma Stadium (ملعب الإنماء),6,West,VIP,18:50,5,14,Normal,0,0,34.4,59.9,35.6,9,21,12,5,High
KASC_2025_M12,Kings Cup,Al-Ahli,Abha,4,High,52044,51151,Inma Stadium (ملعب الإنماء),6,West,VIP,18:55,5,14,Normal,0,0,34.4,59.9,35.6,13,49,19,6,High
KASC_2025_M12,Kings Cup,Al-Ahli,Abha,4,High,52044,51151,Inma Stadium (ملعب الإنماء),6,West,VIP,19:00,5,14,Normal,0,0,34.4,59.9,35.6,13,26,10,3,High
KASC_2025_M12,Kings Cup,Al-Ahli,Abha,4,High,52044,51151,Inma Stadium (ملعب الإنماء),6,West,VIP,19:05,5,14,Normal,0,0,34.4,59.9,35.6,11,37,17,7,High
KASC_2025_M12,Kings Cup,Al-Ahli,Abha,4,High,52044,51151,Inma Stadium (ملعب الإنماء),6,West,VIP,19:10,5,14,Normal,0,0,34.4,59.9,35.6,13,57,22,9,High
KASC_2025_M12,Kings Cup,Al-Ahli,Abha,4,High,52044,51151,Inma Stadium (ملعب الإنماء),6,West,VIP,19:15,5,14,Normal,0,0,34.4,59.9,35.6,11,22,10,7,Medium
KASC_2025_M12,Kings Cup,Al-Ahli,Abha,4,High,52044,51151,Inma Stadium (ملعب الإنماء),6,West,VIP,19:20,5,14,Normal,0,0,34.4,59.9,35.6,7,26,19,13,Medium
KASC_2025_M12,Kings Cup,Al-Ahli,Abha,4,High,52044,51151,Inma Stadium (ملعب الإنماء),6,West,VIP,19:25,5,14,Normal,0,0,34.4,59.9,35.6,10,36,18,13,Medium
KASC_2025_M12,Kings Cup,Al-Ahli,Abha,4,High,52044,51151,Inma Stadium (ملعب الإنماء),6,West,VIP,19:30,5,14,Normal,0,0,34.4,59.9,35.6,11,41,19,5,High
KASC_2025_M12,Kings Cup,Al-Ahli,Abha,4,High,52044,51151,Inma Stadium (ملعب الإنماء),6,West,VIP,19:35,5,14,Normal,0,0,34.4,59.9,35.6,11,50,23,6,High
KASC_2025_M12,Kings Cup,Al-Ahli,Abha,4,High,52044,51151,Inma Stadium (ملعب الإنماء),6,West,VIP,19:40,5,14,Normal,0,0,34.4,59.9,35.6,7,40,29,8,High
KASC_2025_M12,Kings Cup,Al-Ahli,Abha,4,High,52044,51151,Inma Stadium (ملعب الإنماء),6,West,VIP,19:45,5,14,Normal,0,0,34.4,59.9,35.6,15,45,15,10,Medium
KASC_2025_M12,Kings Cup,Al-Ahli,Abha,4,High,52044,51151,Inma Stadium (ملعب الإنماء),6,West,VIP,19:50,5,14,Normal,0,0,34.4,59.9,35.6,13,54,21,7,High
KASC_2025_M12,Kings Cup,Al-Ahli,Abha,4,High,52044,51151,Inma Stadium (ملعب الإنماء),6,West,VIP,19:55,5,14,Normal,0,0,34.4,59.9,35.6,13,39,15,7,High
KASC_2025_M12,Kings Cup,Al-Ahli,Abha,4,High,52044,51151,Inma Stadium (ملعب الإنماء),6,West,VIP,20:00,5,14,Normal,0,0,34.4,59.9,35.6,13,41,16,3,High
KASC_2025_M12,Kings Cup,Al-Ahli,Abha,4,High,52044,51151,Inma Stadium (ملعب الإنماء),6,West,VIP,20:05,5,14,Normal,0,0,34.4,59.9,35.6,9,25,14,7,High
KASC_2025_M12,Kings Cup,Al-Ahli,Abha,4,High,52044,51151,Inma Stadium (ملعب الإنماء),6,West,VIP,20:10,5,14,Normal,0,0,34.4,59.9,35.6,17,47,14,5,High
KASC_2025_M12,Kings Cup,Al-Ahli,Abha,4,High,52044,51151,Inma Stadium (ملعب الإنماء),6,West,VIP,20:15,5,14,Normal,0,0,34.4,59.9,35.6,14,42,15,2,High
KASC_2025_M12,Kings Cup,Al-Ahli,Abha,4,High,52044,51151,Inma Stadium (ملعب الإنماء),6,West,VIP,20:20,5,14,Normal,0,0,34.4,59.9,35.6,12,19,8,3,High
KASC_2025_M12,Kings Cup,Al-Ahli,Abha,4,High,52044,51151,Inma Stadium (ملعب الإنماء),6,West,VIP,20:25,5,14,Normal,0,0,34.4,59.9,35.6,11,8,4,3,Medium
KASC_2025_M12,Kings Cup,Al-Ahli,Abha,4,High,52044,51151,Inma Stadium (ملعب الإنماء),6,West,VIP,20:30,5,14,Normal,0,0,34.4,59.9,35.6,6,10,9,2,High
KASC_2025_M12,Kings Cup,Al-Ahli,Abha,4,High,52044,51151,Inma Stadium (ملعب الإنماء),6,West,VIP,20:35,5,14,Normal,0,0,34.4,59.9,35.6,7,5,4,3,Medium
KASC_2025_M12,Kings Cup,Al-Ahli,Abha,4,High,52044,51151,Inma Stadium (ملعب الإنماء),6,West,VIP,20:40,5,14,Normal,0,0,34.4,59.9,35.6,8,1,1,2,Low
KASC_2025_M12,Kings Cup,Al-Ahli,Abha,4,High,52044,51151,Inma Stadium (ملعب الإنماء),6,West,VIP,20:45,5,14,Normal,0,0,34.4,59.9,35.6,11,11,5,3,Medium
KASC_2025_M12,Kings Cup,Al-Ahli,Abha,4,High,52044,51151,Inma Stadium (ملعب الإنماء),6,West,VIP,20:50,5,14,Normal,0,0,34.4,59.9,35.6,11,4,2,1,Medium
KASC_2025_M12,Kings Cup,Al-Ahli,Abha,4,High,52044,51151,Inma Stadium (ملعب الإنماء),6,West,VIP,20:55,5,14,Normal,0,0,34.4,59.9,35.6,11,2,1,2,Low
KASC_2025_M12,Kings Cup,Al-Ahli,Abha,4,High,52044,51151,Inma Stadium (ملعب الإنماء),6,West,VIP,21:00,5,14,Normal,0,0,34.4,59.9,35.6,17,0,0,3,Low
KASC_2025_M12,Kings Cup,Al-Ahli,Abha,4,High,52044,51151,Inma Stadium (ملعب الإنماء),6,West,VIP,21:05,5,14,Normal,0,0,34.4,59.9,35.6,10,0,0,0,Medium
KASC_2025_M12,Kings Cup,Al-Ahli,Abha,4,High,52044,51151,Inma Stadium (ملعب الإنماء),6,West,VIP,21:10,5,14,Normal,0,0,34.4,59.9,35.6,11,0,0,2,Low
KASC_2025_M12,Kings Cup,Al-Ahli,Abha,4,High,52044,51151,Inma Stadium (ملعب الإنماء),6,West,VIP,21:15,5,14,Normal,0,0,34.4,59.9,35.6,14,0,0,0,Medium
KASC_2025_M12,Kings Cup,Al-Ahli,Abha,4,High,52044,51151,Inma Stadium (ملعب الإنماء),6,West,VIP,21:20,5,14,Normal,0,0,34.4,59.9,35.6,8,0,0,0,Medium
KASC_2025_M12,Kings Cup,Al-Ahli,Abha,4,High,52044,51151,Inma Stadium (ملعب الإنماء),6,West,VIP,21:25,5,14,Normal,0,0,34.4,59.9,35.6,14,0,0,0,Medium
KASC_2025_M12,Kings Cup,Al-Ahli,Abha,4,High,52044,51151,Inma Stadium (ملعب الإنماء),6,West,VIP,21:30,5,14,Normal,0,0,34.4,59.9,35.6,12,0,0,0,Medium
KASC_2025_M12,Kings Cup,Al-Ahli,Abha,4,High,52044,51151,Inma Stadium (ملعب الإنماء),6,West,VIP,21:35,5,14,Normal,0,0,34.4,59.9,35.6,13,0,0,0,Medium
KASC_2025_M12,Kings Cup,Al-Ahli,Abha,4,High,52044,51151,Inma Stadium (ملعب الإنماء),6,West,VIP,21:40,5,14,Normal,0,0,34.4,59.9,35.6,9,0,0,0,Medium
KASC_2025_M12,Kings Cup,Al-Ahli,Abha,4,High,52044,51151,Inma Stadium (ملعب الإنماء),6,West,VIP,21:45,5,14,Normal,0,0,34.4,59.9,35.6,9,0,0,0,Medium
KASC_2025_M12,Kings Cup,Al-Ahli,Abha,4,High,52044,51151,Inma Stadium (ملعب الإنماء),6,West,VIP,21:50,5,14,Normal,0,0,34.4,59.9,35.6,9,0,0,0,Medium
KASC_2025_M12,Kings Cup,Al-Ahli,Abha,4,High,52044,51151,Inma Stadium (ملعب الإنماء),6,West,VIP,21:55,5,14,Normal,0,0,34.4,59.9,35.6,6,0,0,0,Medium
KASC_2025_M12,Kings Cup,Al-Ahli,Abha,4,High,52044,51151,Inma Stadium (ملعب الإنماء),6,West,VIP,22:00,5,14,Normal,0,0,34.4,59.9,35.6,17,0,0,0,Medium
KASC_2025_M12,Kings Cup,Al-Ahli,Abha,4,High,52044,51151,Inma Stadium (ملعب الإنماء),6,West,VIP,22:05,5,14,Normal,0,0,34.4,59.9,35.6,11,0,0,0,Medium
KASC_2025_M12,Kings Cup,Al-Ahli,Abha,4,High,52044,51151,Inma Stadium (ملعب الإنماء),6,West,VIP,22:10,5,14,Normal,0,0,34.4,59.9,35.6,15,0,0,0,Medium
KASC_2025_M12,Kings Cup,Al-Ahli,Abha,4,High,52044,51151,Inma Stadium (ملعب الإنماء),6,West,VIP,22:15,5,14,Normal,0,0,34.4,59.9,35.6,13,0,0,0,Medium
KASC_2025_M12,Kings Cup,Al-Ahli,Abha,4,High,52044,51151,Inma Stadium (ملعب الإنماء),6,West,VIP,22:20,5,14,Normal,0,0,34.4,59.9,35.6,15,0,0,0,Medium
KASC_2025_M12,Kings Cup,Al-Ahli,Abha,4,High,52044,51151,Inma Stadium (ملعب الإنماء),6,West,VIP,22:25,5,14,Normal,0,0,34.4,59.9,35.6,12,0,0,0,Medium
KASC_2025_M12,Kings Cup,Al-Ahli,Abha,4,High,52044,51151,Inma Stadium (ملعب الإنماء),6,West,VIP,22:30,5,14,Normal,0,0,34.4,59.9,35.6,12,0,0,0,Medium
KASC_2025_M12,Kings Cup,Al-Ahli,Abha,4,High,52044,51151,Inma Stadium (ملعب الإنماء),6,West,VIP,22:35,5,14,Normal,0,0,34.4,59.9,35.6,12,0,0,0,Medium
KASC_2025_M12,Kings Cup,Al-Ahli,Abha,4,High,52044,51151,Inma Stadium (ملعب الإنماء),6,West,VIP,22:40,5,14,Normal,0,0,34.4,59.9,35.6,13,0,0,0,Medium
KASC_2025_M12,Kings Cup,Al-Ahli,Abha,4,High,52044,51151,Inma Stadium (ملعب الإنماء),6,West,VIP,22:45,5,14,Normal,0,0,34.4,59.9,35.6,10,0,0,0,Medium
KASC_2025_M12,Kings Cup,Al-Ahli,Abha,4,High,52044,51151,Inma Stadium (ملعب الإنماء),6,West,VIP,22:50,5,14,Normal,0,0,34.4,59.9,35.6,10,0,0,0,Medium
KASC_2025_M12,Kings Cup,Al-Ahli,Abha,4,High,52044,51151,Inma Stadium (ملعب الإنماء),6,West,VIP,22:55,5,14,Normal,0,0,34.4,59.9,35.6,13,0,0,0,Medium
KASC_2025_M12,Kings Cup,Al-Ahli,Abha,4,High,52044,51151,Inma Stadium (ملعب الإنماء),6,West,VIP,23:00,5,14,Normal,0,0,34.4,59.9,35.6,14,0,0,0,Medium
KASC_2025_M12,Kings Cup,Al-Ahli,Abha,4,High,52044,51151,Inma Stadium (ملعب الإنماء),6,West,VIP,23:05,5,14,Normal,0,0,34.4,59.9,35.6,8,0,0,0,Medium
KASC_2025_M12,Kings Cup,Al-Ahli,Abha,4,High,52044,51151,Inma Stadium (ملعب الإنماء),6,West,VIP,23:10,5,14,Normal,0,0,34.4,59.9,35.6,6,0,0,0,Medium
KASC_2025_M12,Kings Cup,Al-Ahli,Abha,4,High,52044,51151,Inma Stadium (ملعب الإنماء),6,West,VIP,23:15,5,14,Normal,0,0,34.4,59.9,35.6,12,0,0,0,Medium
KASC_2025_M12,Kings Cup,Al-Ahli,Abha,4,High,52044,51151,Inma Stadium (ملعب الإنماء),6,West,VIP,23:20,5,14,Normal,0,0,34.4,59.9,35.6,13,0,0,0,Medium
KASC_2025_M12,Kings Cup,Al-Ahli,Abha,4,High,52044,51151,Inma Stadium (ملعب الإنماء),6,West,VIP,23:25,5,14,Normal,0,0,34.4,59.9,35.6,12,0,0,0,Medium
KASC_2025_M12,Kings Cup,Al-Ahli,Abha,4,High,52044,51151,Inma Stadium (ملعب الإنماء),6,West,VIP,23:30,5,14,Normal,0,0,34.4,59.9,35.6,17,0,0,0,Medium
KASC_2025_M12,Kings Cup,Al-Ahli,Abha,4,High,52044,51151,Inma Stadium (ملعب الإنماء),6,West,VIP,23:35,5,14,Normal,0,0,34.4,59.9,35.6,16,0,0,0,Medium
KASC_2025_M12,Kings Cup,Al-Ahli,Abha,4,High,52044,51151,Inma Stadium (ملعب الإنماء),6,West,VIP,23:40,5,14,Normal,0,0,34.4,59.9,35.6,9,0,0,0,Medium
KASC_2025_M12,Kings Cup,Al-Ahli,Abha,4,High,52044,51151,Inma Stadium (ملعب الإنماء),6,West,VIP,23:45,5,14,Normal,0,0,34.4,59.9,35.6,15,0,0,0,Medium
KASC_2025_M12,Kings Cup,Al-Ahli,Abha,4,High,52044,51151,Inma Stadium (ملعب الإنماء),6,West,VIP,23:50,5,14,Normal,0,0,34.4,59.9,35.6,9,0,0,0,Medium
KASC_2025_M12,Kings Cup,Al-Ahli,Abha,4,High,52044,51151,Inma Stadium (ملعب الإنماء),6,West,VIP,23:55,5,14,Normal,0,0,34.4,59.9,35.6,8,0,0,0,Medium
KASC_2025_M13,League,Al-Ittihad,Damac,3,Normal,44193,42800,Inma Stadium (ملعب الإنماء),1,North,Home,17:00,9,24,Redirecting,0,0,31.1,62.1,32.3,12,1,1,1,Low
KASC_2025_M13,League,Al-Ittihad,Damac,3,Normal,44193,42800,Inma Stadium (ملعب الإنماء),1,North,Home,17:05,9,24,Redirecting,0,0,31.1,62.1,32.3,9,2,2,0,High
KASC_2025_M13,League,Al-Ittihad,Damac,3,Normal,44193,42800,Inma Stadium (ملعب الإنماء),1,North,Home,17:10,9,24,Redirecting,0,0,31.1,62.1,32.3,13,2,2,2,Low
KASC_2025_M13,League,Al-Ittihad,Damac,3,Normal,44193,42800,Inma Stadium (ملعب الإنماء),1,North,Home,17:15,9,24,Redirecting,0,0,31.1,62.1,32.3,13,20,14,2,High
KASC_2025_M13,League,Al-Ittihad,Damac,3,Normal,44193,42800,Inma Stadium (ملعب الإنماء),1,North,Home,17:20,9,24,Redirecting,0,0,31.1,62.1,32.3,13,2,2,0,High
KASC_2025_M13,League,Al-Ittihad,Damac,3,Normal,44193,42800,Inma Stadium (ملعب الإنماء),1,North,Home,17:25,9,24,Redirecting,0,0,31.1,62.1,32.3,14,20,13,1,High
KASC_2025_M13,League,Al-Ittihad,Damac,3,Normal,44193,42800,Inma Stadium (ملعب الإنماء),1,North,Home,17:30,9,24,Redirecting,0,0,31.1,62.1,32.3,9,16,16,2,High
KASC_2025_M13,League,Al-Ittihad,Damac,3,Normal,44193,42800,Inma Stadium (ملعب الإنماء),1,North,Home,17:35,9,24,Redirecting,0,0,31.1,62.1,32.3,14,28,18,3,High
KASC_2025_M13,League,Al-Ittihad,Damac,3,Normal,44193,42800,Inma Stadium (ملعب الإنماء),1,North,Home,17:40,9,24,Redirecting,0,0,31.1,62.1,32.3,13,18,13,2,High
KASC_2025_M13,League,Al-Ittihad,Damac,3,Normal,44193,42800,Inma Stadium (ملعب الإنماء),1,North,Home,17:45,9,24,Redirecting,0,0,31.1,62.1,32.3,13,26,18,3,High
KASC_2025_M13,League,Al-Ittihad,Damac,3,Normal,44193,42800,Inma Stadium (ملعب الإنماء),1,North,Home,17:50,9,24,Redirecting,0,0,31.1,62.1,32.3,12,36,27,5,High
KASC_2025_M13,League,Al-Ittihad,Damac,3,Normal,44193,42800,Inma Stadium (ملعب الإنماء),1,North,Home,17:55,9,24,Redirecting,0,0,31.1,62.1,32.3,11,19,16,5,High
KASC_2025_M13,League,Al-Ittihad,Damac,3,Normal,44193,42800,Inma Stadium (ملعب الإنماء),1,North,Home,18:00,9,24,Redirecting,0,0,31.1,62.1,32.3,8,27,31,9,High
KASC_2025_M13,League,Al-Ittihad,Damac,3,Normal,44193,42800,Inma Stadium (ملعب الإنماء),1,North,Home,18:05,9,24,Redirecting,0,0,31.1,62.1,32.3,13,70,49,6,High
KASC_2025_M13,League,Al-Ittihad,Damac,3,Normal,44193,42800,Inma Stadium (ملعب الإنماء),1,North,Home,18:10,9,24,Redirecting,0,0,31.1,62.1,32.3,10,40,36,14,High
KASC_2025_M13,League,Al-Ittihad,Damac,3,Normal,44193,42800,Inma Stadium (ملعب الإنماء),1,North,Home,18:15,9,24,Redirecting,0,0,31.1,62.1,32.3,9,56,56,10,High
KASC_2025_M13,League,Al-Ittihad,Damac,3,Normal,44193,42800,Inma Stadium (ملعب الإنماء),1,North,Home,18:20,9,24,Redirecting,0,0,31.1,62.1,32.3,8,65,74,10,High
KASC_2025_M13,League,Al-Ittihad,Damac,3,Normal,44193,42800,Inma Stadium (ملعب الإنماء),1,North,Home,18:25,9,24,Redirecting,0,0,31.1,62.1,32.3,14,122,79,16,High
KASC_2025_M13,League,Al-Ittihad,Damac,3,Normal,44193,42800,Inma Stadium (ملعب الإنماء),1,North,Home,18:30,9,24,Redirecting,0,0,31.1,62.1,32.3,12,78,59,21,High
KASC_2025_M13,League,Al-Ittihad,Damac,3,Normal,44193,42800,Inma Stadium (ملعب الإنماء),1,North,Home,18:35,9,24,Redirecting,0,0,31.1,62.1,32.3,8,69,78,23,High
KASC_2025_M13,League,Al-Ittihad,Damac,3,Normal,44193,42800,Inma Stadium (ملعب الإنماء),1,North,Home,18:40,9,24,Redirecting,0,0,31.1,62.1,32.3,9,63,63,17,High
KASC_2025_M13,League,Al-Ittihad,Damac,3,Normal,44193,42800,Inma Stadium (ملعب الإنماء),1,North,Home,18:45,9,24,Redirecting,0,0,31.1,62.1,32.3,10,87,79,23,High
KASC_2025_M13,League,Al-Ittihad,Damac,3,Normal,44193,42800,Inma Stadium (ملعب الإنماء),1,North,Home,18:50,9,24,Redirecting,0,0,31.1,62.1,32.3,10,112,101,18,High
KASC_2025_M13,League,Al-Ittihad,Damac,3,Normal,44193,42800,Inma Stadium (ملعب الإنماء),1,North,Home,18:55,9,24,Redirecting,0,0,31.1,62.1,32.3,12,94,71,18,High
KASC_2025_M13,League,Al-Ittihad,Damac,3,Normal,44193,42800,Inma Stadium (ملعب الإنماء),1,North,Home,19:00,9,24,Redirecting,0,0,31.1,62.1,32.3,14,175,113,25,High
KASC_2025_M13,League,Al-Ittihad,Damac,3,Normal,44193,42800,Inma Stadium (ملعب الإنماء),1,North,Home,19:05,9,24,Redirecting,0,0,31.1,62.1,32.3,14,211,136,29,High
KASC_2025_M13,League,Al-Ittihad,Damac,3,Normal,44193,42800,Inma Stadium (ملعب الإنماء),1,North,Home,19:10,9,24,Redirecting,0,0,31.1,62.1,32.3,15,183,110,42,High
KASC_2025_M13,League,Al-Ittihad,Damac,3,Normal,44193,42800,Inma Stadium (ملعب الإنماء),1,North,Home,19:15,9,24,Redirecting,0,0,31.1,62.1,32.3,12,180,135,29,High
KASC_2025_M13,League,Al-Ittihad,Damac,3,Normal,44193,42800,Inma Stadium (ملعب الإنماء),1,North,Home,19:20,9,24,Redirecting,0,0,31.1,62.1,32.3,12,193,145,24,High
KASC_2025_M13,League,Al-Ittihad,Damac,3,Normal,44193,42800,Inma Stadium (ملعب الإنماء),1,North,Home,19:25,9,24,Redirecting,0,0,31.1,62.1,32.3,15,213,128,22,High
KASC_2025_M13,League,Al-Ittihad,Damac,3,Normal,44193,42800,Inma Stadium (ملعب الإنماء),1,North,Home,19:30,9,24,Redirecting,0,0,31.1,62.1,32.3,12,161,121,20,High
KASC_2025_M13,League,Al-Ittihad,Damac,3,Normal,44193,42800,Inma Stadium (ملعب الإنماء),1,North,Home,19:35,9,24,Redirecting,0,0,31.1,62.1,32.3,7,103,133,24,High
KASC_2025_M13,League,Al-Ittihad,Damac,3,Normal,44193,42800,Inma Stadium (ملعب الإنماء),1,North,Home,19:40,9,24,Redirecting,0,0,31.1,62.1,32.3,10,114,103,31,High
KASC_2025_M13,League,Al-Ittihad,Damac,3,Normal,44193,42800,Inma Stadium (ملعب الإنماء),1,North,Home,19:45,9,24,Redirecting,0,0,31.1,62.1,32.3,14,183,118,35,High
KASC_2025_M13,League,Al-Ittihad,Damac,3,Normal,44193,42800,Inma Stadium (ملعب الإنماء),1,North,Home,19:50,9,24,Redirecting,0,0,31.1,62.1,32.3,12,176,132,33,High
KASC_2025_M13,League,Al-Ittihad,Damac,3,Normal,44193,42800,Inma Stadium (ملعب الإنماء),1,North,Home,19:55,9,24,Redirecting,0,0,31.1,62.1,32.3,10,121,109,33,High
KASC_2025_M13,League,Al-Ittihad,Damac,3,Normal,44193,42800,Inma Stadium (ملعب الإنماء),1,North,Home,20:00,9,24,Redirecting,0,0,31.1,62.1,32.3,10,107,97,26,High
KASC_2025_M13,League,Al-Ittihad,Damac,3,Normal,44193,42800,Inma Stadium (ملعب الإنماء),1,North,Home,20:05,9,24,Redirecting,0,0,31.1,62.1,32.3,17,126,67,19,High
KASC_2025_M13,League,Al-Ittihad,Damac,3,Normal,44193,42800,Inma Stadium (ملعب الإنماء),1,North,Home,20:10,9,24,Redirecting,0,0,31.1,62.1,32.3,13,131,91,20,High
KASC_2025_M13,League,Al-Ittihad,Damac,3,Normal,44193,42800,Inma Stadium (ملعب الإنماء),1,North,Home,20:15,9,24,Redirecting,0,0,31.1,62.1,32.3,13,102,71,20,High
KASC_2025_M13,League,Al-Ittihad,Damac,3,Normal,44193,42800,Inma Stadium (ملعب الإنماء),1,North,Home,20:20,9,24,Redirecting,0,0,31.1,62.1,32.3,13,85,59,23,High
KASC_2025_M13,League,Al-Ittihad,Damac,3,Normal,44193,42800,Inma Stadium (ملعب الإنماء),1,North,Home,20:25,9,24,Redirecting,0,0,31.1,62.1,32.3,14,121,78,16,High
KASC_2025_M13,League,Al-Ittihad,Damac,3,Normal,44193,42800,Inma Stadium (ملعب الإنماء),1,North,Home,20:30,9,24,Redirecting,0,0,31.1,62.1,32.3,7,60,78,20,High
KASC_2025_M13,League,Al-Ittihad,Damac,3,Normal,44193,42800,Inma Stadium (ملعب الإنماء),1,North,Home,20:35,9,24,Redirecting,0,0,31.1,62.1,32.3,11,73,60,14,High
KASC_2025_M13,League,Al-Ittihad,Damac,3,Normal,44193,42800,Inma Stadium (ملعب الإنماء),1,North,Home,20:40,9,24,Redirecting,0,0,31.1,62.1,32.3,9,59,59,22,High
KASC_2025_M13,League,Al-Ittihad,Damac,3,Normal,44193,42800,Inma Stadium (ملعب الإنماء),1,North,Home,20:45,9,24,Redirecting,0,0,31.1,62.1,32.3,10,56,51,7,High
KASC_2025_M13,League,Al-Ittihad,Damac,3,Normal,44193,42800,Inma Stadium (ملعب الإنماء),1,North,Home,20:50,9,24,Redirecting,0,0,31.1,62.1,32.3,9,56,56,6,High
KASC_2025_M13,League,Al-Ittihad,Damac,3,Normal,44193,42800,Inma Stadium (ملعب الإنماء),1,North,Home,20:55,9,24,Redirecting,0,0,31.1,62.1,32.3,10,45,41,7,High
KASC_2025_M13,League,Al-Ittihad,Damac,3,Normal,44193,42800,Inma Stadium (ملعب الإنماء),1,North,Home,21:00,9,24,Redirecting,0,0,31.1,62.1,32.3,12,49,37,9,High
KASC_2025_M13,League,Al-Ittihad,Damac,3,Normal,44193,42800,Inma Stadium (ملعب الإنماء),1,North,Home,21:05,9,24,Redirecting,0,0,31.1,62.1,32.3,17,60,32,4,High
KASC_2025_M13,League,Al-Ittihad,Damac,3,Normal,44193,42800,Inma Stadium (ملعب الإنماء),1,North,Home,21:10,9,24,Redirecting,0,0,31.1,62.1,32.3,12,33,25,7,High
KASC_2025_M13,League,Al-Ittihad,Damac,3,Normal,44193,42800,Inma Stadium (ملعب الإنماء),1,North,Home,21:15,9,24,Redirecting,0,0,31.1,62.1,32.3,11,20,17,2,High
KASC_2025_M13,League,Al-Ittihad,Damac,3,Normal,44193,42800,Inma Stadium (ملعب الإنماء),1,North,Home,21:20,9,24,Redirecting,0,0,31.1,62.1,32.3,13,24,17,4,High
KASC_2025_M13,League,Al-Ittihad,Damac,3,Normal,44193,42800,Inma Stadium (ملعب الإنماء),1,North,Home,21:25,9,24,Redirecting,0,0,31.1,62.1,32.3,13,7,5,4,Medium
KASC_2025_M13,League,Al-Ittihad,Damac,3,Normal,44193,42800,Inma Stadium (ملعب الإنماء),1,North,Home,21:30,9,24,Redirecting,0,0,31.1,62.1,32.3,15,16,10,4,High
KASC_2025_M13,League,Al-Ittihad,Damac,3,Normal,44193,42800,Inma Stadium (ملعب الإنماء),1,North,Home,21:35,9,24,Redirecting,0,0,31.1,62.1,32.3,9,6,6,2,High
KASC_2025_M13,League,Al-Ittihad,Damac,3,Normal,44193,42800,Inma Stadium (ملعب الإنماء),1,North,Home,21:40,9,24,Redirecting,0,0,31.1,62.1,32.3,13,11,8,1,High
KASC_2025_M13,League,Al-Ittihad,Damac,3,Normal,44193,42800,Inma Stadium (ملعب الإنماء),1,North,Home,21:45,9,24,Redirecting,0,0,31.1,62.1,32.3,11,4,4,0,High
KASC_2025_M13,League,Al-Ittihad,Damac,3,Normal,44193,42800,Inma Stadium (ملعب الإنماء),1,North,Home,21:50,9,24,Redirecting,0,0,31.1,62.1,32.3,11,4,4,2,Medium
KASC_2025_M13,League,Al-Ittihad,Damac,3,Normal,44193,42800,Inma Stadium (ملعب الإنماء),1,North,Home,21:55,9,24,Redirecting,0,0,31.1,62.1,32.3,18,2,1,1,Low
KASC_2025_M13,League,Al-Ittihad,Damac,3,Normal,44193,42800,Inma Stadium (ملعب الإنماء),1,North,Home,22:00,9,24,Redirecting,0,0,31.1,62.1,32.3,10,10,9,0,High
KASC_2025_M13,League,Al-Ittihad,Damac,3,Normal,44193,42800,Inma Stadium (ملعب الإنماء),1,North,Home,22:05,9,24,Redirecting,0,0,31.1,62.1,32.3,14,1,1,2,Low
KASC_2025_M13,League,Al-Ittihad,Damac,3,Normal,44193,42800,Inma Stadium (ملعب الإنماء),1,North,Home,22:10,9,24,Redirecting,0,0,31.1,62.1,32.3,14,1,1,0,Medium
KASC_2025_M13,League,Al-Ittihad,Damac,3,Normal,44193,42800,Inma Stadium (ملعب الإنماء),1,North,Home,22:15,9,24,Redirecting,0,0,31.1,62.1,32.3,14,1,1,0,Medium
KASC_2025_M13,League,Al-Ittihad,Damac,3,Normal,44193,42800,Inma Stadium (ملعب الإنماء),1,North,Home,22:20,9,24,Redirecting,0,0,31.1,62.1,32.3,12,1,1,0,Medium
KASC_2025_M13,League,Al-Ittihad,Damac,3,Normal,44193,42800,Inma Stadium (ملعب الإنماء),1,North,Home,22:25,9,24,Redirecting,0,0,31.1,62.1,32.3,6,0,0,1,Low
KASC_2025_M13,League,Al-Ittihad,Damac,3,Normal,44193,42800,Inma Stadium (ملعب الإنماء),1,North,Home,22:30,9,24,Redirecting,0,0,31.1,62.1,32.3,11,1,1,0,Medium
KASC_2025_M13,League,Al-Ittihad,Damac,3,Normal,44193,42800,Inma Stadium (ملعب الإنماء),1,North,Home,22:35,9,24,Redirecting,0,0,31.1,62.1,32.3,14,0,0,0,Low
KASC_2025_M13,League,Al-Ittihad,Damac,3,Normal,44193,42800,Inma Stadium (ملعب الإنماء),1,North,Home,22:40,9,24,Redirecting,0,0,31.1,62.1,32.3,10,0,0,0,Low
KASC_2025_M13,League,Al-Ittihad,Damac,3,Normal,44193,42800,Inma Stadium (ملعب الإنماء),1,North,Home,22:45,9,24,Redirecting,0,0,31.1,62.1,32.3,13,0,0,0,Low
KASC_2025_M13,League,Al-Ittihad,Damac,3,Normal,44193,42800,Inma Stadium (ملعب الإنماء),1,North,Home,22:50,9,24,Redirecting,0,0,31.1,62.1,32.3,6,0,0,0,Low
KASC_2025_M13,League,Al-Ittihad,Damac,3,Normal,44193,42800,Inma Stadium (ملعب الإنماء),1,North,Home,22:55,9,24,Redirecting,0,0,31.1,62.1,32.3,9,0,0,0,Low
KASC_2025_M13,League,Al-Ittihad,Damac,3,Normal,44193,42800,Inma Stadium (ملعب الإنماء),1,North,Home,23:00,9,24,Redirecting,0,0,31.1,62.1,32.3,15,0,0,0,Low
KASC_2025_M13,League,Al-Ittihad,Damac,3,Normal,44193,42800,Inma Stadium (ملعب الإنماء),1,North,Home,23:05,9,24,Redirecting,0,0,31.1,62.1,32.3,6,0,0,0,Low
KASC_2025_M13,League,Al-Ittihad,Damac,3,Normal,44193,42800,Inma Stadium (ملعب الإنماء),1,North,Home,23:10,9,24,Redirecting,0,0,31.1,62.1,32.3,8,0,0,0,Low
KASC_2025_M13,League,Al-Ittihad,Damac,3,Normal,44193,42800,Inma Stadium (ملعب الإنماء),1,North,Home,23:15,9,24,Redirecting,0,0,31.1,62.1,32.3,9,0,0,0,Low
KASC_2025_M13,League,Al-Ittihad,Damac,3,Normal,44193,42800,Inma Stadium (ملعب الإنماء),1,North,Home,23:20,9,24,Redirecting,0,0,31.1,62.1,32.3,16,0,0,0,Low
KASC_2025_M13,League,Al-Ittihad,Damac,3,Normal,44193,42800,Inma Stadium (ملعب الإنماء),1,North,Home,23:25,9,24,Redirecting,0,0,31.1,62.1,32.3,11,0,0,0,Low
KASC_2025_M13,League,Al-Ittihad,Damac,3,Normal,44193,42800,Inma Stadium (ملعب الإنماء),1,North,Home,23:30,9,24,Redirecting,0,0,31.1,62.1,32.3,8,0,0,0,Low
KASC_2025_M13,League,Al-Ittihad,Damac,3,Normal,44193,42800,Inma Stadium (ملعب الإنماء),1,North,Home,23:35,9,24,Redirecting,0,0,31.1,62.1,32.3,11,0,0,0,Low
KASC_2025_M13,League,Al-Ittihad,Damac,3,Normal,44193,42800,Inma Stadium (ملعب الإنماء),1,North,Home,23:40,9,24,Redirecting,0,0,31.1,62.1,32.3,9,0,0,0,Low
KASC_2025_M13,League,Al-Ittihad,Damac,3,Normal,44193,42800,Inma Stadium (ملعب الإنماء),1,North,Home,23:45,9,24,Redirecting,0,0,31.1,62.1,32.3,8,0,0,0,Low
KASC_2025_M13,League,Al-Ittihad,Damac,3,Normal,44193,42800,Inma Stadium (ملعب الإنماء),1,North,Home,23:50,9,24,Redirecting,0,0,31.1,62.1,32.3,13,0,0,0,Low
KASC_2025_M13,League,Al-Ittihad,Damac,3,Normal,44193,42800,Inma Stadium (ملعب الإنماء),1,North,Home,23:55,9,24,Redirecting,0,0,31.1,62.1,32.3,12,0,0,0,Low
KASC_2025_M13,League,Al-Ittihad,Damac,3,Normal,44193,42800,Inma Stadium (ملعب الإنماء),2,North,Home,17:00,8,22,Normal,0,0,31.1,62.1,32.3,16,4,2,3,Low
KASC_2025_M13,League,Al-Ittihad,Damac,3,Normal,44193,42800,Inma Stadium (ملعب الإنماء),2,North,Home,17:05,8,22,Normal,0,0,31.1,62.1,32.3,10,6,5,2,Medium
KASC_2025_M13,League,Al-Ittihad,Damac,3,Normal,44193,42800,Inma Stadium (ملعب الإنماء),2,North,Home,17:10,8,22,Normal,0,0,31.1,62.1,32.3,12,1,1,0,Medium
KASC_2025_M13,League,Al-Ittihad,Damac,3,Normal,44193,42800,Inma Stadium (ملعب الإنماء),2,North,Home,17:15,8,22,Normal,0,0,31.1,62.1,32.3,10,5,4,2,Medium
KASC_2025_M13,League,Al-Ittihad,Damac,3,Normal,44193,42800,Inma Stadium (ملعب الإنماء),2,North,Home,17:20,8,22,Normal,0,0,31.1,62.1,32.3,15,9,5,4,Medium
KASC_2025_M13,League,Al-Ittihad,Damac,3,Normal,44193,42800,Inma Stadium (ملعب الإنماء),2,North,Home,17:25,8,22,Normal,0,0,31.1,62.1,32.3,6,4,6,2,High
KASC_2025_M13,League,Al-Ittihad,Damac,3,Normal,44193,42800,Inma Stadium (ملعب الإنماء),2,North,Home,17:30,8,22,Normal,0,0,31.1,62.1,32.3,9,15,14,1,High
KASC_2025_M13,League,Al-Ittihad,Damac,3,Normal,44193,42800,Inma Stadium (ملعب الإنماء),2,North,Home,17:35,8,22,Normal,0,0,31.1,62.1,32.3,12,15,10,5,Medium
KASC_2025_M13,League,Al-Ittihad,Damac,3,Normal,44193,42800,Inma Stadium (ملعب الإنماء),2,North,Home,17:40,8,22,Normal,0,0,31.1,62.1,32.3,14,22,13,5,High
KASC_2025_M13,League,Al-Ittihad,Damac,3,Normal,44193,42800,Inma Stadium (ملعب الإنماء),2,North,Home,17:45,8,22,Normal,0,0,31.1,62.1,32.3,9,19,17,3,High
KASC_2025_M13,League,Al-Ittihad,Damac,3,Normal,44193,42800,Inma Stadium (ملعب الإنماء),2,North,Home,17:50,8,22,Normal,0,0,31.1,62.1,32.3,11,33,24,6,High
KASC_2025_M13,League,Al-Ittihad,Damac,3,Normal,44193,42800,Inma Stadium (ملعب الإنماء),2,North,Home,17:55,8,22,Normal,0,0,31.1,62.1,32.3,10,42,34,10,High
KASC_2025_M13,League,Al-Ittihad,Damac,3,Normal,44193,42800,Inma Stadium (ملعب الإنماء),2,North,Home,18:00,8,22,Normal,0,0,31.1,62.1,32.3,10,36,29,5,High
KASC_2025_M13,League,Al-Ittihad,Damac,3,Normal,44193,42800,Inma Stadium (ملعب الإنماء),2,North,Home,18:05,8,22,Normal,0,0,31.1,62.1,32.3,16,74,37,12,High
KASC_2025_M13,League,Al-Ittihad,Damac,3,Normal,44193,42800,Inma Stadium (ملعب الإنماء),2,North,Home,18:10,8,22,Normal,0,0,31.1,62.1,32.3,11,60,44,12,High
KASC_2025_M13,League,Al-Ittihad,Damac,3,Normal,44193,42800,Inma Stadium (ملعب الإنماء),2,North,Home,18:15,8,22,Normal,0,0,31.1,62.1,32.3,9,65,58,9,High
KASC_2025_M13,League,Al-Ittihad,Damac,3,Normal,44193,42800,Inma Stadium (ملعب الإنماء),2,North,Home,18:20,8,22,Normal,0,0,31.1,62.1,32.3,17,112,53,16,High
KASC_2025_M13,League,Al-Ittihad,Damac,3,Normal,44193,42800,Inma Stadium (ملعب الإنماء),2,North,Home,18:25,8,22,Normal,0,0,31.1,62.1,32.3,11,83,61,18,High
KASC_2025_M13,League,Al-Ittihad,Damac,3,Normal,44193,42800,Inma Stadium (ملعب الإنماء),2,North,Home,18:30,8,22,Normal,0,0,31.1,62.1,32.3,10,80,64,24,High
KASC_2025_M13,League,Al-Ittihad,Damac,3,Normal,44193,42800,Inma Stadium (ملعب الإنماء),2,North,Home,18:35,8,22,Normal,0,0,31.1,62.1,32.3,8,70,70,15,High
KASC_2025_M13,League,Al-Ittihad,Damac,3,Normal,44193,42800,Inma Stadium (ملعب الإنماء),2,North,Home,18:40,8,22,Normal,0,0,31.1,62.1,32.3,10,111,89,11,High
KASC_2025_M13,League,Al-Ittihad,Damac,3,Normal,44193,42800,Inma Stadium (ملعب الإنماء),2,North,Home,18:45,8,22,Normal,0,0,31.1,62.1,32.3,17,157,74,21,High
KASC_2025_M13,League,Al-Ittihad,Damac,3,Normal,44193,42800,Inma Stadium (ملعب الإنماء),2,North,Home,18:50,8,22,Normal,0,0,31.1,62.1,32.3,7,77,89,25,High
KASC_2025_M13,League,Al-Ittihad,Damac,3,Normal,44193,42800,Inma Stadium (ملعب الإنماء),2,North,Home,18:55,8,22,Normal,0,0,31.1,62.1,32.3,11,144,105,26,High
KASC_2025_M13,League,Al-Ittihad,Damac,3,Normal,44193,42800,Inma Stadium (ملعب الإنماء),2,North,Home,19:00,8,22,Normal,0,0,31.1,62.1,32.3,11,107,78,27,High
KASC_2025_M13,League,Al-Ittihad,Damac,3,Normal,44193,42800,Inma Stadium (ملعب الإنماء),2,North,Home,19:05,8,22,Normal,0,0,31.1,62.1,32.3,12,126,84,22,High
KASC_2025_M13,League,Al-Ittihad,Damac,3,Normal,44193,42800,Inma Stadium (ملعب الإنماء),2,North,Home,19:10,8,22,Normal,0,0,31.1,62.1,32.3,12,147,98,26,High
KASC_2025_M13,League,Al-Ittihad,Damac,3,Normal,44193,42800,Inma Stadium (ملعب الإنماء),2,North,Home,19:15,8,22,Normal,0,0,31.1,62.1,32.3,15,219,117,27,High
KASC_2025_M13,League,Al-Ittihad,Damac,3,Normal,44193,42800,Inma Stadium (ملعب الإنماء),2,North,Home,19:20,8,22,Normal,0,0,31.1,62.1,32.3,13,165,102,27,High
KASC_2025_M13,League,Al-Ittihad,Damac,3,Normal,44193,42800,Inma Stadium (ملعب الإنماء),2,North,Home,19:25,8,22,Normal,0,0,31.1,62.1,32.3,8,126,126,32,High
KASC_2025_M13,League,Al-Ittihad,Damac,3,Normal,44193,42800,Inma Stadium (ملعب الإنماء),2,North,Home,19:30,8,22,Normal,0,0,31.1,62.1,32.3,7,106,122,38,High
KASC_2025_M13,League,Al-Ittihad,Damac,3,Normal,44193,42800,Inma Stadium (ملعب الإنماء),2,North,Home,19:35,8,22,Normal,0,0,31.1,62.1,32.3,11,148,108,34,High
KASC_2025_M13,League,Al-Ittihad,Damac,3,Normal,44193,42800,Inma Stadium (ملعب الإنماء),2,North,Home,19:40,8,22,Normal,0,0,31.1,62.1,32.3,19,306,129,31,High
KASC_2025_M13,League,Al-Ittihad,Damac,3,Normal,44193,42800,Inma Stadium (ملعب الإنماء),2,North,Home,19:45,8,22,Normal,0,0,31.1,62.1,32.3,14,199,114,25,High
KASC_2025_M13,League,Al-Ittihad,Damac,3,Normal,44193,42800,Inma Stadium (ملعب الإنماء),2,North,Home,19:50,8,22,Normal,0,0,31.1,62.1,32.3,9,148,132,26,High
KASC_2025_M13,League,Al-Ittihad,Damac,3,Normal,44193,42800,Inma Stadium (ملعب الإنماء),2,North,Home,19:55,8,22,Normal,0,0,31.1,62.1,32.3,10,162,130,21,High
KASC_2025_M13,League,Al-Ittihad,Damac,3,Normal,44193,42800,Inma Stadium (ملعب الإنماء),2,North,Home,20:00,8,22,Normal,0,0,31.1,62.1,32.3,12,153,102,27,High
KASC_2025_M13,League,Al-Ittihad,Damac,3,Normal,44193,42800,Inma Stadium (ملعب الإنماء),2,North,Home,20:05,8,22,Normal,0,0,31.1,62.1,32.3,10,117,94,30,High
KASC_2025_M13,League,Al-Ittihad,Damac,3,Normal,44193,42800,Inma Stadium (ملعب الإنماء),2,North,Home,20:10,8,22,Normal,0,0,31.1,62.1,32.3,9,95,85,24,High
KASC_2025_M13,League,Al-Ittihad,Damac,3,Normal,44193,42800,Inma Stadium (ملعب الإنماء),2,North,Home,20:15,8,22,Normal,0,0,31.1,62.1,32.3,17,180,85,20,High
KASC_2025_M13,League,Al-Ittihad,Damac,3,Normal,44193,42800,Inma Stadium (ملعب الإنماء),2,North,Home,20:20,8,22,Normal,0,0,31.1,62.1,32.3,15,157,84,21,High
KASC_2025_M13,League,Al-Ittihad,Damac,3,Normal,44193,42800,Inma Stadium (ملعب الإنماء),2,North,Home,20:25,8,22,Normal,0,0,31.1,62.1,32.3,12,97,65,16,High
KASC_2025_M13,League,Al-Ittihad,Damac,3,Normal,44193,42800,Inma Stadium (ملعب الإنماء),2,North,Home,20:30,8,22,Normal,0,0,31.1,62.1,32.3,6,36,48,19,High
KASC_2025_M13,League,Al-Ittihad,Damac,3,Normal,44193,42800,Inma Stadium (ملعب الإنماء),2,North,Home,20:35,8,22,Normal,0,0,31.1,62.1,32.3,9,69,62,13,High
KASC_2025_M13,League,Al-Ittihad,Damac,3,Normal,44193,42800,Inma Stadium (ملعب الإنماء),2,North,Home,20:40,8,22,Normal,0,0,31.1,62.1,32.3,15,101,54,15,High
KASC_2025_M13,League,Al-Ittihad,Damac,3,Normal,44193,42800,Inma Stadium (ملعب الإنماء),2,North,Home,20:45,8,22,Normal,0,0,31.1,62.1,32.3,15,86,46,10,High
KASC_2025_M13,League,Al-Ittihad,Damac,3,Normal,44193,42800,Inma Stadium (ملعب الإنماء),2,North,Home,20:50,8,22,Normal,0,0,31.1,62.1,32.3,16,108,54,13,High
KASC_2025_M13,League,Al-Ittihad,Damac,3,Normal,44193,42800,Inma Stadium (ملعب الإنماء),2,North,Home,20:55,8,22,Normal,0,0,31.1,62.1,32.3,11,49,36,9,High
KASC_2025_M13,League,Al-Ittihad,Damac,3,Normal,44193,42800,Inma Stadium (ملعب الإنماء),2,North,Home,21:00,8,22,Normal,0,0,31.1,62.1,32.3,8,42,42,5,High
KASC_2025_M13,League,Al-Ittihad,Damac,3,Normal,44193,42800,Inma Stadium (ملعب الإنماء),2,North,Home,21:05,8,22,Normal,0,0,31.1,62.1,32.3,12,25,17,7,Medium
KASC_2025_M13,League,Al-Ittihad,Damac,3,Normal,44193,42800,Inma Stadium (ملعب الإنماء),2,North,Home,21:10,8,22,Normal,0,0,31.1,62.1,32.3,11,35,26,13,Medium
KASC_2025_M13,League,Al-Ittihad,Damac,3,Normal,44193,42800,Inma Stadium (ملعب الإنماء),2,North,Home,21:15,8,22,Normal,0,0,31.1,62.1,32.3,11,17,13,8,Medium
KASC_2025_M13,League,Al-Ittihad,Damac,3,Normal,44193,42800,Inma Stadium (ملعب الإنماء),2,North,Home,21:20,8,22,Normal,0,0,31.1,62.1,32.3,14,31,18,8,Medium
KASC_2025_M13,League,Al-Ittihad,Damac,3,Normal,44193,42800,Inma Stadium (ملعب الإنماء),2,North,Home,21:25,8,22,Normal,0,0,31.1,62.1,32.3,12,24,16,3,High
KASC_2025_M13,League,Al-Ittihad,Damac,3,Normal,44193,42800,Inma Stadium (ملعب الإنماء),2,North,Home,21:30,8,22,Normal,0,0,31.1,62.1,32.3,11,11,8,3,Medium
KASC_2025_M13,League,Al-Ittihad,Damac,3,Normal,44193,42800,Inma Stadium (ملعب الإنماء),2,North,Home,21:35,8,22,Normal,0,0,31.1,62.1,32.3,11,6,5,3,Medium
KASC_2025_M13,League,Al-Ittihad,Damac,3,Normal,44193,42800,Inma Stadium (ملعب الإنماء),2,North,Home,21:40,8,22,Normal,0,0,31.1,62.1,32.3,12,12,8,2,High
KASC_2025_M13,League,Al-Ittihad,Damac,3,Normal,44193,42800,Inma Stadium (ملعب الإنماء),2,North,Home,21:45,8,22,Normal,0,0,31.1,62.1,32.3,10,2,2,1,Medium
KASC_2025_M13,League,Al-Ittihad,Damac,3,Normal,44193,42800,Inma Stadium (ملعب الإنماء),2,North,Home,21:50,8,22,Normal,0,0,31.1,62.1,32.3,12,6,4,2,Medium
KASC_2025_M13,League,Al-Ittihad,Damac,3,Normal,44193,42800,Inma Stadium (ملعب الإنماء),2,North,Home,21:55,8,22,Normal,0,0,31.1,62.1,32.3,8,4,4,1,High
KASC_2025_M13,League,Al-Ittihad,Damac,3,Normal,44193,42800,Inma Stadium (ملعب الإنماء),2,North,Home,22:00,8,22,Normal,0,0,31.1,62.1,32.3,15,7,4,0,High
KASC_2025_M13,League,Al-Ittihad,Damac,3,Normal,44193,42800,Inma Stadium (ملعب الإنماء),2,North,Home,22:05,8,22,Normal,0,0,31.1,62.1,32.3,12,3,2,1,Medium
KASC_2025_M13,League,Al-Ittihad,Damac,3,Normal,44193,42800,Inma Stadium (ملعب الإنماء),2,North,Home,22:10,8,22,Normal,0,0,31.1,62.1,32.3,12,1,1,0,Medium
KASC_2025_M13,League,Al-Ittihad,Damac,3,Normal,44193,42800,Inma Stadium (ملعب الإنماء),2,North,Home,22:15,8,22,Normal,0,0,31.1,62.1,32.3,11,1,1,0,Medium
KASC_2025_M13,League,Al-Ittihad,Damac,3,Normal,44193,42800,Inma Stadium (ملعب الإنماء),2,North,Home,22:20,8,22,Normal,0,0,31.1,62.1,32.3,16,2,1,0,Medium
KASC_2025_M13,League,Al-Ittihad,Damac,3,Normal,44193,42800,Inma Stadium (ملعب الإنماء),2,North,Home,22:25,8,22,Normal,0,0,31.1,62.1,32.3,12,1,1,1,Low
KASC_2025_M13,League,Al-Ittihad,Damac,3,Normal,44193,42800,Inma Stadium (ملعب الإنماء),2,North,Home,22:30,8,22,Normal,0,0,31.1,62.1,32.3,15,0,0,0,Low
KASC_2025_M13,League,Al-Ittihad,Damac,3,Normal,44193,42800,Inma Stadium (ملعب الإنماء),2,North,Home,22:35,8,22,Normal,0,0,31.1,62.1,32.3,10,0,0,0,Low
KASC_2025_M13,League,Al-Ittihad,Damac,3,Normal,44193,42800,Inma Stadium (ملعب الإنماء),2,North,Home,22:40,8,22,Normal,0,0,31.1,62.1,32.3,6,0,0,0,Low
KASC_2025_M13,League,Al-Ittihad,Damac,3,Normal,44193,42800,Inma Stadium (ملعب الإنماء),2,North,Home,22:45,8,22,Normal,0,0,31.1,62.1,32.3,14,0,0,0,Low
KASC_2025_M13,League,Al-Ittihad,Damac,3,Normal,44193,42800,Inma Stadium (ملعب الإنماء),2,North,Home,22:50,8,22,Normal,0,0,31.1,62.1,32.3,11,0,0,0,Low
KASC_2025_M13,League,Al-Ittihad,Damac,3,Normal,44193,42800,Inma Stadium (ملعب الإنماء),2,North,Home,22:55,8,22,Normal,0,0,31.1,62.1,32.3,12,0,0,0,Low
KASC_2025_M13,League,Al-Ittihad,Damac,3,Normal,44193,42800,Inma Stadium (ملعب الإنماء),2,North,Home,23:00,8,22,Normal,0,0,31.1,62.1,32.3,12,0,0,0,Low
KASC_2025_M13,League,Al-Ittihad,Damac,3,Normal,44193,42800,Inma Stadium (ملعب الإنماء),2,North,Home,23:05,8,22,Normal,0,0,31.1,62.1,32.3,13,0,0,0,Low
KASC_2025_M13,League,Al-Ittihad,Damac,3,Normal,44193,42800,Inma Stadium (ملعب الإنماء),2,North,Home,23:10,8,22,Normal,0,0,31.1,62.1,32.3,10,0,0,0,Low
KASC_2025_M13,League,Al-Ittihad,Damac,3,Normal,44193,42800,Inma Stadium (ملعب الإنماء),2,North,Home,23:15,8,22,Normal,0,0,31.1,62.1,32.3,9,0,0,0,Low
KASC_2025_M13,League,Al-Ittihad,Damac,3,Normal,44193,42800,Inma Stadium (ملعب الإنماء),2,North,Home,23:20,8,22,Normal,0,0,31.1,62.1,32.3,8,0,0,0,Low
KASC_2025_M13,League,Al-Ittihad,Damac,3,Normal,44193,42800,Inma Stadium (ملعب الإنماء),2,North,Home,23:25,8,22,Normal,0,0,31.1,62.1,32.3,10,0,0,0,Low
KASC_2025_M13,League,Al-Ittihad,Damac,3,Normal,44193,42800,Inma Stadium (ملعب الإنماء),2,North,Home,23:30,8,22,Normal,0,0,31.1,62.1,32.3,13,0,0,0,Low
KASC_2025_M13,League,Al-Ittihad,Damac,3,Normal,44193,42800,Inma Stadium (ملعب الإنماء),2,North,Home,23:35,8,22,Normal,0,0,31.1,62.1,32.3,10,0,0,0,Low
KASC_2025_M13,League,Al-Ittihad,Damac,3,Normal,44193,42800,Inma Stadium (ملعب الإنماء),2,North,Home,23:40,8,22,Normal,0,0,31.1,62.1,32.3,9,0,0,0,Low
KASC_2025_M13,League,Al-Ittihad,Damac,3,Normal,44193,42800,Inma Stadium (ملعب الإنماء),2,North,Home,23:45,8,22,Normal,0,0,31.1,62.1,32.3,13,0,0,0,Low
KASC_2025_M13,League,Al-Ittihad,Damac,3,Normal,44193,42800,Inma Stadium (ملعب الإنماء),2,North,Home,23:50,8,22,Normal,0,0,31.1,62.1,32.3,14,0,0,0,Low
KASC_2025_M13,League,Al-Ittihad,Damac,3,Normal,44193,42800,Inma Stadium (ملعب الإنماء),2,North,Home,23:55,8,22,Normal,0,0,31.1,62.1,32.3,13,0,0,0,Low
KASC_2025_M13,League,Al-Ittihad,Damac,3,Normal,44193,42800,Inma Stadium (ملعب الإنماء),3,East,Home,17:00,5,24,Normal,0,0,31.1,62.1,32.3,11,11,5,0,High
KASC_2025_M13,League,Al-Ittihad,Damac,3,Normal,44193,42800,Inma Stadium (ملعب الإنماء),3,East,Home,17:05,5,24,Normal,0,0,31.1,62.1,32.3,9,1,1,0,High
KASC_2025_M13,League,Al-Ittihad,Damac,3,Normal,44193,42800,Inma Stadium (ملعب الإنماء),3,East,Home,17:10,5,24,Normal,0,0,31.1,62.1,32.3,10,10,5,0,High
KASC_2025_M13,League,Al-Ittihad,Damac,3,Normal,44193,42800,Inma Stadium (ملعب الإنماء),3,East,Home,17:15,5,24,Normal,0,0,31.1,62.1,32.3,6,3,3,2,Medium
KASC_2025_M13,League,Al-Ittihad,Damac,3,Normal,44193,42800,Inma Stadium (ملعب الإنماء),3,East,Home,17:20,5,24,Normal,0,0,31.1,62.1,32.3,17,17,5,2,High
KASC_2025_M13,League,Al-Ittihad,Damac,3,Normal,44193,42800,Inma Stadium (ملعب الإنماء),3,East,Home,17:25,5,24,Normal,0,0,31.1,62.1,32.3,12,12,5,2,High
KASC_2025_M13,League,Al-Ittihad,Damac,3,Normal,44193,42800,Inma Stadium (ملعب الإنماء),3,East,Home,17:30,5,24,Normal,0,0,31.1,62.1,32.3,13,10,4,2,High
KASC_2025_M13,League,Al-Ittihad,Damac,3,Normal,44193,42800,Inma Stadium (ملعب الإنماء),3,East,Home,17:35,5,24,Normal,0,0,31.1,62.1,32.3,13,5,2,4,Low
KASC_2025_M13,League,Al-Ittihad,Damac,3,Normal,44193,42800,Inma Stadium (ملعب الإنماء),3,East,Home,17:40,5,24,Normal,0,0,31.1,62.1,32.3,9,14,8,4,High
KASC_2025_M13,League,Al-Ittihad,Damac,3,Normal,44193,42800,Inma Stadium (ملعب الإنماء),3,East,Home,17:45,5,24,Normal,0,0,31.1,62.1,32.3,12,40,17,2,High
KASC_2025_M13,League,Al-Ittihad,Damac,3,Normal,44193,42800,Inma Stadium (ملعب الإنماء),3,East,Home,17:50,5,24,Normal,0,0,31.1,62.1,32.3,14,28,10,6,High
KASC_2025_M13,League,Al-Ittihad,Damac,3,Normal,44193,42800,Inma Stadium (ملعب الإنماء),3,East,Home,17:55,5,24,Normal,0,0,31.1,62.1,32.3,7,15,11,9,Medium
KASC_2025_M13,League,Al-Ittihad,Damac,3,Normal,44193,42800,Inma Stadium (ملعب الإنماء),3,East,Home,18:00,5,24,Normal,0,0,31.1,62.1,32.3,13,44,17,10,High
KASC_2025_M13,League,Al-Ittihad,Damac,3,Normal,44193,42800,Inma Stadium (ملعب الإنماء),3,East,Home,18:05,5,24,Normal,0,0,31.1,62.1,32.3,10,30,15,14,Medium
KASC_2025_M13,League,Al-Ittihad,Damac,3,Normal,44193,42800,Inma Stadium (ملعب الإنماء),3,East,Home,18:10,5,24,Normal,0,0,31.1,62.1,32.3,13,65,25,6,High
KASC_2025_M13,League,Al-Ittihad,Damac,3,Normal,44193,42800,Inma Stadium (ملعب الإنماء),3,East,Home,18:15,5,24,Normal,0,0,31.1,62.1,32.3,13,57,22,12,High
KASC_2025_M13,League,Al-Ittihad,Damac,3,Normal,44193,42800,Inma Stadium (ملعب الإنماء),3,East,Home,18:20,5,24,Normal,0,0,31.1,62.1,32.3,9,72,40,14,High
KASC_2025_M13,League,Al-Ittihad,Damac,3,Normal,44193,42800,Inma Stadium (ملعب الإنماء),3,East,Home,18:25,5,24,Normal,0,0,31.1,62.1,32.3,10,86,43,12,High
KASC_2025_M13,League,Al-Ittihad,Damac,3,Normal,44193,42800,Inma Stadium (ملعب الإنماء),3,East,Home,18:30,5,24,Normal,0,0,31.1,62.1,32.3,12,110,46,21,High
KASC_2025_M13,League,Al-Ittihad,Damac,3,Normal,44193,42800,Inma Stadium (ملعب الإنماء),3,East,Home,18:35,5,24,Normal,0,0,31.1,62.1,32.3,9,64,36,21,High
KASC_2025_M13,League,Al-Ittihad,Damac,3,Normal,44193,42800,Inma Stadium (ملعب الإنماء),3,East,Home,18:40,5,24,Normal,0,0,31.1,62.1,32.3,12,151,63,19,High
KASC_2025_M13,League,Al-Ittihad,Damac,3,Normal,44193,42800,Inma Stadium (ملعب الإنماء),3,East,Home,18:45,5,24,Normal,0,0,31.1,62.1,32.3,13,135,52,17,High
KASC_2025_M13,League,Al-Ittihad,Damac,3,Normal,44193,42800,Inma Stadium (ملعب الإنماء),3,East,Home,18:50,5,24,Normal,0,0,31.1,62.1,32.3,11,110,50,19,High
KASC_2025_M13,League,Al-Ittihad,Damac,3,Normal,44193,42800,Inma Stadium (ملعب الإنماء),3,East,Home,18:55,5,24,Normal,0,0,31.1,62.1,32.3,10,128,64,30,High
KASC_2025_M13,League,Al-Ittihad,Damac,3,Normal,44193,42800,Inma Stadium (ملعب الإنماء),3,East,Home,19:00,5,24,Normal,0,0,31.1,62.1,32.3,6,68,57,22,High
KASC_2025_M13,League,Al-Ittihad,Damac,3,Normal,44193,42800,Inma Stadium (ملعب الإنماء),3,East,Home,19:05,5,24,Normal,0,0,31.1,62.1,32.3,8,121,76,28,High
KASC_2025_M13,League,Al-Ittihad,Damac,3,Normal,44193,42800,Inma Stadium (ملعب الإنماء),3,East,Home,19:10,5,24,Normal,0,0,31.1,62.1,32.3,13,202,78,24,High
KASC_2025_M13,League,Al-Ittihad,Damac,3,Normal,44193,42800,Inma Stadium (ملعب الإنماء),3,East,Home,19:15,5,24,Normal,0,0,31.1,62.1,32.3,17,258,76,37,High
KASC_2025_M13,League,Al-Ittihad,Damac,3,Normal,44193,42800,Inma Stadium (ملعب الإنماء),3,East,Home,19:20,5,24,Normal,0,0,31.1,62.1,32.3,6,84,70,37,High
KASC_2025_M13,League,Al-Ittihad,Damac,3,Normal,44193,42800,Inma Stadium (ملعب الإنماء),3,East,Home,19:25,5,24,Normal,0,0,31.1,62.1,32.3,8,116,73,33,High
KASC_2025_M13,League,Al-Ittihad,Damac,3,Normal,44193,42800,Inma Stadium (ملعب الإنماء),3,East,Home,19:30,5,24,Normal,0,0,31.1,62.1,32.3,11,143,65,26,High
KASC_2025_M13,League,Al-Ittihad,Damac,3,Normal,44193,42800,Inma Stadium (ملعب الإنماء),3,East,Home,19:35,5,24,Normal,0,0,31.1,62.1,32.3,8,121,76,26,High
KASC_2025_M13,League,Al-Ittihad,Damac,3,Normal,44193,42800,Inma Stadium (ملعب الإنماء),3,East,Home,19:40,5,24,Normal,0,0,31.1,62.1,32.3,7,119,85,35,High
KASC_2025_M13,League,Al-Ittihad,Damac,3,Normal,44193,42800,Inma Stadium (ملعب الإنماء),3,East,Home,19:45,5,24,Normal,0,0,31.1,62.1,32.3,13,197,76,27,High
KASC_2025_M13,League,Al-Ittihad,Damac,3,Normal,44193,42800,Inma Stadium (ملعب الإنماء),3,East,Home,19:50,5,24,Normal,0,0,31.1,62.1,32.3,12,170,71,32,High
KASC_2025_M13,League,Al-Ittihad,Damac,3,Normal,44193,42800,Inma Stadium (ملعب الإنماء),3,East,Home,19:55,5,24,Normal,0,0,31.1,62.1,32.3,10,136,68,27,High
KASC_2025_M13,League,Al-Ittihad,Damac,3,Normal,44193,42800,Inma Stadium (ملعب الإنماء),3,East,Home,20:00,5,24,Normal,0,0,31.1,62.1,32.3,11,143,65,37,High
KASC_2025_M13,League,Al-Ittihad,Damac,3,Normal,44193,42800,Inma Stadium (ملعب الإنماء),3,East,Home,20:05,5,24,Normal,0,0,31.1,62.1,32.3,10,136,68,32,High
KASC_2025_M13,League,Al-Ittihad,Damac,3,Normal,44193,42800,Inma Stadium (ملعب الإنماء),3,East,Home,20:10,5,24,Normal,0,0,31.1,62.1,32.3,11,134,61,22,High
KASC_2025_M13,League,Al-Ittihad,Damac,3,Normal,44193,42800,Inma Stadium (ملعب الإنماء),3,East,Home,20:15,5,24,Normal,0,0,31.1,62.1,32.3,12,132,55,34,High
KASC_2025_M13,League,Al-Ittihad,Damac,3,Normal,44193,42800,Inma Stadium (ملعب الإنماء),3,East,Home,20:20,5,24,Normal,0,0,31.1,62.1,32.3,11,134,61,19,High
KASC_2025_M13,League,Al-Ittihad,Damac,3,Normal,44193,42800,Inma Stadium (ملعب الإنماء),3,East,Home,20:25,5,24,Normal,0,0,31.1,62.1,32.3,11,103,47,25,High
KASC_2025_M13,League,Al-Ittihad,Damac,3,Normal,44193,42800,Inma Stadium (ملعب الإنماء),3,East,Home,20:30,5,24,Normal,0,0,31.1,62.1,32.3,10,80,40,19,High
KASC_2025_M13,League,Al-Ittihad,Damac,3,Normal,44193,42800,Inma Stadium (ملعب الإنماء),3,East,Home,20:35,5,24,Normal,0,0,31.1,62.1,32.3,16,137,43,19,High
KASC_2025_M13,League,Al-Ittihad,Damac,3,Normal,44193,42800,Inma Stadium (ملعب الإنماء),3,East,Home,20:40,5,24,Normal,0,0,31.1,62.1,32.3,11,88,40,17,High
KASC_2025_M13,League,Al-Ittihad,Damac,3,Normal,44193,42800,Inma Stadium (ملعب الإنماء),3,East,Home,20:45,5,24,Normal,0,0,31.1,62.1,32.3,11,63,29,13,High
KASC_2025_M13,League,Al-Ittihad,Damac,3,Normal,44193,42800,Inma Stadium (ملعب الإنماء),3,East,Home,20:50,5,24,Normal,0,0,31.1,62.1,32.3,10,52,26,6,High
KASC_2025_M13,League,Al-Ittihad,Damac,3,Normal,44193,42800,Inma Stadium (ملعب الإنماء),3,East,Home,20:55,5,24,Normal,0,0,31.1,62.1,32.3,12,52,22,9,High
KASC_2025_M13,League,Al-Ittihad,Damac,3,Normal,44193,42800,Inma Stadium (ملعب الإنماء),3,East,Home,21:00,5,24,Normal,0,0,31.1,62.1,32.3,14,56,20,7,High
KASC_2025_M13,League,Al-Ittihad,Damac,3,Normal,44193,42800,Inma Stadium (ملعب الإنماء),3,East,Home,21:05,5,24,Normal,0,0,31.1,62.1,32.3,12,45,19,6,High
KASC_2025_M13,League,Al-Ittihad,Damac,3,Normal,44193,42800,Inma Stadium (ملعب الإنماء),3,East,Home,21:10,5,24,Normal,0,0,31.1,62.1,32.3,11,44,20,9,High
KASC_2025_M13,League,Al-Ittihad,Damac,3,Normal,44193,42800,Inma Stadium (ملعب الإنماء),3,East,Home,21:15,5,24,Normal,0,0,31.1,62.1,32.3,13,33,13,4,High
KASC_2025_M13,League,Al-Ittihad,Damac,3,Normal,44193,42800,Inma Stadium (ملعب الإنماء),3,East,Home,21:20,5,24,Normal,0,0,31.1,62.1,32.3,6,20,17,3,High
KASC_2025_M13,League,Al-Ittihad,Damac,3,Normal,44193,42800,Inma Stadium (ملعب الإنماء),3,East,Home,21:25,5,24,Normal,0,0,31.1,62.1,32.3,13,18,7,4,High
KASC_2025_M13,League,Al-Ittihad,Damac,3,Normal,44193,42800,Inma Stadium (ملعب الإنماء),3,East,Home,21:30,5,24,Normal,0,0,31.1,62.1,32.3,11,22,10,2,High
KASC_2025_M13,League,Al-Ittihad,Damac,3,Normal,44193,42800,Inma Stadium (ملعب الإنماء),3,East,Home,21:35,5,24,Normal,0,0,31.1,62.1,32.3,14,14,5,1,High
KASC_2025_M13,League,Al-Ittihad,Damac,3,Normal,44193,42800,Inma Stadium (ملعب الإنماء),3,East,Home,21:40,5,24,Normal,0,0,31.1,62.1,32.3,8,6,4,4,Medium
KASC_2025_M13,League,Al-Ittihad,Damac,3,Normal,44193,42800,Inma Stadium (ملعب الإنماء),3,East,Home,21:45,5,24,Normal,0,0,31.1,62.1,32.3,11,2,1,1,Medium
KASC_2025_M13,League,Al-Ittihad,Damac,3,Normal,44193,42800,Inma Stadium (ملعب الإنماء),3,East,Home,21:50,5,24,Normal,0,0,31.1,62.1,32.3,10,0,0,0,Medium
KASC_2025_M13,League,Al-Ittihad,Damac,3,Normal,44193,42800,Inma Stadium (ملعب الإنماء),3,East,Home,21:55,5,24,Normal,0,0,31.1,62.1,32.3,10,2,1,0,High
KASC_2025_M13,League,Al-Ittihad,Damac,3,Normal,44193,42800,Inma Stadium (ملعب الإنماء),3,East,Home,22:00,5,24,Normal,0,0,31.1,62.1,32.3,11,0,0,1,Low
KASC_2025_M13,League,Al-Ittihad,Damac,3,Normal,44193,42800,Inma Stadium (ملعب الإنماء),3,East,Home,22:05,5,24,Normal,0,0,31.1,62.1,32.3,16,0,0,0,Medium
KASC_2025_M13,League,Al-Ittihad,Damac,3,Normal,44193,42800,Inma Stadium (ملعب الإنماء),3,East,Home,22:10,5,24,Normal,0,0,31.1,62.1,32.3,11,2,1,2,Low
KASC_2025_M13,League,Al-Ittihad,Damac,3,Normal,44193,42800,Inma Stadium (ملعب الإنماء),3,East,Home,22:15,5,24,Normal,0,0,31.1,62.1,32.3,12,0,0,1,Low
KASC_2025_M13,League,Al-Ittihad,Damac,3,Normal,44193,42800,Inma Stadium (ملعب الإنماء),3,East,Home,22:20,5,24,Normal,0,0,31.1,62.1,32.3,7,0,0,0,Medium
KASC_2025_M13,League,Al-Ittihad,Damac,3,Normal,44193,42800,Inma Stadium (ملعب الإنماء),3,East,Home,22:25,5,24,Normal,0,0,31.1,62.1,32.3,12,0,0,1,Low
KASC_2025_M13,League,Al-Ittihad,Damac,3,Normal,44193,42800,Inma Stadium (ملعب الإنماء),3,East,Home,22:30,5,24,Normal,0,0,31.1,62.1,32.3,12,0,0,0,Medium
KASC_2025_M13,League,Al-Ittihad,Damac,3,Normal,44193,42800,Inma Stadium (ملعب الإنماء),3,East,Home,22:35,5,24,Normal,0,0,31.1,62.1,32.3,11,0,0,0,Medium
KASC_2025_M13,League,Al-Ittihad,Damac,3,Normal,44193,42800,Inma Stadium (ملعب الإنماء),3,East,Home,22:40,5,24,Normal,0,0,31.1,62.1,32.3,13,0,0,0,Medium
KASC_2025_M13,League,Al-Ittihad,Damac,3,Normal,44193,42800,Inma Stadium (ملعب الإنماء),3,East,Home,22:45,5,24,Normal,0,0,31.1,62.1,32.3,11,0,0,0,Medium
KASC_2025_M13,League,Al-Ittihad,Damac,3,Normal,44193,42800,Inma Stadium (ملعب الإنماء),3,East,Home,22:50,5,24,Normal,0,0,31.1,62.1,32.3,13,0,0,0,Medium
KASC_2025_M13,League,Al-Ittihad,Damac,3,Normal,44193,42800,Inma Stadium (ملعب الإنماء),3,East,Home,22:55,5,24,Normal,0,0,31.1,62.1,32.3,16,0,0,0,Medium
KASC_2025_M13,League,Al-Ittihad,Damac,3,Normal,44193,42800,Inma Stadium (ملعب الإنماء),3,East,Home,23:00,5,24,Normal,0,0,31.1,62.1,32.3,16,0,0,0,Medium
KASC_2025_M13,League,Al-Ittihad,Damac,3,Normal,44193,42800,Inma Stadium (ملعب الإنماء),3,East,Home,23:05,5,24,Normal,0,0,31.1,62.1,32.3,16,0,0,0,Medium
KASC_2025_M13,League,Al-Ittihad,Damac,3,Normal,44193,42800,Inma Stadium (ملعب الإنماء),3,East,Home,23:10,5,24,Normal,0,0,31.1,62.1,32.3,16,0,0,0,Medium
KASC_2025_M13,League,Al-Ittihad,Damac,3,Normal,44193,42800,Inma Stadium (ملعب الإنماء),3,East,Home,23:15,5,24,Normal,0,0,31.1,62.1,32.3,9,0,0,0,Medium
KASC_2025_M13,League,Al-Ittihad,Damac,3,Normal,44193,42800,Inma Stadium (ملعب الإنماء),3,East,Home,23:20,5,24,Normal,0,0,31.1,62.1,32.3,11,0,0,0,Medium
KASC_2025_M13,League,Al-Ittihad,Damac,3,Normal,44193,42800,Inma Stadium (ملعب الإنماء),3,East,Home,23:25,5,24,Normal,0,0,31.1,62.1,32.3,9,0,0,0,Medium
KASC_2025_M13,League,Al-Ittihad,Damac,3,Normal,44193,42800,Inma Stadium (ملعب الإنماء),3,East,Home,23:30,5,24,Normal,0,0,31.1,62.1,32.3,12,0,0,0,Medium
KASC_2025_M13,League,Al-Ittihad,Damac,3,Normal,44193,42800,Inma Stadium (ملعب الإنماء),3,East,Home,23:35,5,24,Normal,0,0,31.1,62.1,32.3,14,0,0,0,Medium
KASC_2025_M13,League,Al-Ittihad,Damac,3,Normal,44193,42800,Inma Stadium (ملعب الإنماء),3,East,Home,23:40,5,24,Normal,0,0,31.1,62.1,32.3,8,0,0,0,Medium
KASC_2025_M13,League,Al-Ittihad,Damac,3,Normal,44193,42800,Inma Stadium (ملعب الإنماء),3,East,Home,23:45,5,24,Normal,0,0,31.1,62.1,32.3,10,0,0,0,Medium
KASC_2025_M13,League,Al-Ittihad,Damac,3,Normal,44193,42800,Inma Stadium (ملعب الإنماء),3,East,Home,23:50,5,24,Normal,0,0,31.1,62.1,32.3,11,0,0,0,Medium
KASC_2025_M13,League,Al-Ittihad,Damac,3,Normal,44193,42800,Inma Stadium (ملعب الإنماء),3,East,Home,23:55,5,24,Normal,0,0,31.1,62.1,32.3,12,0,0,0,Medium
KASC_2025_M13,League,Al-Ittihad,Damac,3,Normal,44193,42800,Inma Stadium (ملعب الإنماء),4,East,Home,17:00,6,23,Normal,0,0,31.1,62.1,32.3,10,3,2,2,Medium
KASC_2025_M13,League,Al-Ittihad,Damac,3,Normal,44193,42800,Inma Stadium (ملعب الإنماء),4,East,Home,17:05,6,23,Normal,0,0,31.1,62.1,32.3,8,1,1,1,Medium
KASC_2025_M13,League,Al-Ittihad,Damac,3,Normal,44193,42800,Inma Stadium (ملعب الإنماء),4,East,Home,17:10,6,23,Normal,0,0,31.1,62.1,32.3,16,10,4,2,Medium
KASC_2025_M13,League,Al-Ittihad,Damac,3,Normal,44193,42800,Inma Stadium (ملعب الإنماء),4,East,Home,17:15,6,23,Normal,0,0,31.1,62.1,32.3,13,15,7,1,High
KASC_2025_M13,League,Al-Ittihad,Damac,3,Normal,44193,42800,Inma Stadium (ملعب الإنماء),4,East,Home,17:20,6,23,Normal,0,0,31.1,62.1,32.3,12,14,7,1,High
KASC_2025_M13,League,Al-Ittihad,Damac,3,Normal,44193,42800,Inma Stadium (ملعب الإنماء),4,East,Home,17:25,6,23,Normal,0,0,31.1,62.1,32.3,12,28,14,3,High
KASC_2025_M13,League,Al-Ittihad,Damac,3,Normal,44193,42800,Inma Stadium (ملعب الإنماء),4,East,Home,17:30,6,23,Normal,0,0,31.1,62.1,32.3,11,14,8,3,High
KASC_2025_M13,League,Al-Ittihad,Damac,3,Normal,44193,42800,Inma Stadium (ملعب الإنماء),4,East,Home,17:35,6,23,Normal,0,0,31.1,62.1,32.3,13,28,13,5,High
KASC_2025_M13,League,Al-Ittihad,Damac,3,Normal,44193,42800,Inma Stadium (ملعب الإنماء),4,East,Home,17:40,6,23,Normal,0,0,31.1,62.1,32.3,9,21,14,2,High
KASC_2025_M13,League,Al-Ittihad,Damac,3,Normal,44193,42800,Inma Stadium (ملعب الإنماء),4,East,Home,17:45,6,23,Normal,0,0,31.1,62.1,32.3,8,17,13,3,High
KASC_2025_M13,League,Al-Ittihad,Damac,3,Normal,44193,42800,Inma Stadium (ملعب الإنماء),4,East,Home,17:50,6,23,Normal,0,0,31.1,62.1,32.3,13,45,21,6,High
KASC_2025_M13,League,Al-Ittihad,Damac,3,Normal,44193,42800,Inma Stadium (ملعب الإنماء),4,East,Home,17:55,6,23,Normal,0,0,31.1,62.1,32.3,15,52,21,5,High
KASC_2025_M13,League,Al-Ittihad,Damac,3,Normal,44193,42800,Inma Stadium (ملعب الإنماء),4,East,Home,18:00,6,23,Normal,0,0,31.1,62.1,32.3,11,51,28,2,High
KASC_2025_M13,League,Al-Ittihad,Damac,3,Normal,44193,42800,Inma Stadium (ملعب الإنماء),4,East,Home,18:05,6,23,Normal,0,0,31.1,62.1,32.3,17,45,16,10,Medium
KASC_2025_M13,League,Al-Ittihad,Damac,3,Normal,44193,42800,Inma Stadium (ملعب الإنماء),4,East,Home,18:10,6,23,Normal,0,0,31.1,62.1,32.3,12,62,31,10,High
KASC_2025_M13,League,Al-Ittihad,Damac,3,Normal,44193,42800,Inma Stadium (ملعب الإنماء),4,East,Home,18:15,6,23,Normal,0,0,31.1,62.1,32.3,12,60,30,7,High
KASC_2025_M13,League,Al-Ittihad,Damac,3,Normal,44193,42800,Inma Stadium (ملعب الإنماء),4,East,Home,18:20,6,23,Normal,0,0,31.1,62.1,32.3,11,55,30,16,High
KASC_2025_M13,League,Al-Ittihad,Damac,3,Normal,44193,42800,Inma Stadium (ملعب الإنماء),4,East,Home,18:25,6,23,Normal,0,0,31.1,62.1,32.3,13,95,44,19,High
KASC_2025_M13,League,Al-Ittihad,Damac,3,Normal,44193,42800,Inma Stadium (ملعب الإنماء),4,East,Home,18:30,6,23,Normal,0,0,31.1,62.1,32.3,15,115,46,16,High
KASC_2025_M13,League,Al-Ittihad,Damac,3,Normal,44193,42800,Inma Stadium (ملعب الإنماء),4,East,Home,18:35,6,23,Normal,0,0,31.1,62.1,32.3,11,111,61,16,High
KASC_2025_M13,League,Al-Ittihad,Damac,3,Normal,44193,42800,Inma Stadium (ملعب الإنماء),4,East,Home,18:40,6,23,Normal,0,0,31.1,62.1,32.3,12,136,68,14,High
KASC_2025_M13,League,Al-Ittihad,Damac,3,Normal,44193,42800,Inma Stadium (ملعب الإنماء),4,East,Home,18:45,6,23,Normal,0,0,31.1,62.1,32.3,13,153,71,24,High
KASC_2025_M13,League,Al-Ittihad,Damac,3,Normal,44193,42800,Inma Stadium (ملعب الإنماء),4,East,Home,18:50,6,23,Normal,0,0,31.1,62.1,32.3,12,100,50,25,High
KASC_2025_M13,League,Al-Ittihad,Damac,3,Normal,44193,42800,Inma Stadium (ملعب الإنماء),4,East,Home,18:55,6,23,Normal,0,0,31.1,62.1,32.3,15,160,64,27,High
KASC_2025_M13,League,Al-Ittihad,Damac,3,Normal,44193,42800,Inma Stadium (ملعب الإنماء),4,East,Home,19:00,6,23,Normal,0,0,31.1,62.1,32.3,15,180,72,24,High
KASC_2025_M13,League,Al-Ittihad,Damac,3,Normal,44193,42800,Inma Stadium (ملعب الإنماء),4,East,Home,19:05,6,23,Normal,0,0,31.1,62.1,32.3,9,106,71,26,High
KASC_2025_M13,League,Al-Ittihad,Damac,3,Normal,44193,42800,Inma Stadium (ملعب الإنماء),4,East,Home,19:10,6,23,Normal,0,0,31.1,62.1,32.3,15,220,88,21,High
KASC_2025_M13,League,Al-Ittihad,Damac,3,Normal,44193,42800,Inma Stadium (ملعب الإنماء),4,East,Home,19:15,6,23,Normal,0,0,31.1,62.1,32.3,11,152,83,31,High
KASC_2025_M13,League,Al-Ittihad,Damac,3,Normal,44193,42800,Inma Stadium (ملعب الإنماء),4,East,Home,19:20,6,23,Normal,0,0,31.1,62.1,32.3,12,176,88,23,High
KASC_2025_M13,League,Al-Ittihad,Damac,3,Normal,44193,42800,Inma Stadium (ملعب الإنماء),4,East,Home,19:25,6,23,Normal,0,0,31.1,62.1,32.3,11,150,82,29,High
KASC_2025_M13,League,Al-Ittihad,Damac,3,Normal,44193,42800,Inma Stadium (ملعب الإنماء),4,East,Home,19:30,6,23,Normal,0,0,31.1,62.1,32.3,10,150,90,30,High
KASC_2025_M13,League,Al-Ittihad,Damac,3,Normal,44193,42800,Inma Stadium (ملعب الإنماء),4,East,Home,19:35,6,23,Normal,0,0,31.1,62.1,32.3,14,210,90,20,High
KASC_2025_M13,League,Al-Ittihad,Damac,3,Normal,44193,42800,Inma Stadium (ملعب الإنماء),4,East,Home,19:40,6,23,Normal,0,0,31.1,62.1,32.3,18,300,100,36,High
KASC_2025_M13,League,Al-Ittihad,Damac,3,Normal,44193,42800,Inma Stadium (ملعب الإنماء),4,East,Home,19:45,6,23,Normal,0,0,31.1,62.1,32.3,10,131,79,38,High
KASC_2025_M13,League,Al-Ittihad,Damac,3,Normal,44193,42800,Inma Stadium (ملعب الإنماء),4,East,Home,19:50,6,23,Normal,0,0,31.1,62.1,32.3,8,105,79,31,High
KASC_2025_M13,League,Al-Ittihad,Damac,3,Normal,44193,42800,Inma Stadium (ملعب الإنماء),4,East,Home,19:55,6,23,Normal,0,0,31.1,62.1,32.3,6,65,65,25,High
KASC_2025_M13,League,Al-Ittihad,Damac,3,Normal,44193,42800,Inma Stadium (ملعب الإنماء),4,East,Home,20:00,6,23,Normal,0,0,31.1,62.1,32.3,11,124,68,26,High
KASC_2025_M13,League,Al-Ittihad,Damac,3,Normal,44193,42800,Inma Stadium (ملعب الإنماء),4,East,Home,20:05,6,23,Normal,0,0,31.1,62.1,32.3,9,120,80,23,High
KASC_2025_M13,League,Al-Ittihad,Damac,3,Normal,44193,42800,Inma Stadium (ملعب الإنماء),4,East,Home,20:10,6,23,Normal,0,0,31.1,62.1,32.3,14,179,77,21,High
KASC_2025_M13,League,Al-Ittihad,Damac,3,Normal,44193,42800,Inma Stadium (ملعب الإنماء),4,East,Home,20:15,6,23,Normal,0,0,31.1,62.1,32.3,10,101,61,27,High
KASC_2025_M13,League,Al-Ittihad,Damac,3,Normal,44193,42800,Inma Stadium (ملعب الإنماء),4,East,Home,20:20,6,23,Normal,0,0,31.1,62.1,32.3,8,69,52,17,High
KASC_2025_M13,League,Al-Ittihad,Damac,3,Normal,44193,42800,Inma Stadium (ملعب الإنماء),4,East,Home,20:25,6,23,Normal,0,0,31.1,62.1,32.3,9,84,56,23,High
KASC_2025_M13,League,Al-Ittihad,Damac,3,Normal,44193,42800,Inma Stadium (ملعب الإنماء),4,East,Home,20:30,6,23,Normal,0,0,31.1,62.1,32.3,12,106,53,17,High
KASC_2025_M13,League,Al-Ittihad,Damac,3,Normal,44193,42800,Inma Stadium (ملعب الإنماء),4,East,Home,20:35,6,23,Normal,0,0,31.1,62.1,32.3,10,68,41,12,High
KASC_2025_M13,League,Al-Ittihad,Damac,3,Normal,44193,42800,Inma Stadium (ملعب الإنماء),4,East,Home,20:40,6,23,Normal,0,0,31.1,62.1,32.3,17,133,47,14,High
KASC_2025_M13,League,Al-Ittihad,Damac,3,Normal,44193,42800,Inma Stadium (ملعب الإنماء),4,East,Home,20:45,6,23,Normal,0,0,31.1,62.1,32.3,15,87,35,20,Medium
KASC_2025_M13,League,Al-Ittihad,Damac,3,Normal,44193,42800,Inma Stadium (ملعب الإنماء),4,East,Home,20:50,6,23,Normal,0,0,31.1,62.1,32.3,12,56,28,7,High
KASC_2025_M13,League,Al-Ittihad,Damac,3,Normal,44193,42800,Inma Stadium (ملعب الإنماء),4,East,Home,20:55,6,23,Normal,0,0,31.1,62.1,32.3,8,33,25,8,High
KASC_2025_M13,League,Al-Ittihad,Damac,3,Normal,44193,42800,Inma Stadium (ملعب الإنماء),4,East,Home,21:00,6,23,Normal,0,0,31.1,62.1,32.3,11,56,31,13,High
KASC_2025_M13,League,Al-Ittihad,Damac,3,Normal,44193,42800,Inma Stadium (ملعب الإنماء),4,East,Home,21:05,6,23,Normal,0,0,31.1,62.1,32.3,10,40,24,7,High
KASC_2025_M13,League,Al-Ittihad,Damac,3,Normal,44193,42800,Inma Stadium (ملعب الإنماء),4,East,Home,21:10,6,23,Normal,0,0,31.1,62.1,32.3,16,32,12,7,Medium
KASC_2025_M13,League,Al-Ittihad,Damac,3,Normal,44193,42800,Inma Stadium (ملعب الإنماء),4,East,Home,21:15,6,23,Normal,0,0,31.1,62.1,32.3,14,37,16,8,High
KASC_2025_M13,League,Al-Ittihad,Damac,3,Normal,44193,42800,Inma Stadium (ملعب الإنماء),4,East,Home,21:20,6,23,Normal,0,0,31.1,62.1,32.3,14,32,14,5,High
KASC_2025_M13,League,Al-Ittihad,Damac,3,Normal,44193,42800,Inma Stadium (ملعب الإنماء),4,East,Home,21:25,6,23,Normal,0,0,31.1,62.1,32.3,11,20,11,2,High
KASC_2025_M13,League,Al-Ittihad,Damac,3,Normal,44193,42800,Inma Stadium (ملعب الإنماء),4,East,Home,21:30,6,23,Normal,0,0,31.1,62.1,32.3,7,10,9,4,High
KASC_2025_M13,League,Al-Ittihad,Damac,3,Normal,44193,42800,Inma Stadium (ملعب الإنماء),4,East,Home,21:35,6,23,Normal,0,0,31.1,62.1,32.3,10,10,6,5,Medium
KASC_2025_M13,League,Al-Ittihad,Damac,3,Normal,44193,42800,Inma Stadium (ملعب الإنماء),4,East,Home,21:40,6,23,Normal,0,0,31.1,62.1,32.3,9,7,5,2,High
KASC_2025_M13,League,Al-Ittihad,Damac,3,Normal,44193,42800,Inma Stadium (ملعب الإنماء),4,East,Home,21:45,6,23,Normal,0,0,31.1,62.1,32.3,12,6,3,0,High
KASC_2025_M13,League,Al-Ittihad,Damac,3,Normal,44193,42800,Inma Stadium (ملعب الإنماء),4,East,Home,21:50,6,23,Normal,0,0,31.1,62.1,32.3,7,3,3,1,High
KASC_2025_M13,League,Al-Ittihad,Damac,3,Normal,44193,42800,Inma Stadium (ملعب الإنماء),4,East,Home,21:55,6,23,Normal,0,0,31.1,62.1,32.3,10,5,3,0,High
KASC_2025_M13,League,Al-Ittihad,Damac,3,Normal,44193,42800,Inma Stadium (ملعب الإنماء),4,East,Home,22:00,6,23,Normal,0,0,31.1,62.1,32.3,9,6,4,0,High
KASC_2025_M13,League,Al-Ittihad,Damac,3,Normal,44193,42800,Inma Stadium (ملعب الإنماء),4,East,Home,22:05,6,23,Normal,0,0,31.1,62.1,32.3,13,0,0,0,Medium
KASC_2025_M13,League,Al-Ittihad,Damac,3,Normal,44193,42800,Inma Stadium (ملعب الإنماء),4,East,Home,22:10,6,23,Normal,0,0,31.1,62.1,32.3,10,0,0,3,Low
KASC_2025_M13,League,Al-Ittihad,Damac,3,Normal,44193,42800,Inma Stadium (ملعب الإنماء),4,East,Home,22:15,6,23,Normal,0,0,31.1,62.1,32.3,12,0,0,0,Medium
KASC_2025_M13,League,Al-Ittihad,Damac,3,Normal,44193,42800,Inma Stadium (ملعب الإنماء),4,East,Home,22:20,6,23,Normal,0,0,31.1,62.1,32.3,12,0,0,0,Medium
KASC_2025_M13,League,Al-Ittihad,Damac,3,Normal,44193,42800,Inma Stadium (ملعب الإنماء),4,East,Home,22:25,6,23,Normal,0,0,31.1,62.1,32.3,16,2,1,0,High
KASC_2025_M13,League,Al-Ittihad,Damac,3,Normal,44193,42800,Inma Stadium (ملعب الإنماء),4,East,Home,22:30,6,23,Normal,0,0,31.1,62.1,32.3,7,0,0,0,Medium
KASC_2025_M13,League,Al-Ittihad,Damac,3,Normal,44193,42800,Inma Stadium (ملعب الإنماء),4,East,Home,22:35,6,23,Normal,0,0,31.1,62.1,32.3,14,0,0,0,Medium
KASC_2025_M13,League,Al-Ittihad,Damac,3,Normal,44193,42800,Inma Stadium (ملعب الإنماء),4,East,Home,22:40,6,23,Normal,0,0,31.1,62.1,32.3,15,0,0,0,Medium
KASC_2025_M13,League,Al-Ittihad,Damac,3,Normal,44193,42800,Inma Stadium (ملعب الإنماء),4,East,Home,22:45,6,23,Normal,0,0,31.1,62.1,32.3,8,0,0,0,Medium
KASC_2025_M13,League,Al-Ittihad,Damac,3,Normal,44193,42800,Inma Stadium (ملعب الإنماء),4,East,Home,22:50,6,23,Normal,0,0,31.1,62.1,32.3,12,0,0,0,Medium
KASC_2025_M13,League,Al-Ittihad,Damac,3,Normal,44193,42800,Inma Stadium (ملعب الإنماء),4,East,Home,22:55,6,23,Normal,0,0,31.1,62.1,32.3,8,0,0,0,Medium
KASC_2025_M13,League,Al-Ittihad,Damac,3,Normal,44193,42800,Inma Stadium (ملعب الإنماء),4,East,Home,23:00,6,23,Normal,0,0,31.1,62.1,32.3,18,0,0,0,Medium
KASC_2025_M13,League,Al-Ittihad,Damac,3,Normal,44193,42800,Inma Stadium (ملعب الإنماء),4,East,Home,23:05,6,23,Normal,0,0,31.1,62.1,32.3,12,0,0,0,Medium
KASC_2025_M13,League,Al-Ittihad,Damac,3,Normal,44193,42800,Inma Stadium (ملعب الإنماء),4,East,Home,23:10,6,23,Normal,0,0,31.1,62.1,32.3,11,0,0,0,Medium
KASC_2025_M13,League,Al-Ittihad,Damac,3,Normal,44193,42800,Inma Stadium (ملعب الإنماء),4,East,Home,23:15,6,23,Normal,0,0,31.1,62.1,32.3,9,0,0,0,Medium
KASC_2025_M13,League,Al-Ittihad,Damac,3,Normal,44193,42800,Inma Stadium (ملعب الإنماء),4,East,Home,23:20,6,23,Normal,0,0,31.1,62.1,32.3,11,0,0,0,Medium
KASC_2025_M13,League,Al-Ittihad,Damac,3,Normal,44193,42800,Inma Stadium (ملعب الإنماء),4,East,Home,23:25,6,23,Normal,0,0,31.1,62.1,32.3,6,0,0,0,Medium
KASC_2025_M13,League,Al-Ittihad,Damac,3,Normal,44193,42800,Inma Stadium (ملعب الإنماء),4,East,Home,23:30,6,23,Normal,0,0,31.1,62.1,32.3,13,0,0,0,Medium
KASC_2025_M13,League,Al-Ittihad,Damac,3,Normal,44193,42800,Inma Stadium (ملعب الإنماء),4,East,Home,23:35,6,23,Normal,0,0,31.1,62.1,32.3,14,0,0,0,Medium
KASC_2025_M13,League,Al-Ittihad,Damac,3,Normal,44193,42800,Inma Stadium (ملعب الإنماء),4,East,Home,23:40,6,23,Normal,0,0,31.1,62.1,32.3,8,0,0,0,Medium
KASC_2025_M13,League,Al-Ittihad,Damac,3,Normal,44193,42800,Inma Stadium (ملعب الإنماء),4,East,Home,23:45,6,23,Normal,0,0,31.1,62.1,32.3,12,0,0,0,Medium
KASC_2025_M13,League,Al-Ittihad,Damac,3,Normal,44193,42800,Inma Stadium (ملعب الإنماء),4,East,Home,23:50,6,23,Normal,0,0,31.1,62.1,32.3,17,0,0,0,Medium
KASC_2025_M13,League,Al-Ittihad,Damac,3,Normal,44193,42800,Inma Stadium (ملعب الإنماء),4,East,Home,23:55,6,23,Normal,0,0,31.1,62.1,32.3,14,0,0,0,Medium
KASC_2025_M13,League,Al-Ittihad,Damac,3,Normal,44193,42800,Inma Stadium (ملعب الإنماء),5,South,Away,17:00,5,15,Normal,0,0,31.1,62.1,32.3,11,0,0,0,Medium
KASC_2025_M13,League,Al-Ittihad,Damac,3,Normal,44193,42800,Inma Stadium (ملعب الإنماء),5,South,Away,17:05,5,15,Normal,0,0,31.1,62.1,32.3,10,0,0,0,Medium
KASC_2025_M13,League,Al-Ittihad,Damac,3,Normal,44193,42800,Inma Stadium (ملعب الإنماء),5,South,Away,17:10,5,15,Normal,0,0,31.1,62.1,32.3,9,0,0,0,Medium
KASC_2025_M13,League,Al-Ittihad,Damac,3,Normal,44193,42800,Inma Stadium (ملعب الإنماء),5,South,Away,17:15,5,15,Normal,0,0,31.1,62.1,32.3,13,0,0,0,Medium
KASC_2025_M13,League,Al-Ittihad,Damac,3,Normal,44193,42800,Inma Stadium (ملعب الإنماء),5,South,Away,17:20,5,15,Normal,0,0,31.1,62.1,32.3,6,0,0,0,Medium
KASC_2025_M13,League,Al-Ittihad,Damac,3,Normal,44193,42800,Inma Stadium (ملعب الإنماء),5,South,Away,17:25,5,15,Normal,0,0,31.1,62.1,32.3,12,0,0,0,Medium
KASC_2025_M13,League,Al-Ittihad,Damac,3,Normal,44193,42800,Inma Stadium (ملعب الإنماء),5,South,Away,17:30,5,15,Normal,0,0,31.1,62.1,32.3,6,0,0,1,Low
KASC_2025_M13,League,Al-Ittihad,Damac,3,Normal,44193,42800,Inma Stadium (ملعب الإنماء),5,South,Away,17:35,5,15,Normal,0,0,31.1,62.1,32.3,12,0,0,1,Low
KASC_2025_M13,League,Al-Ittihad,Damac,3,Normal,44193,42800,Inma Stadium (ملعب الإنماء),5,South,Away,17:40,5,15,Normal,0,0,31.1,62.1,32.3,13,7,3,0,High
KASC_2025_M13,League,Al-Ittihad,Damac,3,Normal,44193,42800,Inma Stadium (ملعب الإنماء),5,South,Away,17:45,5,15,Normal,0,0,31.1,62.1,32.3,12,4,2,0,High
KASC_2025_M13,League,Al-Ittihad,Damac,3,Normal,44193,42800,Inma Stadium (ملعب الإنماء),5,South,Away,17:50,5,15,Normal,0,0,31.1,62.1,32.3,14,5,2,2,Medium
KASC_2025_M13,League,Al-Ittihad,Damac,3,Normal,44193,42800,Inma Stadium (ملعب الإنماء),5,South,Away,17:55,5,15,Normal,0,0,31.1,62.1,32.3,19,22,6,1,High
KASC_2025_M13,League,Al-Ittihad,Damac,3,Normal,44193,42800,Inma Stadium (ملعب الإنماء),5,South,Away,18:00,5,15,Normal,0,0,31.1,62.1,32.3,15,27,9,4,High
KASC_2025_M13,League,Al-Ittihad,Damac,3,Normal,44193,42800,Inma Stadium (ملعب الإنماء),5,South,Away,18:05,5,15,Normal,0,0,31.1,62.1,32.3,9,9,5,3,Medium
KASC_2025_M13,League,Al-Ittihad,Damac,3,Normal,44193,42800,Inma Stadium (ملعب الإنماء),5,South,Away,18:10,5,15,Normal,0,0,31.1,62.1,32.3,11,17,8,5,Medium
KASC_2025_M13,League,Al-Ittihad,Damac,3,Normal,44193,42800,Inma Stadium (ملعب الإنماء),5,South,Away,18:15,5,15,Normal,0,0,31.1,62.1,32.3,10,30,15,2,High
KASC_2025_M13,League,Al-Ittihad,Damac,3,Normal,44193,42800,Inma Stadium (ملعب الإنماء),5,South,Away,18:20,5,15,Normal,0,0,31.1,62.1,32.3,11,33,15,8,High
KASC_2025_M13,League,Al-Ittihad,Damac,3,Normal,44193,42800,Inma Stadium (ملعب الإنماء),5,South,Away,18:25,5,15,Normal,0,0,31.1,62.1,32.3,11,41,19,4,High
KASC_2025_M13,League,Al-Ittihad,Damac,3,Normal,44193,42800,Inma Stadium (ملعب الإنماء),5,South,Away,18:30,5,15,Normal,0,0,31.1,62.1,32.3,8,19,12,10,Medium
KASC_2025_M13,League,Al-Ittihad,Damac,3,Normal,44193,42800,Inma Stadium (ملعب الإنماء),5,South,Away,18:35,5,15,Normal,0,0,31.1,62.1,32.3,13,52,20,7,High
KASC_2025_M13,League,Al-Ittihad,Damac,3,Normal,44193,42800,Inma Stadium (ملعب الإنماء),5,South,Away,18:40,5,15,Normal,0,0,31.1,62.1,32.3,13,67,26,10,High
KASC_2025_M13,League,Al-Ittihad,Damac,3,Normal,44193,42800,Inma Stadium (ملعب الإنماء),5,South,Away,18:45,5,15,Normal,0,0,31.1,62.1,32.3,13,85,33,12,High
KASC_2025_M13,League,Al-Ittihad,Damac,3,Normal,44193,42800,Inma Stadium (ملعب الإنماء),5,South,Away,18:50,5,15,Normal,0,0,31.1,62.1,32.3,16,112,35,8,High
KASC_2025_M13,League,Al-Ittihad,Damac,3,Normal,44193,42800,Inma Stadium (ملعب الإنماء),5,South,Away,18:55,5,15,Normal,0,0,31.1,62.1,32.3,16,128,40,14,High
KASC_2025_M13,League,Al-Ittihad,Damac,3,Normal,44193,42800,Inma Stadium (ملعب الإنماء),5,South,Away,19:00,5,15,Normal,0,0,31.1,62.1,32.3,17,102,30,16,High
KASC_2025_M13,League,Al-Ittihad,Damac,3,Normal,44193,42800,Inma Stadium (ملعب الإنماء),5,South,Away,19:05,5,15,Normal,0,0,31.1,62.1,32.3,9,66,37,20,High
KASC_2025_M13,League,Al-Ittihad,Damac,3,Normal,44193,42800,Inma Stadium (ملعب الإنماء),5,South,Away,19:10,5,15,Normal,0,0,31.1,62.1,32.3,9,64,36,20,High
KASC_2025_M13,League,Al-Ittihad,Damac,3,Normal,44193,42800,Inma Stadium (ملعب الإنماء),5,South,Away,19:15,5,15,Normal,0,0,31.1,62.1,32.3,8,78,49,23,High
KASC_2025_M13,League,Al-Ittihad,Damac,3,Normal,44193,42800,Inma Stadium (ملعب الإنماء),5,South,Away,19:20,5,15,Normal,0,0,31.1,62.1,32.3,10,78,39,14,High
KASC_2025_M13,League,Al-Ittihad,Damac,3,Normal,44193,42800,Inma Stadium (ملعب الإنماء),5,South,Away,19:25,5,15,Normal,0,0,31.1,62.1,32.3,13,137,53,16,High
KASC_2025_M13,League,Al-Ittihad,Damac,3,Normal,44193,42800,Inma Stadium (ملعب الإنماء),5,South,Away,19:30,5,15,Normal,0,0,31.1,62.1,32.3,11,90,41,23,High
KASC_2025_M13,League,Al-Ittihad,Damac,3,Normal,44193,42800,Inma Stadium (ملعب الإنماء),5,South,Away,19:35,5,15,Normal,0,0,31.1,62.1,32.3,14,126,45,20,High
KASC_2025_M13,League,Al-Ittihad,Damac,3,Normal,44193,42800,Inma Stadium (ملعب الإنماء),5,South,Away,19:40,5,15,Normal,0,0,31.1,62.1,32.3,13,135,52,12,High
KASC_2025_M13,League,Al-Ittihad,Damac,3,Normal,44193,42800,Inma Stadium (ملعب الإنماء),5,South,Away,19:45,5,15,Normal,0,0,31.1,62.1,32.3,13,101,39,10,High
KASC_2025_M13,League,Al-Ittihad,Damac,3,Normal,44193,42800,Inma Stadium (ملعب الإنماء),5,South,Away,19:50,5,15,Normal,0,0,31.1,62.1,32.3,7,65,47,21,High
KASC_2025_M13,League,Al-Ittihad,Damac,3,Normal,44193,42800,Inma Stadium (ملعب الإنماء),5,South,Away,19:55,5,15,Normal,0,0,31.1,62.1,32.3,14,114,41,20,High
KASC_2025_M13,League,Al-Ittihad,Damac,3,Normal,44193,42800,Inma Stadium (ملعب الإنماء),5,South,Away,20:00,5,15,Normal,0,0,31.1,62.1,32.3,11,74,34,18,High
KASC_2025_M13,League,Al-Ittihad,Damac,3,Normal,44193,42800,Inma Stadium (ملعب الإنماء),5,South,Away,20:05,5,15,Normal,0,0,31.1,62.1,32.3,8,49,31,13,High
KASC_2025_M13,League,Al-Ittihad,Damac,3,Normal,44193,42800,Inma Stadium (ملعب الإنماء),5,South,Away,20:10,5,15,Normal,0,0,31.1,62.1,32.3,9,63,35,12,High
KASC_2025_M13,League,Al-Ittihad,Damac,3,Normal,44193,42800,Inma Stadium (ملعب الإنماء),5,South,Away,20:15,5,15,Normal,0,0,31.1,62.1,32.3,17,91,27,14,High
KASC_2025_M13,League,Al-Ittihad,Damac,3,Normal,44193,42800,Inma Stadium (ملعب الإنماء),5,South,Away,20:20,5,15,Normal,0,0,31.1,62.1,32.3,8,43,27,10,High
KASC_2025_M13,League,Al-Ittihad,Damac,3,Normal,44193,42800,Inma Stadium (ملعب الإنماء),5,South,Away,20:25,5,15,Normal,0,0,31.1,62.1,32.3,13,44,17,6,High
KASC_2025_M13,League,Al-Ittihad,Damac,3,Normal,44193,42800,Inma Stadium (ملعب الإنماء),5,South,Away,20:30,5,15,Normal,0,0,31.1,62.1,32.3,14,58,21,7,High
KASC_2025_M13,League,Al-Ittihad,Damac,3,Normal,44193,42800,Inma Stadium (ملعب الإنماء),5,South,Away,20:35,5,15,Normal,0,0,31.1,62.1,32.3,10,30,15,5,High
KASC_2025_M13,League,Al-Ittihad,Damac,3,Normal,44193,42800,Inma Stadium (ملعب الإنماء),5,South,Away,20:40,5,15,Normal,0,0,31.1,62.1,32.3,13,52,20,11,High
KASC_2025_M13,League,Al-Ittihad,Damac,3,Normal,44193,42800,Inma Stadium (ملعب الإنماء),5,South,Away,20:45,5,15,Normal,0,0,31.1,62.1,32.3,12,24,10,3,High
KASC_2025_M13,League,Al-Ittihad,Damac,3,Normal,44193,42800,Inma Stadium (ملعب الإنماء),5,South,Away,20:50,5,15,Normal,0,0,31.1,62.1,32.3,10,20,10,1,High
KASC_2025_M13,League,Al-Ittihad,Damac,3,Normal,44193,42800,Inma Stadium (ملعب الإنماء),5,South,Away,20:55,5,15,Normal,0,0,31.1,62.1,32.3,12,19,8,2,High
KASC_2025_M13,League,Al-Ittihad,Damac,3,Normal,44193,42800,Inma Stadium (ملعب الإنماء),5,South,Away,21:00,5,15,Normal,0,0,31.1,62.1,32.3,14,14,5,2,High
KASC_2025_M13,League,Al-Ittihad,Damac,3,Normal,44193,42800,Inma Stadium (ملعب الإنماء),5,South,Away,21:05,5,15,Normal,0,0,31.1,62.1,32.3,9,7,4,3,Medium
KASC_2025_M13,League,Al-Ittihad,Damac,3,Normal,44193,42800,Inma Stadium (ملعب الإنماء),5,South,Away,21:10,5,15,Normal,0,0,31.1,62.1,32.3,11,6,3,0,High
KASC_2025_M13,League,Al-Ittihad,Damac,3,Normal,44193,42800,Inma Stadium (ملعب الإنماء),5,South,Away,21:15,5,15,Normal,0,0,31.1,62.1,32.3,12,4,2,0,High
KASC_2025_M13,League,Al-Ittihad,Damac,3,Normal,44193,42800,Inma Stadium (ملعب الإنماء),5,South,Away,21:20,5,15,Normal,0,0,31.1,62.1,32.3,9,7,4,1,High
KASC_2025_M13,League,Al-Ittihad,Damac,3,Normal,44193,42800,Inma Stadium (ملعب الإنماء),5,South,Away,21:25,5,15,Normal,0,0,31.1,62.1,32.3,7,0,0,0,Medium
KASC_2025_M13,League,Al-Ittihad,Damac,3,Normal,44193,42800,Inma Stadium (ملعب الإنماء),5,South,Away,21:30,5,15,Normal,0,0,31.1,62.1,32.3,13,0,0,0,Medium
KASC_2025_M13,League,Al-Ittihad,Damac,3,Normal,44193,42800,Inma Stadium (ملعب الإنماء),5,South,Away,21:35,5,15,Normal,0,0,31.1,62.1,32.3,12,0,0,0,Medium
KASC_2025_M13,League,Al-Ittihad,Damac,3,Normal,44193,42800,Inma Stadium (ملعب الإنماء),5,South,Away,21:40,5,15,Normal,0,0,31.1,62.1,32.3,11,0,0,1,Low
KASC_2025_M13,League,Al-Ittihad,Damac,3,Normal,44193,42800,Inma Stadium (ملعب الإنماء),5,South,Away,21:45,5,15,Normal,0,0,31.1,62.1,32.3,11,0,0,0,Medium
KASC_2025_M13,League,Al-Ittihad,Damac,3,Normal,44193,42800,Inma Stadium (ملعب الإنماء),5,South,Away,21:50,5,15,Normal,0,0,31.1,62.1,32.3,16,0,0,0,Medium
KASC_2025_M13,League,Al-Ittihad,Damac,3,Normal,44193,42800,Inma Stadium (ملعب الإنماء),5,South,Away,21:55,5,15,Normal,0,0,31.1,62.1,32.3,15,0,0,0,Medium
KASC_2025_M13,League,Al-Ittihad,Damac,3,Normal,44193,42800,Inma Stadium (ملعب الإنماء),5,South,Away,22:00,5,15,Normal,0,0,31.1,62.1,32.3,14,2,1,1,Medium
KASC_2025_M13,League,Al-Ittihad,Damac,3,Normal,44193,42800,Inma Stadium (ملعب الإنماء),5,South,Away,22:05,5,15,Normal,0,0,31.1,62.1,32.3,15,0,0,0,Medium
KASC_2025_M13,League,Al-Ittihad,Damac,3,Normal,44193,42800,Inma Stadium (ملعب الإنماء),5,South,Away,22:10,5,15,Normal,0,0,31.1,62.1,32.3,16,0,0,0,Medium
KASC_2025_M13,League,Al-Ittihad,Damac,3,Normal,44193,42800,Inma Stadium (ملعب الإنماء),5,South,Away,22:15,5,15,Normal,0,0,31.1,62.1,32.3,12,0,0,0,Medium
KASC_2025_M13,League,Al-Ittihad,Damac,3,Normal,44193,42800,Inma Stadium (ملعب الإنماء),5,South,Away,22:20,5,15,Normal,0,0,31.1,62.1,32.3,9,0,0,0,Medium
KASC_2025_M13,League,Al-Ittihad,Damac,3,Normal,44193,42800,Inma Stadium (ملعب الإنماء),5,South,Away,22:25,5,15,Normal,0,0,31.1,62.1,32.3,12,0,0,0,Medium
KASC_2025_M13,League,Al-Ittihad,Damac,3,Normal,44193,42800,Inma Stadium (ملعب الإنماء),5,South,Away,22:30,5,15,Normal,0,0,31.1,62.1,32.3,12,0,0,0,Medium
KASC_2025_M13,League,Al-Ittihad,Damac,3,Normal,44193,42800,Inma Stadium (ملعب الإنماء),5,South,Away,22:35,5,15,Normal,0,0,31.1,62.1,32.3,10,0,0,0,Medium
KASC_2025_M13,League,Al-Ittihad,Damac,3,Normal,44193,42800,Inma Stadium (ملعب الإنماء),5,South,Away,22:40,5,15,Normal,0,0,31.1,62.1,32.3,8,0,0,0,Medium
KASC_2025_M13,League,Al-Ittihad,Damac,3,Normal,44193,42800,Inma Stadium (ملعب الإنماء),5,South,Away,22:45,5,15,Normal,0,0,31.1,62.1,32.3,12,0,0,0,Medium
KASC_2025_M13,League,Al-Ittihad,Damac,3,Normal,44193,42800,Inma Stadium (ملعب الإنماء),5,South,Away,22:50,5,15,Normal,0,0,31.1,62.1,32.3,17,0,0,0,Medium
KASC_2025_M13,League,Al-Ittihad,Damac,3,Normal,44193,42800,Inma Stadium (ملعب الإنماء),5,South,Away,22:55,5,15,Normal,0,0,31.1,62.1,32.3,10,0,0,0,Medium
KASC_2025_M13,League,Al-Ittihad,Damac,3,Normal,44193,42800,Inma Stadium (ملعب الإنماء),5,South,Away,23:00,5,15,Normal,0,0,31.1,62.1,32.3,14,0,0,0,Medium
KASC_2025_M13,League,Al-Ittihad,Damac,3,Normal,44193,42800,Inma Stadium (ملعب الإنماء),5,South,Away,23:05,5,15,Normal,0,0,31.1,62.1,32.3,8,0,0,0,Medium
KASC_2025_M13,League,Al-Ittihad,Damac,3,Normal,44193,42800,Inma Stadium (ملعب الإنماء),5,South,Away,23:10,5,15,Normal,0,0,31.1,62.1,32.3,10,0,0,0,Medium
KASC_2025_M13,League,Al-Ittihad,Damac,3,Normal,44193,42800,Inma Stadium (ملعب الإنماء),5,South,Away,23:15,5,15,Normal,0,0,31.1,62.1,32.3,18,0,0,0,Medium
KASC_2025_M13,League,Al-Ittihad,Damac,3,Normal,44193,42800,Inma Stadium (ملعب الإنماء),5,South,Away,23:20,5,15,Normal,0,0,31.1,62.1,32.3,14,0,0,0,Medium
KASC_2025_M13,League,Al-Ittihad,Damac,3,Normal,44193,42800,Inma Stadium (ملعب الإنماء),5,South,Away,23:25,5,15,Normal,0,0,31.1,62.1,32.3,6,0,0,0,Medium
KASC_2025_M13,League,Al-Ittihad,Damac,3,Normal,44193,42800,Inma Stadium (ملعب الإنماء),5,South,Away,23:30,5,15,Normal,0,0,31.1,62.1,32.3,10,0,0,0,Medium
KASC_2025_M13,League,Al-Ittihad,Damac,3,Normal,44193,42800,Inma Stadium (ملعب الإنماء),5,South,Away,23:35,5,15,Normal,0,0,31.1,62.1,32.3,7,0,0,0,Medium
KASC_2025_M13,League,Al-Ittihad,Damac,3,Normal,44193,42800,Inma Stadium (ملعب الإنماء),5,South,Away,23:40,5,15,Normal,0,0,31.1,62.1,32.3,15,0,0,0,Medium
KASC_2025_M13,League,Al-Ittihad,Damac,3,Normal,44193,42800,Inma Stadium (ملعب الإنماء),5,South,Away,23:45,5,15,Normal,0,0,31.1,62.1,32.3,11,0,0,0,Medium
KASC_2025_M13,League,Al-Ittihad,Damac,3,Normal,44193,42800,Inma Stadium (ملعب الإنماء),5,South,Away,23:50,5,15,Normal,0,0,31.1,62.1,32.3,6,0,0,0,Medium
KASC_2025_M13,League,Al-Ittihad,Damac,3,Normal,44193,42800,Inma Stadium (ملعب الإنماء),5,South,Away,23:55,5,15,Normal,0,0,31.1,62.1,32.3,19,0,0,0,Medium
KASC_2025_M13,League,Al-Ittihad,Damac,3,Normal,44193,42800,Inma Stadium (ملعب الإنماء),6,West,VIP,17:00,4,23,Normal,0,0,31.1,62.1,32.3,8,0,0,0,Medium
KASC_2025_M13,League,Al-Ittihad,Damac,3,Normal,44193,42800,Inma Stadium (ملعب الإنماء),6,West,VIP,17:05,4,23,Normal,0,0,31.1,62.1,32.3,12,0,0,0,Medium
KASC_2025_M13,League,Al-Ittihad,Damac,3,Normal,44193,42800,Inma Stadium (ملعب الإنماء),6,West,VIP,17:10,4,23,Normal,0,0,31.1,62.1,32.3,7,0,0,0,Medium
KASC_2025_M13,League,Al-Ittihad,Damac,3,Normal,44193,42800,Inma Stadium (ملعب الإنماء),6,West,VIP,17:15,4,23,Normal,0,0,31.1,62.1,32.3,6,0,0,0,Medium
KASC_2025_M13,League,Al-Ittihad,Damac,3,Normal,44193,42800,Inma Stadium (ملعب الإنماء),6,West,VIP,17:20,4,23,Normal,0,0,31.1,62.1,32.3,13,0,0,0,Medium
KASC_2025_M13,League,Al-Ittihad,Damac,3,Normal,44193,42800,Inma Stadium (ملعب الإنماء),6,West,VIP,17:25,4,23,Normal,0,0,31.1,62.1,32.3,20,0,0,0,Medium
KASC_2025_M13,League,Al-Ittihad,Damac,3,Normal,44193,42800,Inma Stadium (ملعب الإنماء),6,West,VIP,17:30,4,23,Normal,0,0,31.1,62.1,32.3,8,0,0,0,Medium
KASC_2025_M13,League,Al-Ittihad,Damac,3,Normal,44193,42800,Inma Stadium (ملعب الإنماء),6,West,VIP,17:35,4,23,Normal,0,0,31.1,62.1,32.3,11,0,0,1,Low
KASC_2025_M13,League,Al-Ittihad,Damac,3,Normal,44193,42800,Inma Stadium (ملعب الإنماء),6,West,VIP,17:40,4,23,Normal,0,0,31.1,62.1,32.3,14,10,3,0,High
KASC_2025_M13,League,Al-Ittihad,Damac,3,Normal,44193,42800,Inma Stadium (ملعب الإنماء),6,West,VIP,17:45,4,23,Normal,0,0,31.1,62.1,32.3,7,0,0,1,Low
KASC_2025_M13,League,Al-Ittihad,Damac,3,Normal,44193,42800,Inma Stadium (ملعب الإنماء),6,West,VIP,17:50,4,23,Normal,0,0,31.1,62.1,32.3,10,0,0,1,Low
KASC_2025_M13,League,Al-Ittihad,Damac,3,Normal,44193,42800,Inma Stadium (ملعب الإنماء),6,West,VIP,17:55,4,23,Normal,0,0,31.1,62.1,32.3,14,0,0,1,Low
KASC_2025_M13,League,Al-Ittihad,Damac,3,Normal,44193,42800,Inma Stadium (ملعب الإنماء),6,West,VIP,18:00,4,23,Normal,0,0,31.1,62.1,32.3,7,0,0,1,Low
KASC_2025_M13,League,Al-Ittihad,Damac,3,Normal,44193,42800,Inma Stadium (ملعب الإنماء),6,West,VIP,18:05,4,23,Normal,0,0,31.1,62.1,32.3,9,2,1,1,Medium
KASC_2025_M13,League,Al-Ittihad,Damac,3,Normal,44193,42800,Inma Stadium (ملعب الإنماء),6,West,VIP,18:10,4,23,Normal,0,0,31.1,62.1,32.3,7,3,2,5,Low
KASC_2025_M13,League,Al-Ittihad,Damac,3,Normal,44193,42800,Inma Stadium (ملعب الإنماء),6,West,VIP,18:15,4,23,Normal,0,0,31.1,62.1,32.3,13,3,1,0,High
KASC_2025_M13,League,Al-Ittihad,Damac,3,Normal,44193,42800,Inma Stadium (ملعب الإنماء),6,West,VIP,18:20,4,23,Normal,0,0,31.1,62.1,32.3,12,18,6,2,High
KASC_2025_M13,League,Al-Ittihad,Damac,3,Normal,44193,42800,Inma Stadium (ملعب الإنماء),6,West,VIP,18:25,4,23,Normal,0,0,31.1,62.1,32.3,14,14,4,3,Medium
KASC_2025_M13,League,Al-Ittihad,Damac,3,Normal,44193,42800,Inma Stadium (ملعب الإنماء),6,West,VIP,18:30,4,23,Normal,0,0,31.1,62.1,32.3,8,4,2,5,Low
KASC_2025_M13,League,Al-Ittihad,Damac,3,Normal,44193,42800,Inma Stadium (ملعب الإنماء),6,West,VIP,18:35,4,23,Normal,0,0,31.1,62.1,32.3,12,9,3,5,Medium
KASC_2025_M13,League,Al-Ittihad,Damac,3,Normal,44193,42800,Inma Stadium (ملعب الإنماء),6,West,VIP,18:40,4,23,Normal,0,0,31.1,62.1,32.3,9,18,8,2,High
KASC_2025_M13,League,Al-Ittihad,Damac,3,Normal,44193,42800,Inma Stadium (ملعب الإنماء),6,West,VIP,18:45,4,23,Normal,0,0,31.1,62.1,32.3,13,19,6,3,High
KASC_2025_M13,League,Al-Ittihad,Damac,3,Normal,44193,42800,Inma Stadium (ملعب الإنماء),6,West,VIP,18:50,4,23,Normal,0,0,31.1,62.1,32.3,11,33,12,12,Medium
KASC_2025_M13,League,Al-Ittihad,Damac,3,Normal,44193,42800,Inma Stadium (ملعب الإنماء),6,West,VIP,18:55,4,23,Normal,0,0,31.1,62.1,32.3,10,22,9,4,High
KASC_2025_M13,League,Al-Ittihad,Damac,3,Normal,44193,42800,Inma Stadium (ملعب الإنماء),6,West,VIP,19:00,4,23,Normal,0,0,31.1,62.1,32.3,8,32,16,7,High
KASC_2025_M13,League,Al-Ittihad,Damac,3,Normal,44193,42800,Inma Stadium (ملعب الإنماء),6,West,VIP,19:05,4,23,Normal,0,0,31.1,62.1,32.3,13,32,10,9,Medium
KASC_2025_M13,League,Al-Ittihad,Damac,3,Normal,44193,42800,Inma Stadium (ملعب الإنماء),6,West,VIP,19:10,4,23,Normal,0,0,31.1,62.1,32.3,16,64,16,8,High
KASC_2025_M13,League,Al-Ittihad,Damac,3,Normal,44193,42800,Inma Stadium (ملعب الإنماء),6,West,VIP,19:15,4,23,Normal,0,0,31.1,62.1,32.3,10,32,13,10,High
KASC_2025_M13,League,Al-Ittihad,Damac,3,Normal,44193,42800,Inma Stadium (ملعب الإنماء),6,West,VIP,19:20,4,23,Normal,0,0,31.1,62.1,32.3,14,49,14,5,High
KASC_2025_M13,League,Al-Ittihad,Damac,3,Normal,44193,42800,Inma Stadium (ملعب الإنماء),6,West,VIP,19:25,4,23,Normal,0,0,31.1,62.1,32.3,14,63,18,6,High
KASC_2025_M13,League,Al-Ittihad,Damac,3,Normal,44193,42800,Inma Stadium (ملعب الإنماء),6,West,VIP,19:30,4,23,Normal,0,0,31.1,62.1,32.3,15,52,14,8,High
KASC_2025_M13,League,Al-Ittihad,Damac,3,Normal,44193,42800,Inma Stadium (ملعب الإنماء),6,West,VIP,19:35,4,23,Normal,0,0,31.1,62.1,32.3,11,60,22,7,High
KASC_2025_M13,League,Al-Ittihad,Damac,3,Normal,44193,42800,Inma Stadium (ملعب الإنماء),6,West,VIP,19:40,4,23,Normal,0,0,31.1,62.1,32.3,6,27,18,5,High
KASC_2025_M13,League,Al-Ittihad,Damac,3,Normal,44193,42800,Inma Stadium (ملعب الإنماء),6,West,VIP,19:45,4,23,Normal,0,0,31.1,62.1,32.3,13,55,17,6,High
KASC_2025_M13,League,Al-Ittihad,Damac,3,Normal,44193,42800,Inma Stadium (ملعب الإنماء),6,West,VIP,19:50,4,23,Normal,0,0,31.1,62.1,32.3,13,58,18,14,High
KASC_2025_M13,League,Al-Ittihad,Damac,3,Normal,44193,42800,Inma Stadium (ملعب الإنماء),6,West,VIP,19:55,4,23,Normal,0,0,31.1,62.1,32.3,9,27,12,11,Medium
KASC_2025_M13,League,Al-Ittihad,Damac,3,Normal,44193,42800,Inma Stadium (ملعب الإنماء),6,West,VIP,20:00,4,23,Normal,0,0,31.1,62.1,32.3,11,38,14,5,High
KASC_2025_M13,League,Al-Ittihad,Damac,3,Normal,44193,42800,Inma Stadium (ملعب الإنماء),6,West,VIP,20:05,4,23,Normal,0,0,31.1,62.1,32.3,12,36,12,4,High
KASC_2025_M13,League,Al-Ittihad,Damac,3,Normal,44193,42800,Inma Stadium (ملعب الإنماء),6,West,VIP,20:10,4,23,Normal,0,0,31.1,62.1,32.3,7,14,8,4,High
KASC_2025_M13,League,Al-Ittihad,Damac,3,Normal,44193,42800,Inma Stadium (ملعب الإنماء),6,West,VIP,20:15,4,23,Normal,0,0,31.1,62.1,32.3,16,20,5,6,Medium
KASC_2025_M13,League,Al-Ittihad,Damac,3,Normal,44193,42800,Inma Stadium (ملعب الإنماء),6,West,VIP,20:20,4,23,Normal,0,0,31.1,62.1,32.3,15,37,10,4,High
KASC_2025_M13,League,Al-Ittihad,Damac,3,Normal,44193,42800,Inma Stadium (ملعب الإنماء),6,West,VIP,20:25,4,23,Normal,0,0,31.1,62.1,32.3,8,14,7,2,High
KASC_2025_M13,League,Al-Ittihad,Damac,3,Normal,44193,42800,Inma Stadium (ملعب الإنماء),6,West,VIP,20:30,4,23,Normal,0,0,31.1,62.1,32.3,10,10,4,1,High
KASC_2025_M13,League,Al-Ittihad,Damac,3,Normal,44193,42800,Inma Stadium (ملعب الإنماء),6,West,VIP,20:35,4,23,Normal,0,0,31.1,62.1,32.3,12,18,6,1,High
KASC_2025_M13,League,Al-Ittihad,Damac,3,Normal,44193,42800,Inma Stadium (ملعب الإنماء),6,West,VIP,20:40,4,23,Normal,0,0,31.1,62.1,32.3,14,10,3,2,High
KASC_2025_M13,League,Al-Ittihad,Damac,3,Normal,44193,42800,Inma Stadium (ملعب الإنماء),6,West,VIP,20:45,4,23,Normal,0,0,31.1,62.1,32.3,11,8,3,0,High
KASC_2025_M13,League,Al-Ittihad,Damac,3,Normal,44193,42800,Inma Stadium (ملعب الإنماء),6,West,VIP,20:50,4,23,Normal,0,0,31.1,62.1,32.3,10,0,0,0,Medium
KASC_2025_M13,League,Al-Ittihad,Damac,3,Normal,44193,42800,Inma Stadium (ملعب الإنماء),6,West,VIP,20:55,4,23,Normal,0,0,31.1,62.1,32.3,15,0,0,1,Low
KASC_2025_M13,League,Al-Ittihad,Damac,3,Normal,44193,42800,Inma Stadium (ملعب الإنماء),6,West,VIP,21:00,4,23,Normal,0,0,31.1,62.1,32.3,6,3,2,0,High
KASC_2025_M13,League,Al-Ittihad,Damac,3,Normal,44193,42800,Inma Stadium (ملعب الإنماء),6,West,VIP,21:05,4,23,Normal,0,0,31.1,62.1,32.3,13,3,1,0,High
KASC_2025_M13,League,Al-Ittihad,Damac,3,Normal,44193,42800,Inma Stadium (ملعب الإنماء),6,West,VIP,21:10,4,23,Normal,0,0,31.1,62.1,32.3,15,0,0,1,Low
KASC_2025_M13,League,Al-Ittihad,Damac,3,Normal,44193,42800,Inma Stadium (ملعب الإنماء),6,West,VIP,21:15,4,23,Normal,0,0,31.1,62.1,32.3,6,0,0,0,Medium
KASC_2025_M13,League,Al-Ittihad,Damac,3,Normal,44193,42800,Inma Stadium (ملعب الإنماء),6,West,VIP,21:20,4,23,Normal,0,0,31.1,62.1,32.3,12,0,0,0,Medium
KASC_2025_M13,League,Al-Ittihad,Damac,3,Normal,44193,42800,Inma Stadium (ملعب الإنماء),6,West,VIP,21:25,4,23,Normal,0,0,31.1,62.1,32.3,12,0,0,0,Medium
KASC_2025_M13,League,Al-Ittihad,Damac,3,Normal,44193,42800,Inma Stadium (ملعب الإنماء),6,West,VIP,21:30,4,23,Normal,0,0,31.1,62.1,32.3,12,0,0,0,Medium
KASC_2025_M13,League,Al-Ittihad,Damac,3,Normal,44193,42800,Inma Stadium (ملعب الإنماء),6,West,VIP,21:35,4,23,Normal,0,0,31.1,62.1,32.3,11,0,0,0,Medium
KASC_2025_M13,League,Al-Ittihad,Damac,3,Normal,44193,42800,Inma Stadium (ملعب الإنماء),6,West,VIP,21:40,4,23,Normal,0,0,31.1,62.1,32.3,10,0,0,0,Medium
KASC_2025_M13,League,Al-Ittihad,Damac,3,Normal,44193,42800,Inma Stadium (ملعب الإنماء),6,West,VIP,21:45,4,23,Normal,0,0,31.1,62.1,32.3,13,0,0,0,Medium
KASC_2025_M13,League,Al-Ittihad,Damac,3,Normal,44193,42800,Inma Stadium (ملعب الإنماء),6,West,VIP,21:50,4,23,Normal,0,0,31.1,62.1,32.3,12,0,0,0,Medium
KASC_2025_M13,League,Al-Ittihad,Damac,3,Normal,44193,42800,Inma Stadium (ملعب الإنماء),6,West,VIP,21:55,4,23,Normal,0,0,31.1,62.1,32.3,13,0,0,0,Medium
KASC_2025_M13,League,Al-Ittihad,Damac,3,Normal,44193,42800,Inma Stadium (ملعب الإنماء),6,West,VIP,22:00,4,23,Normal,0,0,31.1,62.1,32.3,9,0,0,0,Medium
KASC_2025_M13,League,Al-Ittihad,Damac,3,Normal,44193,42800,Inma Stadium (ملعب الإنماء),6,West,VIP,22:05,4,23,Normal,0,0,31.1,62.1,32.3,12,0,0,0,Medium
KASC_2025_M13,League,Al-Ittihad,Damac,3,Normal,44193,42800,Inma Stadium (ملعب الإنماء),6,West,VIP,22:10,4,23,Normal,0,0,31.1,62.1,32.3,12,0,0,0,Medium
KASC_2025_M13,League,Al-Ittihad,Damac,3,Normal,44193,42800,Inma Stadium (ملعب الإنماء),6,West,VIP,22:15,4,23,Normal,0,0,31.1,62.1,32.3,15,0,0,0,Medium
KASC_2025_M13,League,Al-Ittihad,Damac,3,Normal,44193,42800,Inma Stadium (ملعب الإنماء),6,West,VIP,22:20,4,23,Normal,0,0,31.1,62.1,32.3,12,0,0,0,Medium
KASC_2025_M13,League,Al-Ittihad,Damac,3,Normal,44193,42800,Inma Stadium (ملعب الإنماء),6,West,VIP,22:25,4,23,Normal,0,0,31.1,62.1,32.3,11,0,0,0,Medium
KASC_2025_M13,League,Al-Ittihad,Damac,3,Normal,44193,42800,Inma Stadium (ملعب الإنماء),6,West,VIP,22:30,4,23,Normal,0,0,31.1,62.1,32.3,9,0,0,0,Medium
KASC_2025_M13,League,Al-Ittihad,Damac,3,Normal,44193,42800,Inma Stadium (ملعب الإنماء),6,West,VIP,22:35,4,23,Normal,0,0,31.1,62.1,32.3,12,0,0,0,Medium
KASC_2025_M13,League,Al-Ittihad,Damac,3,Normal,44193,42800,Inma Stadium (ملعب الإنماء),6,West,VIP,22:40,4,23,Normal,0,0,31.1,62.1,32.3,14,0,0,0,Medium
KASC_2025_M13,League,Al-Ittihad,Damac,3,Normal,44193,42800,Inma Stadium (ملعب الإنماء),6,West,VIP,22:45,4,23,Normal,0,0,31.1,62.1,32.3,10,0,0,0,Medium
KASC_2025_M13,League,Al-Ittihad,Damac,3,Normal,44193,42800,Inma Stadium (ملعب الإنماء),6,West,VIP,22:50,4,23,Normal,0,0,31.1,62.1,32.3,11,0,0,0,Medium
KASC_2025_M13,League,Al-Ittihad,Damac,3,Normal,44193,42800,Inma Stadium (ملعب الإنماء),6,West,VIP,22:55,4,23,Normal,0,0,31.1,62.1,32.3,13,0,0,0,Medium
KASC_2025_M13,League,Al-Ittihad,Damac,3,Normal,44193,42800,Inma Stadium (ملعب الإنماء),6,West,VIP,23:00,4,23,Normal,0,0,31.1,62.1,32.3,12,0,0,0,Medium
KASC_2025_M13,League,Al-Ittihad,Damac,3,Normal,44193,42800,Inma Stadium (ملعب الإنماء),6,West,VIP,23:05,4,23,Normal,0,0,31.1,62.1,32.3,18,0,0,0,Medium
KASC_2025_M13,League,Al-Ittihad,Damac,3,Normal,44193,42800,Inma Stadium (ملعب الإنماء),6,West,VIP,23:10,4,23,Normal,0,0,31.1,62.1,32.3,13,0,0,0,Medium
KASC_2025_M13,League,Al-Ittihad,Damac,3,Normal,44193,42800,Inma Stadium (ملعب الإنماء),6,West,VIP,23:15,4,23,Normal,0,0,31.1,62.1,32.3,12,0,0,0,Medium
KASC_2025_M13,League,Al-Ittihad,Damac,3,Normal,44193,42800,Inma Stadium (ملعب الإنماء),6,West,VIP,23:20,4,23,Normal,0,0,31.1,62.1,32.3,10,0,0,0,Medium
KASC_2025_M13,League,Al-Ittihad,Damac,3,Normal,44193,42800,Inma Stadium (ملعب الإنماء),6,West,VIP,23:25,4,23,Normal,0,0,31.1,62.1,32.3,13,0,0,0,Medium
KASC_2025_M13,League,Al-Ittihad,Damac,3,Normal,44193,42800,Inma Stadium (ملعب الإنماء),6,West,VIP,23:30,4,23,Normal,0,0,31.1,62.1,32.3,15,0,0,0,Medium
KASC_2025_M13,League,Al-Ittihad,Damac,3,Normal,44193,42800,Inma Stadium (ملعب الإنماء),6,West,VIP,23:35,4,23,Normal,0,0,31.1,62.1,32.3,12,0,0,0,Medium
KASC_2025_M13,League,Al-Ittihad,Damac,3,Normal,44193,42800,Inma Stadium (ملعب الإنماء),6,West,VIP,23:40,4,23,Normal,0,0,31.1,62.1,32.3,9,0,0,0,Medium
KASC_2025_M13,League,Al-Ittihad,Damac,3,Normal,44193,42800,Inma Stadium (ملعب الإنماء),6,West,VIP,23:45,4,23,Normal,0,0,31.1,62.1,32.3,13,0,0,0,Medium
KASC_2025_M13,League,Al-Ittihad,Damac,3,Normal,44193,42800,Inma Stadium (ملعب الإنماء),6,West,VIP,23:50,4,23,Normal,0,0,31.1,62.1,32.3,13,0,0,0,Medium
KASC_2025_M13,League,Al-Ittihad,Damac,3,Normal,44193,42800,Inma Stadium (ملعب الإنماء),6,West,VIP,23:55,4,23,Normal,0,0,31.1,62.1,32.3,13,0,0,0,Medium
KASC_2025_M14,Kings Cup,Al-Ahli,Al-Taawoun,4,High,51071,50133,Inma Stadium (ملعب الإنماء),1,North,Home,17:00,7,12,Redirecting,0,0,32.7,62.1,33.9,12,5,3,1,High
KASC_2025_M14,Kings Cup,Al-Ahli,Al-Taawoun,4,High,51071,50133,Inma Stadium (ملعب الإنماء),1,North,Home,17:05,7,12,Redirecting,0,0,32.7,62.1,33.9,14,6,3,0,High
KASC_2025_M14,Kings Cup,Al-Ahli,Al-Taawoun,4,High,51071,50133,Inma Stadium (ملعب الإنماء),1,North,Home,17:10,7,12,Redirecting,0,0,32.7,62.1,33.9,12,10,6,0,High
KASC_2025_M14,Kings Cup,Al-Ahli,Al-Taawoun,4,High,51071,50133,Inma Stadium (ملعب الإنماء),1,North,Home,17:15,7,12,Redirecting,0,0,32.7,62.1,33.9,12,6,4,0,High
KASC_2025_M14,Kings Cup,Al-Ahli,Al-Taawoun,4,High,51071,50133,Inma Stadium (ملعب الإنماء),1,North,Home,17:20,7,12,Redirecting,0,0,32.7,62.1,33.9,14,8,4,1,High
KASC_2025_M14,Kings Cup,Al-Ahli,Al-Taawoun,4,High,51071,50133,Inma Stadium (ملعب الإنماء),1,North,Home,17:25,7,12,Redirecting,0,0,32.7,62.1,33.9,8,11,10,1,High
KASC_2025_M14,Kings Cup,Al-Ahli,Al-Taawoun,4,High,51071,50133,Inma Stadium (ملعب الإنماء),1,North,Home,17:30,7,12,Redirecting,0,0,32.7,62.1,33.9,10,14,10,2,High
KASC_2025_M14,Kings Cup,Al-Ahli,Al-Taawoun,4,High,51071,50133,Inma Stadium (ملعب الإنماء),1,North,Home,17:35,7,12,Redirecting,0,0,32.7,62.1,33.9,11,9,6,2,High
KASC_2025_M14,Kings Cup,Al-Ahli,Al-Taawoun,4,High,51071,50133,Inma Stadium (ملعب الإنماء),1,North,Home,17:40,7,12,Redirecting,0,0,32.7,62.1,33.9,10,10,7,3,High
KASC_2025_M14,Kings Cup,Al-Ahli,Al-Taawoun,4,High,51071,50133,Inma Stadium (ملعب الإنماء),1,North,Home,17:45,7,12,Redirecting,0,0,32.7,62.1,33.9,13,33,18,3,High
KASC_2025_M14,Kings Cup,Al-Ahli,Al-Taawoun,4,High,51071,50133,Inma Stadium (ملعب الإنماء),1,North,Home,17:50,7,12,Redirecting,0,0,32.7,62.1,33.9,16,27,12,7,Medium
KASC_2025_M14,Kings Cup,Al-Ahli,Al-Taawoun,4,High,51071,50133,Inma Stadium (ملعب الإنماء),1,North,Home,17:55,7,12,Redirecting,0,0,32.7,62.1,33.9,12,41,24,8,High
KASC_2025_M14,Kings Cup,Al-Ahli,Al-Taawoun,4,High,51071,50133,Inma Stadium (ملعب الإنماء),1,North,Home,18:00,7,12,Redirecting,0,0,32.7,62.1,33.9,7,24,24,4,High
KASC_2025_M14,Kings Cup,Al-Ahli,Al-Taawoun,4,High,51071,50133,Inma Stadium (ملعب الإنماء),1,North,Home,18:05,7,12,Redirecting,0,0,32.7,62.1,33.9,9,29,23,11,High
KASC_2025_M14,Kings Cup,Al-Ahli,Al-Taawoun,4,High,51071,50133,Inma Stadium (ملعب الإنماء),1,North,Home,18:10,7,12,Redirecting,0,0,32.7,62.1,33.9,9,46,36,5,High
KASC_2025_M14,Kings Cup,Al-Ahli,Al-Taawoun,4,High,51071,50133,Inma Stadium (ملعب الإنماء),1,North,Home,18:15,7,12,Redirecting,0,0,32.7,62.1,33.9,11,80,51,14,High
KASC_2025_M14,Kings Cup,Al-Ahli,Al-Taawoun,4,High,51071,50133,Inma Stadium (ملعب الإنماء),1,North,Home,18:20,7,12,Redirecting,0,0,32.7,62.1,33.9,11,59,38,9,High
KASC_2025_M14,Kings Cup,Al-Ahli,Al-Taawoun,4,High,51071,50133,Inma Stadium (ملعب الإنماء),1,North,Home,18:25,7,12,Redirecting,0,0,32.7,62.1,33.9,8,38,34,15,High
KASC_2025_M14,Kings Cup,Al-Ahli,Al-Taawoun,4,High,51071,50133,Inma Stadium (ملعب الإنماء),1,North,Home,18:30,7,12,Redirecting,0,0,32.7,62.1,33.9,13,81,44,16,High
KASC_2025_M14,Kings Cup,Al-Ahli,Al-Taawoun,4,High,51071,50133,Inma Stadium (ملعب الإنماء),1,North,Home,18:35,7,12,Redirecting,0,0,32.7,62.1,33.9,15,102,48,24,High
KASC_2025_M14,Kings Cup,Al-Ahli,Al-Taawoun,4,High,51071,50133,Inma Stadium (ملعب الإنماء),1,North,Home,18:40,7,12,Redirecting,0,0,32.7,62.1,33.9,14,122,61,20,High
KASC_2025_M14,Kings Cup,Al-Ahli,Al-Taawoun,4,High,51071,50133,Inma Stadium (ملعب الإنماء),1,North,Home,18:45,7,12,Redirecting,0,0,32.7,62.1,33.9,10,84,59,30,High
KASC_2025_M14,Kings Cup,Al-Ahli,Al-Taawoun,4,High,51071,50133,Inma Stadium (ملعب الإنماء),1,North,Home,18:50,7,12,Redirecting,0,0,32.7,62.1,33.9,9,104,81,28,High
KASC_2025_M14,Kings Cup,Al-Ahli,Al-Taawoun,4,High,51071,50133,Inma Stadium (ملعب الإنماء),1,North,Home,18:55,7,12,Redirecting,0,0,32.7,62.1,33.9,13,189,102,34,High
KASC_2025_M14,Kings Cup,Al-Ahli,Al-Taawoun,4,High,51071,50133,Inma Stadium (ملعب الإنماء),1,North,Home,19:00,7,12,Redirecting,0,0,32.7,62.1,33.9,13,135,73,33,High
KASC_2025_M14,Kings Cup,Al-Ahli,Al-Taawoun,4,High,51071,50133,Inma Stadium (ملعب الإنماء),1,North,Home,19:05,7,12,Redirecting,0,0,32.7,62.1,33.9,9,113,88,28,High
KASC_2025_M14,Kings Cup,Al-Ahli,Al-Taawoun,4,High,51071,50133,Inma Stadium (ملعب الإنماء),1,North,Home,19:10,7,12,Redirecting,0,0,32.7,62.1,33.9,9,102,80,35,High
KASC_2025_M14,Kings Cup,Al-Ahli,Al-Taawoun,4,High,51071,50133,Inma Stadium (ملعب الإنماء),1,North,Home,19:15,7,12,Redirecting,0,0,32.7,62.1,33.9,11,146,93,26,High
KASC_2025_M14,Kings Cup,Al-Ahli,Al-Taawoun,4,High,51071,50133,Inma Stadium (ملعب الإنماء),1,North,Home,19:20,7,12,Redirecting,0,0,32.7,62.1,33.9,6,78,92,25,High
KASC_2025_M14,Kings Cup,Al-Ahli,Al-Taawoun,4,High,51071,50133,Inma Stadium (ملعب الإنماء),1,North,Home,19:25,7,12,Redirecting,0,0,32.7,62.1,33.9,15,203,95,30,High
KASC_2025_M14,Kings Cup,Al-Ahli,Al-Taawoun,4,High,51071,50133,Inma Stadium (ملعب الإنماء),1,North,Home,19:30,7,12,Redirecting,0,0,32.7,62.1,33.9,11,146,93,32,High
KASC_2025_M14,Kings Cup,Al-Ahli,Al-Taawoun,4,High,51071,50133,Inma Stadium (ملعب الإنماء),1,North,Home,19:35,7,12,Redirecting,0,0,32.7,62.1,33.9,16,210,92,29,High
KASC_2025_M14,Kings Cup,Al-Ahli,Al-Taawoun,4,High,51071,50133,Inma Stadium (ملعب الإنماء),1,North,Home,19:40,7,12,Redirecting,0,0,32.7,62.1,33.9,10,127,89,40,High
KASC_2025_M14,Kings Cup,Al-Ahli,Al-Taawoun,4,High,51071,50133,Inma Stadium (ملعب الإنماء),1,North,Home,19:45,7,12,Redirecting,0,0,32.7,62.1,33.9,14,170,85,27,High
KASC_2025_M14,Kings Cup,Al-Ahli,Al-Taawoun,4,High,51071,50133,Inma Stadium (ملعب الإنماء),1,North,Home,19:50,7,12,Redirecting,0,0,32.7,62.1,33.9,14,182,91,33,High
KASC_2025_M14,Kings Cup,Al-Ahli,Al-Taawoun,4,High,51071,50133,Inma Stadium (ملعب الإنماء),1,North,Home,19:55,7,12,Redirecting,0,0,32.7,62.1,33.9,11,125,80,30,High
KASC_2025_M14,Kings Cup,Al-Ahli,Al-Taawoun,4,High,51071,50133,Inma Stadium (ملعب الإنماء),1,North,Home,20:00,7,12,Redirecting,0,0,32.7,62.1,33.9,14,158,79,35,High
KASC_2025_M14,Kings Cup,Al-Ahli,Al-Taawoun,4,High,51071,50133,Inma Stadium (ملعب الإنماء),1,North,Home,20:05,7,12,Redirecting,0,0,32.7,62.1,33.9,16,203,89,16,High
KASC_2025_M14,Kings Cup,Al-Ahli,Al-Taawoun,4,High,51071,50133,Inma Stadium (ملعب الإنماء),1,North,Home,20:10,7,12,Redirecting,0,0,32.7,62.1,33.9,13,124,67,35,High
KASC_2025_M14,Kings Cup,Al-Ahli,Al-Taawoun,4,High,51071,50133,Inma Stadium (ملعب الإنماء),1,North,Home,20:15,7,12,Redirecting,0,0,32.7,62.1,33.9,17,162,67,25,High
KASC_2025_M14,Kings Cup,Al-Ahli,Al-Taawoun,4,High,51071,50133,Inma Stadium (ملعب الإنماء),1,North,Home,20:20,7,12,Redirecting,0,0,32.7,62.1,33.9,14,144,72,31,High
KASC_2025_M14,Kings Cup,Al-Ahli,Al-Taawoun,4,High,51071,50133,Inma Stadium (ملعب الإنماء),1,North,Home,20:25,7,12,Redirecting,0,0,32.7,62.1,33.9,8,82,72,20,High
KASC_2025_M14,Kings Cup,Al-Ahli,Al-Taawoun,4,High,51071,50133,Inma Stadium (ملعب الإنماء),1,North,Home,20:30,7,12,Redirecting,0,0,32.7,62.1,33.9,12,65,38,18,High
KASC_2025_M14,Kings Cup,Al-Ahli,Al-Taawoun,4,High,51071,50133,Inma Stadium (ملعب الإنماء),1,North,Home,20:35,7,12,Redirecting,0,0,32.7,62.1,33.9,9,60,47,15,High
KASC_2025_M14,Kings Cup,Al-Ahli,Al-Taawoun,4,High,51071,50133,Inma Stadium (ملعب الإنماء),1,North,Home,20:40,7,12,Redirecting,0,0,32.7,62.1,33.9,13,91,49,13,High
KASC_2025_M14,Kings Cup,Al-Ahli,Al-Taawoun,4,High,51071,50133,Inma Stadium (ملعب الإنماء),1,North,Home,20:45,7,12,Redirecting,0,0,32.7,62.1,33.9,9,59,46,10,High
KASC_2025_M14,Kings Cup,Al-Ahli,Al-Taawoun,4,High,51071,50133,Inma Stadium (ملعب الإنماء),1,North,Home,20:50,7,12,Redirecting,0,0,32.7,62.1,33.9,13,57,31,14,High
KASC_2025_M14,Kings Cup,Al-Ahli,Al-Taawoun,4,High,51071,50133,Inma Stadium (ملعب الإنماء),1,North,Home,20:55,7,12,Redirecting,0,0,32.7,62.1,33.9,10,50,35,9,High
KASC_2025_M14,Kings Cup,Al-Ahli,Al-Taawoun,4,High,51071,50133,Inma Stadium (ملعب الإنماء),1,North,Home,21:00,7,12,Redirecting,0,0,32.7,62.1,33.9,12,54,32,7,High
KASC_2025_M14,Kings Cup,Al-Ahli,Al-Taawoun,4,High,51071,50133,Inma Stadium (ملعب الإنماء),1,North,Home,21:05,7,12,Redirecting,0,0,32.7,62.1,33.9,15,51,24,7,High
KASC_2025_M14,Kings Cup,Al-Ahli,Al-Taawoun,4,High,51071,50133,Inma Stadium (ملعب الإنماء),1,North,Home,21:10,7,12,Redirecting,0,0,32.7,62.1,33.9,14,28,14,10,Medium
KASC_2025_M14,Kings Cup,Al-Ahli,Al-Taawoun,4,High,51071,50133,Inma Stadium (ملعب الإنماء),1,North,Home,21:15,7,12,Redirecting,0,0,32.7,62.1,33.9,10,14,10,7,Medium
KASC_2025_M14,Kings Cup,Al-Ahli,Al-Taawoun,4,High,51071,50133,Inma Stadium (ملعب الإنماء),1,North,Home,21:20,7,12,Redirecting,0,0,32.7,62.1,33.9,10,22,16,5,High
KASC_2025_M14,Kings Cup,Al-Ahli,Al-Taawoun,4,High,51071,50133,Inma Stadium (ملعب الإنماء),1,North,Home,21:25,7,12,Redirecting,0,0,32.7,62.1,33.9,13,14,8,7,Medium
KASC_2025_M14,Kings Cup,Al-Ahli,Al-Taawoun,4,High,51071,50133,Inma Stadium (ملعب الإنماء),1,North,Home,21:30,7,12,Redirecting,0,0,32.7,62.1,33.9,7,3,3,6,Low
KASC_2025_M14,Kings Cup,Al-Ahli,Al-Taawoun,4,High,51071,50133,Inma Stadium (ملعب الإنماء),1,North,Home,21:35,7,12,Redirecting,0,0,32.7,62.1,33.9,11,17,11,1,High
KASC_2025_M14,Kings Cup,Al-Ahli,Al-Taawoun,4,High,51071,50133,Inma Stadium (ملعب الإنماء),1,North,Home,21:40,7,12,Redirecting,0,0,32.7,62.1,33.9,15,8,4,2,Medium
KASC_2025_M14,Kings Cup,Al-Ahli,Al-Taawoun,4,High,51071,50133,Inma Stadium (ملعب الإنماء),1,North,Home,21:45,7,12,Redirecting,0,0,32.7,62.1,33.9,10,7,5,1,High
KASC_2025_M14,Kings Cup,Al-Ahli,Al-Taawoun,4,High,51071,50133,Inma Stadium (ملعب الإنماء),1,North,Home,21:50,7,12,Redirecting,0,0,32.7,62.1,33.9,15,10,5,2,High
KASC_2025_M14,Kings Cup,Al-Ahli,Al-Taawoun,4,High,51071,50133,Inma Stadium (ملعب الإنماء),1,North,Home,21:55,7,12,Redirecting,0,0,32.7,62.1,33.9,6,4,5,1,High
KASC_2025_M14,Kings Cup,Al-Ahli,Al-Taawoun,4,High,51071,50133,Inma Stadium (ملعب الإنماء),1,North,Home,22:00,7,12,Redirecting,0,0,32.7,62.1,33.9,12,8,5,0,High
KASC_2025_M14,Kings Cup,Al-Ahli,Al-Taawoun,4,High,51071,50133,Inma Stadium (ملعب الإنماء),1,North,Home,22:05,7,12,Redirecting,0,0,32.7,62.1,33.9,12,5,3,0,High
KASC_2025_M14,Kings Cup,Al-Ahli,Al-Taawoun,4,High,51071,50133,Inma Stadium (ملعب الإنماء),1,North,Home,22:10,7,12,Redirecting,0,0,32.7,62.1,33.9,11,3,2,1,Medium
KASC_2025_M14,Kings Cup,Al-Ahli,Al-Taawoun,4,High,51071,50133,Inma Stadium (ملعب الإنماء),1,North,Home,22:15,7,12,Redirecting,0,0,32.7,62.1,33.9,13,1,1,0,High
KASC_2025_M14,Kings Cup,Al-Ahli,Al-Taawoun,4,High,51071,50133,Inma Stadium (ملعب الإنماء),1,North,Home,22:20,7,12,Redirecting,0,0,32.7,62.1,33.9,11,0,0,1,Low
KASC_2025_M14,Kings Cup,Al-Ahli,Al-Taawoun,4,High,51071,50133,Inma Stadium (ملعب الإنماء),1,North,Home,22:25,7,12,Redirecting,0,0,32.7,62.1,33.9,11,0,0,0,Medium
KASC_2025_M14,Kings Cup,Al-Ahli,Al-Taawoun,4,High,51071,50133,Inma Stadium (ملعب الإنماء),1,North,Home,22:30,7,12,Redirecting,0,0,32.7,62.1,33.9,8,3,3,0,High
KASC_2025_M14,Kings Cup,Al-Ahli,Al-Taawoun,4,High,51071,50133,Inma Stadium (ملعب الإنماء),1,North,Home,22:35,7,12,Redirecting,0,0,32.7,62.1,33.9,9,0,0,0,Medium
KASC_2025_M14,Kings Cup,Al-Ahli,Al-Taawoun,4,High,51071,50133,Inma Stadium (ملعب الإنماء),1,North,Home,22:40,7,12,Redirecting,0,0,32.7,62.1,33.9,18,2,1,0,High
KASC_2025_M14,Kings Cup,Al-Ahli,Al-Taawoun,4,High,51071,50133,Inma Stadium (ملعب الإنماء),1,North,Home,22:45,7,12,Redirecting,0,0,32.7,62.1,33.9,7,0,0,0,Medium
KASC_2025_M14,Kings Cup,Al-Ahli,Al-Taawoun,4,High,51071,50133,Inma Stadium (ملعب الإنماء),1,North,Home,22:50,7,12,Redirecting,0,0,32.7,62.1,33.9,7,0,0,0,Medium
KASC_2025_M14,Kings Cup,Al-Ahli,Al-Taawoun,4,High,51071,50133,Inma Stadium (ملعب الإنماء),1,North,Home,22:55,7,12,Redirecting,0,0,32.7,62.1,33.9,16,0,0,0,Medium
KASC_2025_M14,Kings Cup,Al-Ahli,Al-Taawoun,4,High,51071,50133,Inma Stadium (ملعب الإنماء),1,North,Home,23:00,7,12,Redirecting,0,0,32.7,62.1,33.9,12,0,0,0,Medium
KASC_2025_M14,Kings Cup,Al-Ahli,Al-Taawoun,4,High,51071,50133,Inma Stadium (ملعب الإنماء),1,North,Home,23:05,7,12,Redirecting,0,0,32.7,62.1,33.9,9,0,0,0,Medium
KASC_2025_M14,Kings Cup,Al-Ahli,Al-Taawoun,4,High,51071,50133,Inma Stadium (ملعب الإنماء),1,North,Home,23:10,7,12,Redirecting,0,0,32.7,62.1,33.9,11,0,0,0,Medium
KASC_2025_M14,Kings Cup,Al-Ahli,Al-Taawoun,4,High,51071,50133,Inma Stadium (ملعب الإنماء),1,North,Home,23:15,7,12,Redirecting,0,0,32.7,62.1,33.9,11,0,0,0,Medium
KASC_2025_M14,Kings Cup,Al-Ahli,Al-Taawoun,4,High,51071,50133,Inma Stadium (ملعب الإنماء),1,North,Home,23:20,7,12,Redirecting,0,0,32.7,62.1,33.9,10,0,0,0,Medium
KASC_2025_M14,Kings Cup,Al-Ahli,Al-Taawoun,4,High,51071,50133,Inma Stadium (ملعب الإنماء),1,North,Home,23:25,7,12,Redirecting,0,0,32.7,62.1,33.9,12,0,0,0,Medium
KASC_2025_M14,Kings Cup,Al-Ahli,Al-Taawoun,4,High,51071,50133,Inma Stadium (ملعب الإنماء),1,North,Home,23:30,7,12,Redirecting,0,0,32.7,62.1,33.9,9,0,0,0,Medium
KASC_2025_M14,Kings Cup,Al-Ahli,Al-Taawoun,4,High,51071,50133,Inma Stadium (ملعب الإنماء),1,North,Home,23:35,7,12,Redirecting,0,0,32.7,62.1,33.9,10,0,0,0,Medium
KASC_2025_M14,Kings Cup,Al-Ahli,Al-Taawoun,4,High,51071,50133,Inma Stadium (ملعب الإنماء),1,North,Home,23:40,7,12,Redirecting,0,0,32.7,62.1,33.9,14,0,0,0,Medium
KASC_2025_M14,Kings Cup,Al-Ahli,Al-Taawoun,4,High,51071,50133,Inma Stadium (ملعب الإنماء),1,North,Home,23:45,7,12,Redirecting,0,0,32.7,62.1,33.9,15,0,0,0,Medium
KASC_2025_M14,Kings Cup,Al-Ahli,Al-Taawoun,4,High,51071,50133,Inma Stadium (ملعب الإنماء),1,North,Home,23:50,7,12,Redirecting,0,0,32.7,62.1,33.9,9,0,0,0,Medium
KASC_2025_M14,Kings Cup,Al-Ahli,Al-Taawoun,4,High,51071,50133,Inma Stadium (ملعب الإنماء),1,North,Home,23:55,7,12,Redirecting,0,0,32.7,62.1,33.9,9,0,0,0,Medium
KASC_2025_M14,Kings Cup,Al-Ahli,Al-Taawoun,4,High,51071,50133,Inma Stadium (ملعب الإنماء),2,North,Home,17:00,5,13,Normal,0,0,32.7,62.1,33.9,12,4,2,0,High
KASC_2025_M14,Kings Cup,Al-Ahli,Al-Taawoun,4,High,51071,50133,Inma Stadium (ملعب الإنماء),2,North,Home,17:05,5,13,Normal,0,0,32.7,62.1,33.9,12,7,3,1,High
KASC_2025_M14,Kings Cup,Al-Ahli,Al-Taawoun,4,High,51071,50133,Inma Stadium (ملعب الإنماء),2,North,Home,17:10,5,13,Normal,0,0,32.7,62.1,33.9,12,12,5,1,High
KASC_2025_M14,Kings Cup,Al-Ahli,Al-Taawoun,4,High,51071,50133,Inma Stadium (ملعب الإنماء),2,North,Home,17:15,5,13,Normal,0,0,32.7,62.1,33.9,11,4,2,1,Medium
KASC_2025_M14,Kings Cup,Al-Ahli,Al-Taawoun,4,High,51071,50133,Inma Stadium (ملعب الإنماء),2,North,Home,17:20,5,13,Normal,0,0,32.7,62.1,33.9,12,14,6,2,High
KASC_2025_M14,Kings Cup,Al-Ahli,Al-Taawoun,4,High,51071,50133,Inma Stadium (ملعب الإنماء),2,North,Home,17:25,5,13,Normal,0,0,32.7,62.1,33.9,11,19,9,3,High
KASC_2025_M14,Kings Cup,Al-Ahli,Al-Taawoun,4,High,51071,50133,Inma Stadium (ملعب الإنماء),2,North,Home,17:30,5,13,Normal,0,0,32.7,62.1,33.9,10,10,5,1,High
KASC_2025_M14,Kings Cup,Al-Ahli,Al-Taawoun,4,High,51071,50133,Inma Stadium (ملعب الإنماء),2,North,Home,17:35,5,13,Normal,0,0,32.7,62.1,33.9,11,11,5,3,Medium
KASC_2025_M14,Kings Cup,Al-Ahli,Al-Taawoun,4,High,51071,50133,Inma Stadium (ملعب الإنماء),2,North,Home,17:40,5,13,Normal,0,0,32.7,62.1,33.9,12,19,8,2,High
KASC_2025_M14,Kings Cup,Al-Ahli,Al-Taawoun,4,High,51071,50133,Inma Stadium (ملعب الإنماء),2,North,Home,17:45,5,13,Normal,0,0,32.7,62.1,33.9,13,15,6,10,Low
KASC_2025_M14,Kings Cup,Al-Ahli,Al-Taawoun,4,High,51071,50133,Inma Stadium (ملعب الإنماء),2,North,Home,17:50,5,13,Normal,0,0,32.7,62.1,33.9,12,36,15,3,High
KASC_2025_M14,Kings Cup,Al-Ahli,Al-Taawoun,4,High,51071,50133,Inma Stadium (ملعب الإنماء),2,North,Home,17:55,5,13,Normal,0,0,32.7,62.1,33.9,12,36,15,2,High
KASC_2025_M14,Kings Cup,Al-Ahli,Al-Taawoun,4,High,51071,50133,Inma Stadium (ملعب الإنماء),2,North,Home,18:00,5,13,Normal,0,0,32.7,62.1,33.9,12,26,11,5,High
KASC_2025_M14,Kings Cup,Al-Ahli,Al-Taawoun,4,High,51071,50133,Inma Stadium (ملعب الإنماء),2,North,Home,18:05,5,13,Normal,0,0,32.7,62.1,33.9,13,65,25,7,High
KASC_2025_M14,Kings Cup,Al-Ahli,Al-Taawoun,4,High,51071,50133,Inma Stadium (ملعب الإنماء),2,North,Home,18:10,5,13,Normal,0,0,32.7,62.1,33.9,11,52,24,7,High
KASC_2025_M14,Kings Cup,Al-Ahli,Al-Taawoun,4,High,51071,50133,Inma Stadium (ملعب الإنماء),2,North,Home,18:15,5,13,Normal,0,0,32.7,62.1,33.9,9,45,25,9,High
KASC_2025_M14,Kings Cup,Al-Ahli,Al-Taawoun,4,High,51071,50133,Inma Stadium (ملعب الإنماء),2,North,Home,18:20,5,13,Normal,0,0,32.7,62.1,33.9,14,84,30,20,Medium
KASC_2025_M14,Kings Cup,Al-Ahli,Al-Taawoun,4,High,51071,50133,Inma Stadium (ملعب الإنماء),2,North,Home,18:25,5,13,Normal,0,0,32.7,62.1,33.9,13,96,37,7,High
KASC_2025_M14,Kings Cup,Al-Ahli,Al-Taawoun,4,High,51071,50133,Inma Stadium (ملعب الإنماء),2,North,Home,18:30,5,13,Normal,0,0,32.7,62.1,33.9,14,126,45,21,High
KASC_2025_M14,Kings Cup,Al-Ahli,Al-Taawoun,4,High,51071,50133,Inma Stadium (ملعب الإنماء),2,North,Home,18:35,5,13,Normal,0,0,32.7,62.1,33.9,14,112,40,21,High
KASC_2025_M14,Kings Cup,Al-Ahli,Al-Taawoun,4,High,51071,50133,Inma Stadium (ملعب الإنماء),2,North,Home,18:40,5,13,Normal,0,0,32.7,62.1,33.9,18,180,50,24,High
KASC_2025_M14,Kings Cup,Al-Ahli,Al-Taawoun,4,High,51071,50133,Inma Stadium (ملعب الإنماء),2,North,Home,18:45,5,13,Normal,0,0,32.7,62.1,33.9,12,105,44,25,High
KASC_2025_M14,Kings Cup,Al-Ahli,Al-Taawoun,4,High,51071,50133,Inma Stadium (ملعب الإنماء),2,North,Home,18:50,5,13,Normal,0,0,32.7,62.1,33.9,8,92,58,28,High
KASC_2025_M14,Kings Cup,Al-Ahli,Al-Taawoun,4,High,51071,50133,Inma Stadium (ملعب الإنماء),2,North,Home,18:55,5,13,Normal,0,0,32.7,62.1,33.9,11,132,60,27,High
KASC_2025_M14,Kings Cup,Al-Ahli,Al-Taawoun,4,High,51071,50133,Inma Stadium (ملعب الإنماء),2,North,Home,19:00,5,13,Normal,0,0,32.7,62.1,33.9,12,168,70,28,High
KASC_2025_M14,Kings Cup,Al-Ahli,Al-Taawoun,4,High,51071,50133,Inma Stadium (ملعب الإنماء),2,North,Home,19:05,5,13,Normal,0,0,32.7,62.1,33.9,13,156,60,21,High
KASC_2025_M14,Kings Cup,Al-Ahli,Al-Taawoun,4,High,51071,50133,Inma Stadium (ملعب الإنماء),2,North,Home,19:10,5,13,Normal,0,0,32.7,62.1,33.9,9,136,76,27,High
KASC_2025_M14,Kings Cup,Al-Ahli,Al-Taawoun,4,High,51071,50133,Inma Stadium (ملعب الإنماء),2,North,Home,19:15,5,13,Normal,0,0,32.7,62.1,33.9,6,81,68,36,High
KASC_2025_M14,Kings Cup,Al-Ahli,Al-Taawoun,4,High,51071,50133,Inma Stadium (ملعب الإنماء),2,North,Home,19:20,5,13,Normal,0,0,32.7,62.1,33.9,6,96,80,25,High
KASC_2025_M14,Kings Cup,Al-Ahli,Al-Taawoun,4,High,51071,50133,Inma Stadium (ملعب الإنماء),2,North,Home,19:25,5,13,Normal,0,0,32.7,62.1,33.9,11,158,72,33,High
KASC_2025_M14,Kings Cup,Al-Ahli,Al-Taawoun,4,High,51071,50133,Inma Stadium (ملعب الإنماء),2,North,Home,19:30,5,13,Normal,0,0,32.7,62.1,33.9,16,198,62,30,High
KASC_2025_M14,Kings Cup,Al-Ahli,Al-Taawoun,4,High,51071,50133,Inma Stadium (ملعب الإنماء),2,North,Home,19:35,5,13,Normal,0,0,32.7,62.1,33.9,17,255,75,44,High
KASC_2025_M14,Kings Cup,Al-Ahli,Al-Taawoun,4,High,51071,50133,Inma Stadium (ملعب الإنماء),2,North,Home,19:40,5,13,Normal,0,0,32.7,62.1,33.9,18,226,63,32,High
KASC_2025_M14,Kings Cup,Al-Ahli,Al-Taawoun,4,High,51071,50133,Inma Stadium (ملعب الإنماء),2,North,Home,19:45,5,13,Normal,0,0,32.7,62.1,33.9,6,93,78,45,High
KASC_2025_M14,Kings Cup,Al-Ahli,Al-Taawoun,4,High,51071,50133,Inma Stadium (ملعب الإنماء),2,North,Home,19:50,5,13,Normal,0,0,32.7,62.1,33.9,14,215,77,28,High
KASC_2025_M14,Kings Cup,Al-Ahli,Al-Taawoun,4,High,51071,50133,Inma Stadium (ملعب الإنماء),2,North,Home,19:55,5,13,Normal,0,0,32.7,62.1,33.9,14,218,78,25,High
KASC_2025_M14,Kings Cup,Al-Ahli,Al-Taawoun,4,High,51071,50133,Inma Stadium (ملعب الإنماء),2,North,Home,20:00,5,13,Normal,0,0,32.7,62.1,33.9,10,102,51,27,High
KASC_2025_M14,Kings Cup,Al-Ahli,Al-Taawoun,4,High,51071,50133,Inma Stadium (ملعب الإنماء),2,North,Home,20:05,5,13,Normal,0,0,32.7,62.1,33.9,12,146,61,34,High
KASC_2025_M14,Kings Cup,Al-Ahli,Al-Taawoun,4,High,51071,50133,Inma Stadium (ملعب الإنماء),2,North,Home,20:10,5,13,Normal,0,0,32.7,62.1,33.9,15,195,65,20,High
KASC_2025_M14,Kings Cup,Al-Ahli,Al-Taawoun,4,High,51071,50133,Inma Stadium (ملعب الإنماء),2,North,Home,20:15,5,13,Normal,0,0,32.7,62.1,33.9,11,83,38,16,High
KASC_2025_M14,Kings Cup,Al-Ahli,Al-Taawoun,4,High,51071,50133,Inma Stadium (ملعب الإنماء),2,North,Home,20:20,5,13,Normal,0,0,32.7,62.1,33.9,13,130,50,19,High
KASC_2025_M14,Kings Cup,Al-Ahli,Al-Taawoun,4,High,51071,50133,Inma Stadium (ملعب الإنماء),2,North,Home,20:25,5,13,Normal,0,0,32.7,62.1,33.9,11,79,36,21,High
KASC_2025_M14,Kings Cup,Al-Ahli,Al-Taawoun,4,High,51071,50133,Inma Stadium (ملعب الإنماء),2,North,Home,20:30,5,13,Normal,0,0,32.7,62.1,33.9,12,100,42,18,High
KASC_2025_M14,Kings Cup,Al-Ahli,Al-Taawoun,4,High,51071,50133,Inma Stadium (ملعب الإنماء),2,North,Home,20:35,5,13,Normal,0,0,32.7,62.1,33.9,9,64,36,19,High
KASC_2025_M14,Kings Cup,Al-Ahli,Al-Taawoun,4,High,51071,50133,Inma Stadium (ملعب الإنماء),2,North,Home,20:40,5,13,Normal,0,0,32.7,62.1,33.9,13,78,30,5,High
KASC_2025_M14,Kings Cup,Al-Ahli,Al-Taawoun,4,High,51071,50133,Inma Stadium (ملعب الإنماء),2,North,Home,20:45,5,13,Normal,0,0,32.7,62.1,33.9,9,43,24,15,High
KASC_2025_M14,Kings Cup,Al-Ahli,Al-Taawoun,4,High,51071,50133,Inma Stadium (ملعب الإنماء),2,North,Home,20:50,5,13,Normal,0,0,32.7,62.1,33.9,13,65,25,8,High
KASC_2025_M14,Kings Cup,Al-Ahli,Al-Taawoun,4,High,51071,50133,Inma Stadium (ملعب الإنماء),2,North,Home,20:55,5,13,Normal,0,0,32.7,62.1,33.9,6,28,24,9,High
KASC_2025_M14,Kings Cup,Al-Ahli,Al-Taawoun,4,High,51071,50133,Inma Stadium (ملعب الإنماء),2,North,Home,21:00,5,13,Normal,0,0,32.7,62.1,33.9,12,48,20,5,High
KASC_2025_M14,Kings Cup,Al-Ahli,Al-Taawoun,4,High,51071,50133,Inma Stadium (ملعب الإنماء),2,North,Home,21:05,5,13,Normal,0,0,32.7,62.1,33.9,12,62,26,6,High
KASC_2025_M14,Kings Cup,Al-Ahli,Al-Taawoun,4,High,51071,50133,Inma Stadium (ملعب الإنماء),2,North,Home,21:10,5,13,Normal,0,0,32.7,62.1,33.9,9,30,17,4,High
KASC_2025_M14,Kings Cup,Al-Ahli,Al-Taawoun,4,High,51071,50133,Inma Stadium (ملعب الإنماء),2,North,Home,21:15,5,13,Normal,0,0,32.7,62.1,33.9,11,24,11,5,High
KASC_2025_M14,Kings Cup,Al-Ahli,Al-Taawoun,4,High,51071,50133,Inma Stadium (ملعب الإنماء),2,North,Home,21:20,5,13,Normal,0,0,32.7,62.1,33.9,13,23,9,4,High
KASC_2025_M14,Kings Cup,Al-Ahli,Al-Taawoun,4,High,51071,50133,Inma Stadium (ملعب الإنماء),2,North,Home,21:25,5,13,Normal,0,0,32.7,62.1,33.9,9,12,7,5,Medium
KASC_2025_M14,Kings Cup,Al-Ahli,Al-Taawoun,4,High,51071,50133,Inma Stadium (ملعب الإنماء),2,North,Home,21:30,5,13,Normal,0,0,32.7,62.1,33.9,12,14,6,6,Medium
KASC_2025_M14,Kings Cup,Al-Ahli,Al-Taawoun,4,High,51071,50133,Inma Stadium (ملعب الإنماء),2,North,Home,21:35,5,13,Normal,0,0,32.7,62.1,33.9,8,6,4,1,High
KASC_2025_M14,Kings Cup,Al-Ahli,Al-Taawoun,4,High,51071,50133,Inma Stadium (ملعب الإنماء),2,North,Home,21:40,5,13,Normal,0,0,32.7,62.1,33.9,6,6,5,1,High
KASC_2025_M14,Kings Cup,Al-Ahli,Al-Taawoun,4,High,51071,50133,Inma Stadium (ملعب الإنماء),2,North,Home,21:45,5,13,Normal,0,0,32.7,62.1,33.9,11,2,1,3,Low
KASC_2025_M14,Kings Cup,Al-Ahli,Al-Taawoun,4,High,51071,50133,Inma Stadium (ملعب الإنماء),2,North,Home,21:50,5,13,Normal,0,0,32.7,62.1,33.9,7,1,1,1,Medium
KASC_2025_M14,Kings Cup,Al-Ahli,Al-Taawoun,4,High,51071,50133,Inma Stadium (ملعب الإنماء),2,North,Home,21:55,5,13,Normal,0,0,32.7,62.1,33.9,8,1,1,0,High
KASC_2025_M14,Kings Cup,Al-Ahli,Al-Taawoun,4,High,51071,50133,Inma Stadium (ملعب الإنماء),2,North,Home,22:00,5,13,Normal,0,0,32.7,62.1,33.9,8,1,1,0,High
KASC_2025_M14,Kings Cup,Al-Ahli,Al-Taawoun,4,High,51071,50133,Inma Stadium (ملعب الإنماء),2,North,Home,22:05,5,13,Normal,0,0,32.7,62.1,33.9,11,0,0,0,Medium
KASC_2025_M14,Kings Cup,Al-Ahli,Al-Taawoun,4,High,51071,50133,Inma Stadium (ملعب الإنماء),2,North,Home,22:10,5,13,Normal,0,0,32.7,62.1,33.9,6,0,0,1,Low
KASC_2025_M14,Kings Cup,Al-Ahli,Al-Taawoun,4,High,51071,50133,Inma Stadium (ملعب الإنماء),2,North,Home,22:15,5,13,Normal,0,0,32.7,62.1,33.9,12,0,0,0,Medium
KASC_2025_M14,Kings Cup,Al-Ahli,Al-Taawoun,4,High,51071,50133,Inma Stadium (ملعب الإنماء),2,North,Home,22:20,5,13,Normal,0,0,32.7,62.1,33.9,11,0,0,0,Medium
KASC_2025_M14,Kings Cup,Al-Ahli,Al-Taawoun,4,High,51071,50133,Inma Stadium (ملعب الإنماء),2,North,Home,22:25,5,13,Normal,0,0,32.7,62.1,33.9,12,0,0,0,Medium
KASC_2025_M14,Kings Cup,Al-Ahli,Al-Taawoun,4,High,51071,50133,Inma Stadium (ملعب الإنماء),2,North,Home,22:30,5,13,Normal,0,0,32.7,62.1,33.9,10,2,1,0,High
KASC_2025_M14,Kings Cup,Al-Ahli,Al-Taawoun,4,High,51071,50133,Inma Stadium (ملعب الإنماء),2,North,Home,22:35,5,13,Normal,0,0,32.7,62.1,33.9,9,1,1,0,High
KASC_2025_M14,Kings Cup,Al-Ahli,Al-Taawoun,4,High,51071,50133,Inma Stadium (ملعب الإنماء),2,North,Home,22:40,5,13,Normal,0,0,32.7,62.1,33.9,9,0,0,0,Medium
KASC_2025_M14,Kings Cup,Al-Ahli,Al-Taawoun,4,High,51071,50133,Inma Stadium (ملعب الإنماء),2,North,Home,22:45,5,13,Normal,0,0,32.7,62.1,33.9,13,0,0,0,Medium
KASC_2025_M14,Kings Cup,Al-Ahli,Al-Taawoun,4,High,51071,50133,Inma Stadium (ملعب الإنماء),2,North,Home,22:50,5,13,Normal,0,0,32.7,62.1,33.9,10,0,0,0,Medium
KASC_2025_M14,Kings Cup,Al-Ahli,Al-Taawoun,4,High,51071,50133,Inma Stadium (ملعب الإنماء),2,North,Home,22:55,5,13,Normal,0,0,32.7,62.1,33.9,8,0,0,0,Medium
KASC_2025_M14,Kings Cup,Al-Ahli,Al-Taawoun,4,High,51071,50133,Inma Stadium (ملعب الإنماء),2,North,Home,23:00,5,13,Normal,0,0,32.7,62.1,33.9,10,0,0,0,Medium
KASC_2025_M14,Kings Cup,Al-Ahli,Al-Taawoun,4,High,51071,50133,Inma Stadium (ملعب الإنماء),2,North,Home,23:05,5,13,Normal,0,0,32.7,62.1,33.9,16,0,0,0,Medium
KASC_2025_M14,Kings Cup,Al-Ahli,Al-Taawoun,4,High,51071,50133,Inma Stadium (ملعب الإنماء),2,North,Home,23:10,5,13,Normal,0,0,32.7,62.1,33.9,14,0,0,0,Medium
KASC_2025_M14,Kings Cup,Al-Ahli,Al-Taawoun,4,High,51071,50133,Inma Stadium (ملعب الإنماء),2,North,Home,23:15,5,13,Normal,0,0,32.7,62.1,33.9,11,0,0,0,Medium
KASC_2025_M14,Kings Cup,Al-Ahli,Al-Taawoun,4,High,51071,50133,Inma Stadium (ملعب الإنماء),2,North,Home,23:20,5,13,Normal,0,0,32.7,62.1,33.9,11,0,0,0,Medium
KASC_2025_M14,Kings Cup,Al-Ahli,Al-Taawoun,4,High,51071,50133,Inma Stadium (ملعب الإنماء),2,North,Home,23:25,5,13,Normal,0,0,32.7,62.1,33.9,13,0,0,0,Medium
KASC_2025_M14,Kings Cup,Al-Ahli,Al-Taawoun,4,High,51071,50133,Inma Stadium (ملعب الإنماء),2,North,Home,23:30,5,13,Normal,0,0,32.7,62.1,33.9,12,0,0,0,Medium
KASC_2025_M14,Kings Cup,Al-Ahli,Al-Taawoun,4,High,51071,50133,Inma Stadium (ملعب الإنماء),2,North,Home,23:35,5,13,Normal,0,0,32.7,62.1,33.9,12,0,0,0,Medium
KASC_2025_M14,Kings Cup,Al-Ahli,Al-Taawoun,4,High,51071,50133,Inma Stadium (ملعب الإنماء),2,North,Home,23:40,5,13,Normal,0,0,32.7,62.1,33.9,14,0,0,0,Medium
KASC_2025_M14,Kings Cup,Al-Ahli,Al-Taawoun,4,High,51071,50133,Inma Stadium (ملعب الإنماء),2,North,Home,23:45,5,13,Normal,0,0,32.7,62.1,33.9,12,0,0,0,Medium
KASC_2025_M14,Kings Cup,Al-Ahli,Al-Taawoun,4,High,51071,50133,Inma Stadium (ملعب الإنماء),2,North,Home,23:50,5,13,Normal,0,0,32.7,62.1,33.9,7,0,0,0,Medium
KASC_2025_M14,Kings Cup,Al-Ahli,Al-Taawoun,4,High,51071,50133,Inma Stadium (ملعب الإنماء),2,North,Home,23:55,5,13,Normal,0,0,32.7,62.1,33.9,8,0,0,0,Medium
KASC_2025_M14,Kings Cup,Al-Ahli,Al-Taawoun,4,High,51071,50133,Inma Stadium (ملعب الإنماء),3,East,Home,17:00,8,21,Normal,1,3,32.7,62.1,33.9,7,1,2,0,High
KASC_2025_M14,Kings Cup,Al-Ahli,Al-Taawoun,4,High,51071,50133,Inma Stadium (ملعب الإنماء),3,East,Home,17:05,8,21,Normal,1,3,32.7,62.1,33.9,18,18,8,0,High
KASC_2025_M14,Kings Cup,Al-Ahli,Al-Taawoun,4,High,51071,50133,Inma Stadium (ملعب الإنماء),3,East,Home,17:10,8,21,Normal,1,3,32.7,62.1,33.9,6,6,9,2,High
KASC_2025_M14,Kings Cup,Al-Ahli,Al-Taawoun,4,High,51071,50133,Inma Stadium (ملعب الإنماء),3,East,Home,17:15,8,21,Normal,1,3,32.7,62.1,33.9,10,2,2,4,Low
KASC_2025_M14,Kings Cup,Al-Ahli,Al-Taawoun,4,High,51071,50133,Inma Stadium (ملعب الإنماء),3,East,Home,17:20,8,21,Normal,1,3,32.7,62.1,33.9,8,6,6,1,High
KASC_2025_M14,Kings Cup,Al-Ahli,Al-Taawoun,4,High,51071,50133,Inma Stadium (ملعب الإنماء),3,East,Home,17:25,8,21,Normal,1,3,32.7,62.1,33.9,12,13,9,2,High
KASC_2025_M14,Kings Cup,Al-Ahli,Al-Taawoun,4,High,51071,50133,Inma Stadium (ملعب الإنماء),3,East,Home,17:30,8,21,Normal,1,3,32.7,62.1,33.9,9,14,13,5,High
KASC_2025_M14,Kings Cup,Al-Ahli,Al-Taawoun,4,High,51071,50133,Inma Stadium (ملعب الإنماء),3,East,Home,17:35,8,21,Normal,1,3,32.7,62.1,33.9,15,11,6,3,Medium
KASC_2025_M14,Kings Cup,Al-Ahli,Al-Taawoun,4,High,51071,50133,Inma Stadium (ملعب الإنماء),3,East,Home,17:40,8,21,Normal,1,3,32.7,62.1,33.9,14,28,16,5,High
KASC_2025_M14,Kings Cup,Al-Ahli,Al-Taawoun,4,High,51071,50133,Inma Stadium (ملعب الإنماء),3,East,Home,17:45,8,21,Normal,1,3,32.7,62.1,33.9,9,20,18,6,High
KASC_2025_M14,Kings Cup,Al-Ahli,Al-Taawoun,4,High,51071,50133,Inma Stadium (ملعب الإنماء),3,East,Home,17:50,8,21,Normal,1,3,32.7,62.1,33.9,17,53,25,9,High
KASC_2025_M14,Kings Cup,Al-Ahli,Al-Taawoun,4,High,51071,50133,Inma Stadium (ملعب الإنماء),3,East,Home,17:55,8,21,Normal,1,3,32.7,62.1,33.9,13,55,34,14,High
KASC_2025_M14,Kings Cup,Al-Ahli,Al-Taawoun,4,High,51071,50133,Inma Stadium (ملعب الإنماء),3,East,Home,18:00,8,21,Normal,1,3,32.7,62.1,33.9,13,47,29,7,High
KASC_2025_M14,Kings Cup,Al-Ahli,Al-Taawoun,4,High,51071,50133,Inma Stadium (ملعب الإنماء),3,East,Home,18:05,8,21,Normal,1,3,32.7,62.1,33.9,16,66,33,9,High
KASC_2025_M14,Kings Cup,Al-Ahli,Al-Taawoun,4,High,51071,50133,Inma Stadium (ملعب الإنماء),3,East,Home,18:10,8,21,Normal,1,3,32.7,62.1,33.9,8,42,42,13,High
KASC_2025_M14,Kings Cup,Al-Ahli,Al-Taawoun,4,High,51071,50133,Inma Stadium (ملعب الإنماء),3,East,Home,18:15,8,21,Normal,1,3,32.7,62.1,33.9,19,99,42,13,High
KASC_2025_M14,Kings Cup,Al-Ahli,Al-Taawoun,4,High,51071,50133,Inma Stadium (ملعب الإنماء),3,East,Home,18:20,8,21,Normal,1,3,32.7,62.1,33.9,9,50,45,8,High
KASC_2025_M14,Kings Cup,Al-Ahli,Al-Taawoun,4,High,51071,50133,Inma Stadium (ملعب الإنماء),3,East,Home,18:25,8,21,Normal,1,3,32.7,62.1,33.9,9,85,76,17,High
KASC_2025_M14,Kings Cup,Al-Ahli,Al-Taawoun,4,High,51071,50133,Inma Stadium (ملعب الإنماء),3,East,Home,18:30,8,21,Normal,1,3,32.7,62.1,33.9,18,182,81,13,High
KASC_2025_M14,Kings Cup,Al-Ahli,Al-Taawoun,4,High,51071,50133,Inma Stadium (ملعب الإنماء),3,East,Home,18:35,8,21,Normal,1,3,32.7,62.1,33.9,16,132,66,9,High
KASC_2025_M14,Kings Cup,Al-Ahli,Al-Taawoun,4,High,51071,50133,Inma Stadium (ملعب الإنماء),3,East,Home,18:40,8,21,Normal,1,3,32.7,62.1,33.9,10,97,78,23,High
KASC_2025_M14,Kings Cup,Al-Ahli,Al-Taawoun,4,High,51071,50133,Inma Stadium (ملعب الإنماء),3,East,Home,18:45,8,21,Normal,1,3,32.7,62.1,33.9,16,176,88,20,High
KASC_2025_M14,Kings Cup,Al-Ahli,Al-Taawoun,4,High,51071,50133,Inma Stadium (ملعب الإنماء),3,East,Home,18:50,8,21,Normal,1,3,32.7,62.1,33.9,8,98,98,31,High
KASC_2025_M14,Kings Cup,Al-Ahli,Al-Taawoun,4,High,51071,50133,Inma Stadium (ملعب الإنماء),3,East,Home,18:55,8,21,Normal,1,3,32.7,62.1,33.9,7,71,82,40,High
KASC_2025_M14,Kings Cup,Al-Ahli,Al-Taawoun,4,High,51071,50133,Inma Stadium (ملعب الإنماء),3,East,Home,19:00,8,21,Normal,1,3,32.7,62.1,33.9,11,126,92,30,High
KASC_2025_M14,Kings Cup,Al-Ahli,Al-Taawoun,4,High,51071,50133,Inma Stadium (ملعب الإنماء),3,East,Home,19:05,8,21,Normal,1,3,32.7,62.1,33.9,9,119,106,29,High
KASC_2025_M14,Kings Cup,Al-Ahli,Al-Taawoun,4,High,51071,50133,Inma Stadium (ملعب الإنماء),3,East,Home,19:10,8,21,Normal,1,3,32.7,62.1,33.9,9,126,112,36,High
KASC_2025_M14,Kings Cup,Al-Ahli,Al-Taawoun,4,High,51071,50133,Inma Stadium (ملعب الإنماء),3,East,Home,19:15,8,21,Normal,1,3,32.7,62.1,33.9,13,185,114,29,High
KASC_2025_M14,Kings Cup,Al-Ahli,Al-Taawoun,4,High,51071,50133,Inma Stadium (ملعب الإنماء),3,East,Home,19:20,8,21,Normal,1,3,32.7,62.1,33.9,13,178,110,34,High
KASC_2025_M14,Kings Cup,Al-Ahli,Al-Taawoun,4,High,51071,50133,Inma Stadium (ملعب الإنماء),3,East,Home,19:25,8,21,Normal,1,3,32.7,62.1,33.9,9,112,100,21,High
KASC_2025_M14,Kings Cup,Al-Ahli,Al-Taawoun,4,High,51071,50133,Inma Stadium (ملعب الإنماء),3,East,Home,19:30,8,21,Normal,1,3,32.7,62.1,33.9,8,110,110,28,High
KASC_2025_M14,Kings Cup,Al-Ahli,Al-Taawoun,4,High,51071,50133,Inma Stadium (ملعب الإنماء),3,East,Home,19:35,8,21,Normal,1,3,32.7,62.1,33.9,12,141,94,25,High
KASC_2025_M14,Kings Cup,Al-Ahli,Al-Taawoun,4,High,51071,50133,Inma Stadium (ملعب الإنماء),3,East,Home,19:40,8,21,Normal,1,3,32.7,62.1,33.9,12,147,98,25,High
KASC_2025_M14,Kings Cup,Al-Ahli,Al-Taawoun,4,High,51071,50133,Inma Stadium (ملعب الإنماء),3,East,Home,19:45,8,21,Normal,1,3,32.7,62.1,33.9,14,213,122,27,High
KASC_2025_M14,Kings Cup,Al-Ahli,Al-Taawoun,4,High,51071,50133,Inma Stadium (ملعب الإنماء),3,East,Home,19:50,8,21,Normal,1,3,32.7,62.1,33.9,11,173,126,23,High
KASC_2025_M14,Kings Cup,Al-Ahli,Al-Taawoun,4,High,51071,50133,Inma Stadium (ملعب الإنماء),3,East,Home,19:55,8,21,Normal,1,3,32.7,62.1,33.9,9,122,109,31,High
KASC_2025_M14,Kings Cup,Al-Ahli,Al-Taawoun,4,High,51071,50133,Inma Stadium (ملعب الإنماء),3,East,Home,20:00,8,21,Normal,1,3,32.7,62.1,33.9,11,134,98,28,High
KASC_2025_M14,Kings Cup,Al-Ahli,Al-Taawoun,4,High,51071,50133,Inma Stadium (ملعب الإنماء),3,East,Home,20:05,8,21,Normal,1,3,32.7,62.1,33.9,11,101,74,26,High
KASC_2025_M14,Kings Cup,Al-Ahli,Al-Taawoun,4,High,51071,50133,Inma Stadium (ملعب الإنماء),3,East,Home,20:10,8,21,Normal,1,3,32.7,62.1,33.9,11,110,80,24,High
KASC_2025_M14,Kings Cup,Al-Ahli,Al-Taawoun,4,High,51071,50133,Inma Stadium (ملعب الإنماء),3,East,Home,20:15,8,21,Normal,1,3,32.7,62.1,33.9,14,157,90,17,High
KASC_2025_M14,Kings Cup,Al-Ahli,Al-Taawoun,4,High,51071,50133,Inma Stadium (ملعب الإنماء),3,East,Home,20:20,8,21,Normal,1,3,32.7,62.1,33.9,13,120,74,19,High
KASC_2025_M14,Kings Cup,Al-Ahli,Al-Taawoun,4,High,51071,50133,Inma Stadium (ملعب الإنماء),3,East,Home,20:25,8,21,Normal,1,3,32.7,62.1,33.9,13,100,62,22,High
KASC_2025_M14,Kings Cup,Al-Ahli,Al-Taawoun,4,High,51071,50133,Inma Stadium (ملعب الإنماء),3,East,Home,20:30,8,21,Normal,1,3,32.7,62.1,33.9,16,140,70,18,High
KASC_2025_M14,Kings Cup,Al-Ahli,Al-Taawoun,4,High,51071,50133,Inma Stadium (ملعب الإنماء),3,East,Home,20:35,8,21,Normal,1,3,32.7,62.1,33.9,7,40,46,19,High
KASC_2025_M14,Kings Cup,Al-Ahli,Al-Taawoun,4,High,51071,50133,Inma Stadium (ملعب الإنماء),3,East,Home,20:40,8,21,Normal,1,3,32.7,62.1,33.9,10,81,65,18,High
KASC_2025_M14,Kings Cup,Al-Ahli,Al-Taawoun,4,High,51071,50133,Inma Stadium (ملعب الإنماء),3,East,Home,20:45,8,21,Normal,1,3,32.7,62.1,33.9,12,78,52,13,High
KASC_2025_M14,Kings Cup,Al-Ahli,Al-Taawoun,4,High,51071,50133,Inma Stadium (ملعب الإنماء),3,East,Home,20:50,8,21,Normal,1,3,32.7,62.1,33.9,7,42,48,10,High
KASC_2025_M14,Kings Cup,Al-Ahli,Al-Taawoun,4,High,51071,50133,Inma Stadium (ملعب الإنماء),3,East,Home,20:55,8,21,Normal,1,3,32.7,62.1,33.9,12,49,33,13,High
KASC_2025_M14,Kings Cup,Al-Ahli,Al-Taawoun,4,High,51071,50133,Inma Stadium (ملعب الإنماء),3,East,Home,21:00,8,21,Normal,1,3,32.7,62.1,33.9,11,57,42,8,High
KASC_2025_M14,Kings Cup,Al-Ahli,Al-Taawoun,4,High,51071,50133,Inma Stadium (ملعب الإنماء),3,East,Home,21:05,8,21,Normal,1,3,32.7,62.1,33.9,15,60,32,8,High
KASC_2025_M14,Kings Cup,Al-Ahli,Al-Taawoun,4,High,51071,50133,Inma Stadium (ملعب الإنماء),3,East,Home,21:10,8,21,Normal,1,3,32.7,62.1,33.9,10,22,18,5,High
KASC_2025_M14,Kings Cup,Al-Ahli,Al-Taawoun,4,High,51071,50133,Inma Stadium (ملعب الإنماء),3,East,Home,21:15,8,21,Normal,1,3,32.7,62.1,33.9,13,40,25,4,High
KASC_2025_M14,Kings Cup,Al-Ahli,Al-Taawoun,4,High,51071,50133,Inma Stadium (ملعب الإنماء),3,East,Home,21:20,8,21,Normal,1,3,32.7,62.1,33.9,14,17,10,5,Medium
KASC_2025_M14,Kings Cup,Al-Ahli,Al-Taawoun,4,High,51071,50133,Inma Stadium (ملعب الإنماء),3,East,Home,21:25,8,21,Normal,1,3,32.7,62.1,33.9,13,22,14,6,High
KASC_2025_M14,Kings Cup,Al-Ahli,Al-Taawoun,4,High,51071,50133,Inma Stadium (ملعب الإنماء),3,East,Home,21:30,8,21,Normal,1,3,32.7,62.1,33.9,12,30,20,3,High
KASC_2025_M14,Kings Cup,Al-Ahli,Al-Taawoun,4,High,51071,50133,Inma Stadium (ملعب الإنماء),3,East,Home,21:35,8,21,Normal,1,3,32.7,62.1,33.9,11,8,6,4,Medium
KASC_2025_M14,Kings Cup,Al-Ahli,Al-Taawoun,4,High,51071,50133,Inma Stadium (ملعب الإنماء),3,East,Home,21:40,8,21,Normal,1,3,32.7,62.1,33.9,14,14,8,5,Medium
KASC_2025_M14,Kings Cup,Al-Ahli,Al-Taawoun,4,High,51071,50133,Inma Stadium (ملعب الإنماء),3,East,Home,21:45,8,21,Normal,1,3,32.7,62.1,33.9,6,1,2,2,Medium
KASC_2025_M14,Kings Cup,Al-Ahli,Al-Taawoun,4,High,51071,50133,Inma Stadium (ملعب الإنماء),3,East,Home,21:50,8,21,Normal,1,3,32.7,62.1,33.9,16,8,4,2,Medium
KASC_2025_M14,Kings Cup,Al-Ahli,Al-Taawoun,4,High,51071,50133,Inma Stadium (ملعب الإنماء),3,East,Home,21:55,8,21,Normal,1,3,32.7,62.1,33.9,11,6,5,1,High
KASC_2025_M14,Kings Cup,Al-Ahli,Al-Taawoun,4,High,51071,50133,Inma Stadium (ملعب الإنماء),3,East,Home,22:00,8,21,Normal,1,3,32.7,62.1,33.9,11,1,1,0,High
KASC_2025_M14,Kings Cup,Al-Ahli,Al-Taawoun,4,High,51071,50133,Inma Stadium (ملعب الإنماء),3,East,Home,22:05,8,21,Normal,1,3,32.7,62.1,33.9,11,2,2,1,Medium
KASC_2025_M14,Kings Cup,Al-Ahli,Al-Taawoun,4,High,51071,50133,Inma Stadium (ملعب الإنماء),3,East,Home,22:10,8,21,Normal,1,3,32.7,62.1,33.9,13,0,0,3,Low
KASC_2025_M14,Kings Cup,Al-Ahli,Al-Taawoun,4,High,51071,50133,Inma Stadium (ملعب الإنماء),3,East,Home,22:15,8,21,Normal,1,3,32.7,62.1,33.9,16,4,2,1,Medium
KASC_2025_M14,Kings Cup,Al-Ahli,Al-Taawoun,4,High,51071,50133,Inma Stadium (ملعب الإنماء),3,East,Home,22:20,8,21,Normal,1,3,32.7,62.1,33.9,11,0,0,1,Low
KASC_2025_M14,Kings Cup,Al-Ahli,Al-Taawoun,4,High,51071,50133,Inma Stadium (ملعب الإنماء),3,East,Home,22:25,8,21,Normal,1,3,32.7,62.1,33.9,13,0,0,0,Medium
KASC_2025_M14,Kings Cup,Al-Ahli,Al-Taawoun,4,High,51071,50133,Inma Stadium (ملعب الإنماء),3,East,Home,22:30,8,21,Normal,1,3,32.7,62.1,33.9,10,0,0,0,Medium
KASC_2025_M14,Kings Cup,Al-Ahli,Al-Taawoun,4,High,51071,50133,Inma Stadium (ملعب الإنماء),3,East,Home,22:35,8,21,Normal,1,3,32.7,62.1,33.9,13,0,0,1,Low
KASC_2025_M14,Kings Cup,Al-Ahli,Al-Taawoun,4,High,51071,50133,Inma Stadium (ملعب الإنماء),3,East,Home,22:40,8,21,Normal,1,3,32.7,62.1,33.9,7,0,0,0,Medium
KASC_2025_M14,Kings Cup,Al-Ahli,Al-Taawoun,4,High,51071,50133,Inma Stadium (ملعب الإنماء),3,East,Home,22:45,8,21,Normal,1,3,32.7,62.1,33.9,10,0,0,0,Medium
KASC_2025_M14,Kings Cup,Al-Ahli,Al-Taawoun,4,High,51071,50133,Inma Stadium (ملعب الإنماء),3,East,Home,22:50,8,21,Normal,1,3,32.7,62.1,33.9,13,0,0,0,Medium
KASC_2025_M14,Kings Cup,Al-Ahli,Al-Taawoun,4,High,51071,50133,Inma Stadium (ملعب الإنماء),3,East,Home,22:55,8,21,Normal,1,3,32.7,62.1,33.9,13,0,0,0,Medium
KASC_2025_M14,Kings Cup,Al-Ahli,Al-Taawoun,4,High,51071,50133,Inma Stadium (ملعب الإنماء),3,East,Home,23:00,8,21,Normal,1,3,32.7,62.1,33.9,11,0,0,0,Medium
KASC_2025_M14,Kings Cup,Al-Ahli,Al-Taawoun,4,High,51071,50133,Inma Stadium (ملعب الإنماء),3,East,Home,23:05,8,21,Normal,1,3,32.7,62.1,33.9,7,0,0,0,Medium
KASC_2025_M14,Kings Cup,Al-Ahli,Al-Taawoun,4,High,51071,50133,Inma Stadium (ملعب الإنماء),3,East,Home,23:10,8,21,Normal,1,3,32.7,62.1,33.9,16,0,0,0,Medium
KASC_2025_M14,Kings Cup,Al-Ahli,Al-Taawoun,4,High,51071,50133,Inma Stadium (ملعب الإنماء),3,East,Home,23:15,8,21,Normal,1,3,32.7,62.1,33.9,11,0,0,0,Medium
KASC_2025_M14,Kings Cup,Al-Ahli,Al-Taawoun,4,High,51071,50133,Inma Stadium (ملعب الإنماء),3,East,Home,23:20,8,21,Normal,1,3,32.7,62.1,33.9,10,0,0,0,Medium
KASC_2025_M14,Kings Cup,Al-Ahli,Al-Taawoun,4,High,51071,50133,Inma Stadium (ملعب الإنماء),3,East,Home,23:25,8,21,Normal,1,3,32.7,62.1,33.9,9,0,0,0,Medium
KASC_2025_M14,Kings Cup,Al-Ahli,Al-Taawoun,4,High,51071,50133,Inma Stadium (ملعب الإنماء),3,East,Home,23:30,8,21,Normal,1,3,32.7,62.1,33.9,17,0,0,0,Medium
KASC_2025_M14,Kings Cup,Al-Ahli,Al-Taawoun,4,High,51071,50133,Inma Stadium (ملعب الإنماء),3,East,Home,23:35,8,21,Normal,1,3,32.7,62.1,33.9,11,0,0,0,Medium
KASC_2025_M14,Kings Cup,Al-Ahli,Al-Taawoun,4,High,51071,50133,Inma Stadium (ملعب الإنماء),3,East,Home,23:40,8,21,Normal,1,3,32.7,62.1,33.9,11,0,0,0,Medium
KASC_2025_M14,Kings Cup,Al-Ahli,Al-Taawoun,4,High,51071,50133,Inma Stadium (ملعب الإنماء),3,East,Home,23:45,8,21,Normal,1,3,32.7,62.1,33.9,8,0,0,0,Medium
KASC_2025_M14,Kings Cup,Al-Ahli,Al-Taawoun,4,High,51071,50133,Inma Stadium (ملعب الإنماء),3,East,Home,23:50,8,21,Normal,1,3,32.7,62.1,33.9,9,0,0,0,Medium
KASC_2025_M14,Kings Cup,Al-Ahli,Al-Taawoun,4,High,51071,50133,Inma Stadium (ملعب الإنماء),3,East,Home,23:55,8,21,Normal,1,3,32.7,62.1,33.9,18,0,0,0,Medium
KASC_2025_M14,Kings Cup,Al-Ahli,Al-Taawoun,4,High,51071,50133,Inma Stadium (ملعب الإنماء),4,East,Home,17:00,6,17,Normal,0,0,32.7,62.1,33.9,9,1,1,0,High
KASC_2025_M14,Kings Cup,Al-Ahli,Al-Taawoun,4,High,51071,50133,Inma Stadium (ملعب الإنماء),4,East,Home,17:05,6,17,Normal,0,0,32.7,62.1,33.9,13,6,3,2,Medium
KASC_2025_M14,Kings Cup,Al-Ahli,Al-Taawoun,4,High,51071,50133,Inma Stadium (ملعب الإنماء),4,East,Home,17:10,6,17,Normal,0,0,32.7,62.1,33.9,11,5,3,2,Medium
KASC_2025_M14,Kings Cup,Al-Ahli,Al-Taawoun,4,High,51071,50133,Inma Stadium (ملعب الإنماء),4,East,Home,17:15,6,17,Normal,0,0,32.7,62.1,33.9,7,4,4,4,Medium
KASC_2025_M14,Kings Cup,Al-Ahli,Al-Taawoun,4,High,51071,50133,Inma Stadium (ملعب الإنماء),4,East,Home,17:20,6,17,Normal,0,0,32.7,62.1,33.9,10,6,4,3,Medium
KASC_2025_M14,Kings Cup,Al-Ahli,Al-Taawoun,4,High,51071,50133,Inma Stadium (ملعب الإنماء),4,East,Home,17:25,6,17,Normal,0,0,32.7,62.1,33.9,10,3,2,2,Medium
KASC_2025_M14,Kings Cup,Al-Ahli,Al-Taawoun,4,High,51071,50133,Inma Stadium (ملعب الإنماء),4,East,Home,17:30,6,17,Normal,0,0,32.7,62.1,33.9,12,22,11,5,High
KASC_2025_M14,Kings Cup,Al-Ahli,Al-Taawoun,4,High,51071,50133,Inma Stadium (ملعب الإنماء),4,East,Home,17:35,6,17,Normal,0,0,32.7,62.1,33.9,13,34,16,2,High
KASC_2025_M14,Kings Cup,Al-Ahli,Al-Taawoun,4,High,51071,50133,Inma Stadium (ملعب الإنماء),4,East,Home,17:40,6,17,Normal,0,0,32.7,62.1,33.9,12,12,6,7,Low
KASC_2025_M14,Kings Cup,Al-Ahli,Al-Taawoun,4,High,51071,50133,Inma Stadium (ملعب الإنماء),4,East,Home,17:45,6,17,Normal,0,0,32.7,62.1,33.9,14,39,17,5,High
KASC_2025_M14,Kings Cup,Al-Ahli,Al-Taawoun,4,High,51071,50133,Inma Stadium (ملعب الإنماء),4,East,Home,17:50,6,17,Normal,0,0,32.7,62.1,33.9,12,34,17,9,High
KASC_2025_M14,Kings Cup,Al-Ahli,Al-Taawoun,4,High,51071,50133,Inma Stadium (ملعب الإنماء),4,East,Home,17:55,6,17,Normal,0,0,32.7,62.1,33.9,12,46,23,8,High
KASC_2025_M14,Kings Cup,Al-Ahli,Al-Taawoun,4,High,51071,50133,Inma Stadium (ملعب الإنماء),4,East,Home,18:00,6,17,Normal,0,0,32.7,62.1,33.9,12,38,19,7,High
KASC_2025_M14,Kings Cup,Al-Ahli,Al-Taawoun,4,High,51071,50133,Inma Stadium (ملعب الإنماء),4,East,Home,18:05,6,17,Normal,0,0,32.7,62.1,33.9,10,38,23,11,High
KASC_2025_M14,Kings Cup,Al-Ahli,Al-Taawoun,4,High,51071,50133,Inma Stadium (ملعب الإنماء),4,East,Home,18:10,6,17,Normal,0,0,32.7,62.1,33.9,11,51,28,8,High
KASC_2025_M14,Kings Cup,Al-Ahli,Al-Taawoun,4,High,51071,50133,Inma Stadium (ملعب الإنماء),4,East,Home,18:15,6,17,Normal,0,0,32.7,62.1,33.9,13,60,28,13,High
KASC_2025_M14,Kings Cup,Al-Ahli,Al-Taawoun,4,High,51071,50133,Inma Stadium (ملعب الإنماء),4,East,Home,18:20,6,17,Normal,0,0,32.7,62.1,33.9,15,87,35,15,High
KASC_2025_M14,Kings Cup,Al-Ahli,Al-Taawoun,4,High,51071,50133,Inma Stadium (ملعب الإنماء),4,East,Home,18:25,6,17,Normal,0,0,32.7,62.1,33.9,12,84,42,17,High
KASC_2025_M14,Kings Cup,Al-Ahli,Al-Taawoun,4,High,51071,50133,Inma Stadium (ملعب الإنماء),4,East,Home,18:30,6,17,Normal,0,0,32.7,62.1,33.9,8,58,44,22,High
KASC_2025_M14,Kings Cup,Al-Ahli,Al-Taawoun,4,High,51071,50133,Inma Stadium (ملعب الإنماء),4,East,Home,18:35,6,17,Normal,0,0,32.7,62.1,33.9,11,78,43,19,High
KASC_2025_M14,Kings Cup,Al-Ahli,Al-Taawoun,4,High,51071,50133,Inma Stadium (ملعب الإنماء),4,East,Home,18:40,6,17,Normal,0,0,32.7,62.1,33.9,11,121,66,29,High
KASC_2025_M14,Kings Cup,Al-Ahli,Al-Taawoun,4,High,51071,50133,Inma Stadium (ملعب الإنماء),4,East,Home,18:45,6,17,Normal,0,0,32.7,62.1,33.9,12,132,66,26,High
KASC_2025_M14,Kings Cup,Al-Ahli,Al-Taawoun,4,High,51071,50133,Inma Stadium (ملعب الإنماء),4,East,Home,18:50,6,17,Normal,0,0,32.7,62.1,33.9,11,132,72,31,High
KASC_2025_M14,Kings Cup,Al-Ahli,Al-Taawoun,4,High,51071,50133,Inma Stadium (ملعب الإنماء),4,East,Home,18:55,6,17,Normal,0,0,32.7,62.1,33.9,13,195,90,31,High
KASC_2025_M14,Kings Cup,Al-Ahli,Al-Taawoun,4,High,51071,50133,Inma Stadium (ملعب الإنماء),4,East,Home,19:00,6,17,Normal,0,0,32.7,62.1,33.9,9,129,86,28,High
KASC_2025_M14,Kings Cup,Al-Ahli,Al-Taawoun,4,High,51071,50133,Inma Stadium (ملعب الإنماء),4,East,Home,19:05,6,17,Normal,0,0,32.7,62.1,33.9,7,99,85,18,High
KASC_2025_M14,Kings Cup,Al-Ahli,Al-Taawoun,4,High,51071,50133,Inma Stadium (ملعب الإنماء),4,East,Home,19:10,6,17,Normal,0,0,32.7,62.1,33.9,10,155,93,25,High
KASC_2025_M14,Kings Cup,Al-Ahli,Al-Taawoun,4,High,51071,50133,Inma Stadium (ملعب الإنماء),4,East,Home,19:15,6,17,Normal,0,0,32.7,62.1,33.9,9,139,93,19,High
KASC_2025_M14,Kings Cup,Al-Ahli,Al-Taawoun,4,High,51071,50133,Inma Stadium (ملعب الإنماء),4,East,Home,19:20,6,17,Normal,0,0,32.7,62.1,33.9,8,141,106,26,High
KASC_2025_M14,Kings Cup,Al-Ahli,Al-Taawoun,4,High,51071,50133,Inma Stadium (ملعب الإنماء),4,East,Home,19:25,6,17,Normal,0,0,32.7,62.1,33.9,10,138,83,26,High
KASC_2025_M14,Kings Cup,Al-Ahli,Al-Taawoun,4,High,51071,50133,Inma Stadium (ملعب الإنماء),4,East,Home,19:30,6,17,Normal,0,0,32.7,62.1,33.9,8,130,98,26,High
KASC_2025_M14,Kings Cup,Al-Ahli,Al-Taawoun,4,High,51071,50133,Inma Stadium (ملعب الإنماء),4,East,Home,19:35,6,17,Normal,0,0,32.7,62.1,33.9,12,202,101,39,High
KASC_2025_M14,Kings Cup,Al-Ahli,Al-Taawoun,4,High,51071,50133,Inma Stadium (ملعب الإنماء),4,East,Home,19:40,6,17,Normal,0,0,32.7,62.1,33.9,14,212,91,29,High
KASC_2025_M14,Kings Cup,Al-Ahli,Al-Taawoun,4,High,51071,50133,Inma Stadium (ملعب الإنماء),4,East,Home,19:45,6,17,Normal,0,0,32.7,62.1,33.9,10,151,91,25,High
KASC_2025_M14,Kings Cup,Al-Ahli,Al-Taawoun,4,High,51071,50133,Inma Stadium (ملعب الإنماء),4,East,Home,19:50,6,17,Normal,0,0,32.7,62.1,33.9,9,142,95,26,High
KASC_2025_M14,Kings Cup,Al-Ahli,Al-Taawoun,4,High,51071,50133,Inma Stadium (ملعب الإنماء),4,East,Home,19:55,6,17,Normal,0,0,32.7,62.1,33.9,12,158,79,35,High
KASC_2025_M14,Kings Cup,Al-Ahli,Al-Taawoun,4,High,51071,50133,Inma Stadium (ملعب الإنماء),4,East,Home,20:00,6,17,Normal,0,0,32.7,62.1,33.9,11,150,82,17,High
KASC_2025_M14,Kings Cup,Al-Ahli,Al-Taawoun,4,High,51071,50133,Inma Stadium (ملعب الإنماء),4,East,Home,20:05,6,17,Normal,0,0,32.7,62.1,33.9,9,118,79,30,High
KASC_2025_M14,Kings Cup,Al-Ahli,Al-Taawoun,4,High,51071,50133,Inma Stadium (ملعب الإنماء),4,East,Home,20:10,6,17,Normal,0,0,32.7,62.1,33.9,14,142,61,16,High
KASC_2025_M14,Kings Cup,Al-Ahli,Al-Taawoun,4,High,51071,50133,Inma Stadium (ملعب الإنماء),4,East,Home,20:15,6,17,Normal,0,0,32.7,62.1,33.9,11,157,86,33,High
KASC_2025_M14,Kings Cup,Al-Ahli,Al-Taawoun,4,High,51071,50133,Inma Stadium (ملعب الإنماء),4,East,Home,20:20,6,17,Normal,0,0,32.7,62.1,33.9,12,132,66,17,High
KASC_2025_M14,Kings Cup,Al-Ahli,Al-Taawoun,4,High,51071,50133,Inma Stadium (ملعب الإنماء),4,East,Home,20:25,6,17,Normal,0,0,32.7,62.1,33.9,6,50,50,22,High
KASC_2025_M14,Kings Cup,Al-Ahli,Al-Taawoun,4,High,51071,50133,Inma Stadium (ملعب الإنماء),4,East,Home,20:30,6,17,Normal,0,0,32.7,62.1,33.9,10,91,55,17,High
KASC_2025_M14,Kings Cup,Al-Ahli,Al-Taawoun,4,High,51071,50133,Inma Stadium (ملعب الإنماء),4,East,Home,20:35,6,17,Normal,0,0,32.7,62.1,33.9,9,64,43,16,High
KASC_2025_M14,Kings Cup,Al-Ahli,Al-Taawoun,4,High,51071,50133,Inma Stadium (ملعب الإنماء),4,East,Home,20:40,6,17,Normal,0,0,32.7,62.1,33.9,9,69,46,13,High
KASC_2025_M14,Kings Cup,Al-Ahli,Al-Taawoun,4,High,51071,50133,Inma Stadium (ملعب الإنماء),4,East,Home,20:45,6,17,Normal,0,0,32.7,62.1,33.9,16,93,35,10,High
KASC_2025_M14,Kings Cup,Al-Ahli,Al-Taawoun,4,High,51071,50133,Inma Stadium (ملعب الإنماء),4,East,Home,20:50,6,17,Normal,0,0,32.7,62.1,33.9,12,78,39,5,High
KASC_2025_M14,Kings Cup,Al-Ahli,Al-Taawoun,4,High,51071,50133,Inma Stadium (ملعب الإنماء),4,East,Home,20:55,6,17,Normal,0,0,32.7,62.1,33.9,8,26,20,10,High
KASC_2025_M14,Kings Cup,Al-Ahli,Al-Taawoun,4,High,51071,50133,Inma Stadium (ملعب الإنماء),4,East,Home,21:00,6,17,Normal,0,0,32.7,62.1,33.9,10,41,25,13,High
KASC_2025_M14,Kings Cup,Al-Ahli,Al-Taawoun,4,High,51071,50133,Inma Stadium (ملعب الإنماء),4,East,Home,21:05,6,17,Normal,0,0,32.7,62.1,33.9,14,56,24,9,High
KASC_2025_M14,Kings Cup,Al-Ahli,Al-Taawoun,4,High,51071,50133,Inma Stadium (ملعب الإنماء),4,East,Home,21:10,6,17,Normal,0,0,32.7,62.1,33.9,13,30,14,2,High
KASC_2025_M14,Kings Cup,Al-Ahli,Al-Taawoun,4,High,51071,50133,Inma Stadium (ملعب الإنماء),4,East,Home,21:15,6,17,Normal,0,0,32.7,62.1,33.9,16,61,23,4,High
KASC_2025_M14,Kings Cup,Al-Ahli,Al-Taawoun,4,High,51071,50133,Inma Stadium (ملعب الإنماء),4,East,Home,21:20,6,17,Normal,0,0,32.7,62.1,33.9,17,45,16,3,High
KASC_2025_M14,Kings Cup,Al-Ahli,Al-Taawoun,4,High,51071,50133,Inma Stadium (ملعب الإنماء),4,East,Home,21:25,6,17,Normal,0,0,32.7,62.1,33.9,13,8,4,0,High
KASC_2025_M14,Kings Cup,Al-Ahli,Al-Taawoun,4,High,51071,50133,Inma Stadium (ملعب الإنماء),4,East,Home,21:30,6,17,Normal,0,0,32.7,62.1,33.9,16,16,6,2,High
KASC_2025_M14,Kings Cup,Al-Ahli,Al-Taawoun,4,High,51071,50133,Inma Stadium (ملعب الإنماء),4,East,Home,21:35,6,17,Normal,0,0,32.7,62.1,33.9,13,19,9,3,High
KASC_2025_M14,Kings Cup,Al-Ahli,Al-Taawoun,4,High,51071,50133,Inma Stadium (ملعب الإنماء),4,East,Home,21:40,6,17,Normal,0,0,32.7,62.1,33.9,9,9,6,3,Medium
KASC_2025_M14,Kings Cup,Al-Ahli,Al-Taawoun,4,High,51071,50133,Inma Stadium (ملعب الإنماء),4,East,Home,21:45,6,17,Normal,0,0,32.7,62.1,33.9,15,10,4,2,Medium
KASC_2025_M14,Kings Cup,Al-Ahli,Al-Taawoun,4,High,51071,50133,Inma Stadium (ملعب الإنماء),4,East,Home,21:50,6,17,Normal,0,0,32.7,62.1,33.9,14,11,5,1,High
KASC_2025_M14,Kings Cup,Al-Ahli,Al-Taawoun,4,High,51071,50133,Inma Stadium (ملعب الإنماء),4,East,Home,21:55,6,17,Normal,0,0,32.7,62.1,33.9,15,5,2,3,Low
KASC_2025_M14,Kings Cup,Al-Ahli,Al-Taawoun,4,High,51071,50133,Inma Stadium (ملعب الإنماء),4,East,Home,22:00,6,17,Normal,0,0,32.7,62.1,33.9,16,8,3,2,Medium
KASC_2025_M14,Kings Cup,Al-Ahli,Al-Taawoun,4,High,51071,50133,Inma Stadium (ملعب الإنماء),4,East,Home,22:05,6,17,Normal,0,0,32.7,62.1,33.9,16,2,1,3,Low
KASC_2025_M14,Kings Cup,Al-Ahli,Al-Taawoun,4,High,51071,50133,Inma Stadium (ملعب الإنماء),4,East,Home,22:10,6,17,Normal,0,0,32.7,62.1,33.9,6,0,0,0,Medium
KASC_2025_M14,Kings Cup,Al-Ahli,Al-Taawoun,4,High,51071,50133,Inma Stadium (ملعب الإنماء),4,East,Home,22:15,6,17,Normal,0,0,32.7,62.1,33.9,9,4,3,0,High
KASC_2025_M14,Kings Cup,Al-Ahli,Al-Taawoun,4,High,51071,50133,Inma Stadium (ملعب الإنماء),4,East,Home,22:20,6,17,Normal,0,0,32.7,62.1,33.9,16,2,1,0,High
KASC_2025_M14,Kings Cup,Al-Ahli,Al-Taawoun,4,High,51071,50133,Inma Stadium (ملعب الإنماء),4,East,Home,22:25,6,17,Normal,0,0,32.7,62.1,33.9,11,1,1,0,High
KASC_2025_M14,Kings Cup,Al-Ahli,Al-Taawoun,4,High,51071,50133,Inma Stadium (ملعب الإنماء),4,East,Home,22:30,6,17,Normal,0,0,32.7,62.1,33.9,12,2,1,0,High
KASC_2025_M14,Kings Cup,Al-Ahli,Al-Taawoun,4,High,51071,50133,Inma Stadium (ملعب الإنماء),4,East,Home,22:35,6,17,Normal,0,0,32.7,62.1,33.9,11,0,0,0,Medium
KASC_2025_M14,Kings Cup,Al-Ahli,Al-Taawoun,4,High,51071,50133,Inma Stadium (ملعب الإنماء),4,East,Home,22:40,6,17,Normal,0,0,32.7,62.1,33.9,14,2,1,0,High
KASC_2025_M14,Kings Cup,Al-Ahli,Al-Taawoun,4,High,51071,50133,Inma Stadium (ملعب الإنماء),4,East,Home,22:45,6,17,Normal,0,0,32.7,62.1,33.9,13,0,0,0,Medium
KASC_2025_M14,Kings Cup,Al-Ahli,Al-Taawoun,4,High,51071,50133,Inma Stadium (ملعب الإنماء),4,East,Home,22:50,6,17,Normal,0,0,32.7,62.1,33.9,15,0,0,0,Medium
KASC_2025_M14,Kings Cup,Al-Ahli,Al-Taawoun,4,High,51071,50133,Inma Stadium (ملعب الإنماء),4,East,Home,22:55,6,17,Normal,0,0,32.7,62.1,33.9,11,0,0,0,Medium
KASC_2025_M14,Kings Cup,Al-Ahli,Al-Taawoun,4,High,51071,50133,Inma Stadium (ملعب الإنماء),4,East,Home,23:00,6,17,Normal,0,0,32.7,62.1,33.9,9,0,0,0,Medium
KASC_2025_M14,Kings Cup,Al-Ahli,Al-Taawoun,4,High,51071,50133,Inma Stadium (ملعب الإنماء),4,East,Home,23:05,6,17,Normal,0,0,32.7,62.1,33.9,12,0,0,0,Medium
KASC_2025_M14,Kings Cup,Al-Ahli,Al-Taawoun,4,High,51071,50133,Inma Stadium (ملعب الإنماء),4,East,Home,23:10,6,17,Normal,0,0,32.7,62.1,33.9,7,0,0,0,Medium
KASC_2025_M14,Kings Cup,Al-Ahli,Al-Taawoun,4,High,51071,50133,Inma Stadium (ملعب الإنماء),4,East,Home,23:15,6,17,Normal,0,0,32.7,62.1,33.9,11,0,0,0,Medium
KASC_2025_M14,Kings Cup,Al-Ahli,Al-Taawoun,4,High,51071,50133,Inma Stadium (ملعب الإنماء),4,East,Home,23:20,6,17,Normal,0,0,32.7,62.1,33.9,17,0,0,0,Medium
KASC_2025_M14,Kings Cup,Al-Ahli,Al-Taawoun,4,High,51071,50133,Inma Stadium (ملعب الإنماء),4,East,Home,23:25,6,17,Normal,0,0,32.7,62.1,33.9,11,0,0,0,Medium
KASC_2025_M14,Kings Cup,Al-Ahli,Al-Taawoun,4,High,51071,50133,Inma Stadium (ملعب الإنماء),4,East,Home,23:30,6,17,Normal,0,0,32.7,62.1,33.9,11,0,0,0,Medium
KASC_2025_M14,Kings Cup,Al-Ahli,Al-Taawoun,4,High,51071,50133,Inma Stadium (ملعب الإنماء),4,East,Home,23:35,6,17,Normal,0,0,32.7,62.1,33.9,13,0,0,0,Medium
KASC_2025_M14,Kings Cup,Al-Ahli,Al-Taawoun,4,High,51071,50133,Inma Stadium (ملعب الإنماء),4,East,Home,23:40,6,17,Normal,0,0,32.7,62.1,33.9,13,0,0,0,Medium
KASC_2025_M14,Kings Cup,Al-Ahli,Al-Taawoun,4,High,51071,50133,Inma Stadium (ملعب الإنماء),4,East,Home,23:45,6,17,Normal,0,0,32.7,62.1,33.9,10,0,0,0,Medium
KASC_2025_M14,Kings Cup,Al-Ahli,Al-Taawoun,4,High,51071,50133,Inma Stadium (ملعب الإنماء),4,East,Home,23:50,6,17,Normal,0,0,32.7,62.1,33.9,11,0,0,0,Medium
KASC_2025_M14,Kings Cup,Al-Ahli,Al-Taawoun,4,High,51071,50133,Inma Stadium (ملعب الإنماء),4,East,Home,23:55,6,17,Normal,0,0,32.7,62.1,33.9,14,0,0,0,Medium
KASC_2025_M14,Kings Cup,Al-Ahli,Al-Taawoun,4,High,51071,50133,Inma Stadium (ملعب الإنماء),5,South,Away,17:00,6,25,Redirecting,0,0,32.7,62.1,33.9,6,0,0,0,Medium
KASC_2025_M14,Kings Cup,Al-Ahli,Al-Taawoun,4,High,51071,50133,Inma Stadium (ملعب الإنماء),5,South,Away,17:05,6,25,Redirecting,0,0,32.7,62.1,33.9,14,0,0,0,Medium
KASC_2025_M14,Kings Cup,Al-Ahli,Al-Taawoun,4,High,51071,50133,Inma Stadium (ملعب الإنماء),5,South,Away,17:10,6,25,Redirecting,0,0,32.7,62.1,33.9,9,0,0,0,Medium
KASC_2025_M14,Kings Cup,Al-Ahli,Al-Taawoun,4,High,51071,50133,Inma Stadium (ملعب الإنماء),5,South,Away,17:15,6,25,Redirecting,0,0,32.7,62.1,33.9,13,0,0,0,Medium
KASC_2025_M14,Kings Cup,Al-Ahli,Al-Taawoun,4,High,51071,50133,Inma Stadium (ملعب الإنماء),5,South,Away,17:20,6,25,Redirecting,0,0,32.7,62.1,33.9,10,0,0,0,Medium
KASC_2025_M14,Kings Cup,Al-Ahli,Al-Taawoun,4,High,51071,50133,Inma Stadium (ملعب الإنماء),5,South,Away,17:25,6,25,Redirecting,0,0,32.7,62.1,33.9,8,0,0,2,Low
KASC_2025_M14,Kings Cup,Al-Ahli,Al-Taawoun,4,High,51071,50133,Inma Stadium (ملعب الإنماء),5,South,Away,17:30,6,25,Redirecting,0,0,32.7,62.1,33.9,15,0,0,0,Medium
KASC_2025_M14,Kings Cup,Al-Ahli,Al-Taawoun,4,High,51071,50133,Inma Stadium (ملعب الإنماء),5,South,Away,17:35,6,25,Redirecting,0,0,32.7,62.1,33.9,11,3,2,0,High
KASC_2025_M14,Kings Cup,Al-Ahli,Al-Taawoun,4,High,51071,50133,Inma Stadium (ملعب الإنماء),5,South,Away,17:40,6,25,Redirecting,0,0,32.7,62.1,33.9,14,2,1,1,Medium
KASC_2025_M14,Kings Cup,Al-Ahli,Al-Taawoun,4,High,51071,50133,Inma Stadium (ملعب الإنماء),5,South,Away,17:45,6,25,Redirecting,0,0,32.7,62.1,33.9,12,4,2,0,High
KASC_2025_M14,Kings Cup,Al-Ahli,Al-Taawoun,4,High,51071,50133,Inma Stadium (ملعب الإنماء),5,South,Away,17:50,6,25,Redirecting,0,0,32.7,62.1,33.9,10,10,6,0,High
KASC_2025_M14,Kings Cup,Al-Ahli,Al-Taawoun,4,High,51071,50133,Inma Stadium (ملعب الإنماء),5,South,Away,17:55,6,25,Redirecting,0,0,32.7,62.1,33.9,11,11,6,0,High
KASC_2025_M14,Kings Cup,Al-Ahli,Al-Taawoun,4,High,51071,50133,Inma Stadium (ملعب الإنماء),5,South,Away,18:00,6,25,Redirecting,0,0,32.7,62.1,33.9,13,13,6,2,High
KASC_2025_M14,Kings Cup,Al-Ahli,Al-Taawoun,4,High,51071,50133,Inma Stadium (ملعب الإنماء),5,South,Away,18:05,6,25,Redirecting,0,0,32.7,62.1,33.9,14,18,8,6,Medium
KASC_2025_M14,Kings Cup,Al-Ahli,Al-Taawoun,4,High,51071,50133,Inma Stadium (ملعب الإنماء),5,South,Away,18:10,6,25,Redirecting,0,0,32.7,62.1,33.9,12,30,15,0,High
KASC_2025_M14,Kings Cup,Al-Ahli,Al-Taawoun,4,High,51071,50133,Inma Stadium (ملعب الإنماء),5,South,Away,18:15,6,25,Redirecting,0,0,32.7,62.1,33.9,18,33,11,6,High
KASC_2025_M14,Kings Cup,Al-Ahli,Al-Taawoun,4,High,51071,50133,Inma Stadium (ملعب الإنماء),5,South,Away,18:20,6,25,Redirecting,0,0,32.7,62.1,33.9,15,22,9,3,High
KASC_2025_M14,Kings Cup,Al-Ahli,Al-Taawoun,4,High,51071,50133,Inma Stadium (ملعب الإنماء),5,South,Away,18:25,6,25,Redirecting,0,0,32.7,62.1,33.9,12,44,22,8,High
KASC_2025_M14,Kings Cup,Al-Ahli,Al-Taawoun,4,High,51071,50133,Inma Stadium (ملعب الإنماء),5,South,Away,18:30,6,25,Redirecting,0,0,32.7,62.1,33.9,16,58,22,12,High
KASC_2025_M14,Kings Cup,Al-Ahli,Al-Taawoun,4,High,51071,50133,Inma Stadium (ملعب الإنماء),5,South,Away,18:35,6,25,Redirecting,0,0,32.7,62.1,33.9,15,52,21,8,High
KASC_2025_M14,Kings Cup,Al-Ahli,Al-Taawoun,4,High,51071,50133,Inma Stadium (ملعب الإنماء),5,South,Away,18:40,6,25,Redirecting,0,0,32.7,62.1,33.9,9,33,22,13,High
KASC_2025_M14,Kings Cup,Al-Ahli,Al-Taawoun,4,High,51071,50133,Inma Stadium (ملعب الإنماء),5,South,Away,18:45,6,25,Redirecting,0,0,32.7,62.1,33.9,18,54,18,17,Medium
KASC_2025_M14,Kings Cup,Al-Ahli,Al-Taawoun,4,High,51071,50133,Inma Stadium (ملعب الإنماء),5,South,Away,18:50,6,25,Redirecting,0,0,32.7,62.1,33.9,13,75,35,17,High
KASC_2025_M14,Kings Cup,Al-Ahli,Al-Taawoun,4,High,51071,50133,Inma Stadium (ملعب الإنماء),5,South,Away,18:55,6,25,Redirecting,0,0,32.7,62.1,33.9,9,48,32,14,High
KASC_2025_M14,Kings Cup,Al-Ahli,Al-Taawoun,4,High,51071,50133,Inma Stadium (ملعب الإنماء),5,South,Away,19:00,6,25,Redirecting,0,0,32.7,62.1,33.9,14,91,39,16,High
KASC_2025_M14,Kings Cup,Al-Ahli,Al-Taawoun,4,High,51071,50133,Inma Stadium (ملعب الإنماء),5,South,Away,19:05,6,25,Redirecting,0,0,32.7,62.1,33.9,11,67,37,15,High
KASC_2025_M14,Kings Cup,Al-Ahli,Al-Taawoun,4,High,51071,50133,Inma Stadium (ملعب الإنماء),5,South,Away,19:10,6,25,Redirecting,0,0,32.7,62.1,33.9,16,88,33,21,High
KASC_2025_M14,Kings Cup,Al-Ahli,Al-Taawoun,4,High,51071,50133,Inma Stadium (ملعب الإنماء),5,South,Away,19:15,6,25,Redirecting,0,0,32.7,62.1,33.9,12,88,44,17,High
KASC_2025_M14,Kings Cup,Al-Ahli,Al-Taawoun,4,High,51071,50133,Inma Stadium (ملعب الإنماء),5,South,Away,19:20,6,25,Redirecting,0,0,32.7,62.1,33.9,11,86,47,21,High
KASC_2025_M14,Kings Cup,Al-Ahli,Al-Taawoun,4,High,51071,50133,Inma Stadium (ملعب الإنماء),5,South,Away,19:25,6,25,Redirecting,0,0,32.7,62.1,33.9,12,84,42,19,High
KASC_2025_M14,Kings Cup,Al-Ahli,Al-Taawoun,4,High,51071,50133,Inma Stadium (ملعب الإنماء),5,South,Away,19:30,6,25,Redirecting,0,0,32.7,62.1,33.9,10,91,55,21,High
KASC_2025_M14,Kings Cup,Al-Ahli,Al-Taawoun,4,High,51071,50133,Inma Stadium (ملعب الإنماء),5,South,Away,19:35,6,25,Redirecting,0,0,32.7,62.1,33.9,9,70,47,12,High
KASC_2025_M14,Kings Cup,Al-Ahli,Al-Taawoun,4,High,51071,50133,Inma Stadium (ملعب الإنماء),5,South,Away,19:40,6,25,Redirecting,0,0,32.7,62.1,33.9,9,58,39,30,Medium
KASC_2025_M14,Kings Cup,Al-Ahli,Al-Taawoun,4,High,51071,50133,Inma Stadium (ملعب الإنماء),5,South,Away,19:45,6,25,Redirecting,0,0,32.7,62.1,33.9,10,90,54,18,High
KASC_2025_M14,Kings Cup,Al-Ahli,Al-Taawoun,4,High,51071,50133,Inma Stadium (ملعب الإنماء),5,South,Away,19:50,6,25,Redirecting,0,0,32.7,62.1,33.9,7,40,35,20,High
KASC_2025_M14,Kings Cup,Al-Ahli,Al-Taawoun,4,High,51071,50133,Inma Stadium (ملعب الإنماء),5,South,Away,19:55,6,25,Redirecting,0,0,32.7,62.1,33.9,14,86,37,13,High
KASC_2025_M14,Kings Cup,Al-Ahli,Al-Taawoun,4,High,51071,50133,Inma Stadium (ملعب الإنماء),5,South,Away,20:00,6,25,Redirecting,0,0,32.7,62.1,33.9,17,87,31,14,High
KASC_2025_M14,Kings Cup,Al-Ahli,Al-Taawoun,4,High,51071,50133,Inma Stadium (ملعب الإنماء),5,South,Away,20:05,6,25,Redirecting,0,0,32.7,62.1,33.9,12,94,47,8,High
KASC_2025_M14,Kings Cup,Al-Ahli,Al-Taawoun,4,High,51071,50133,Inma Stadium (ملعب الإنماء),5,South,Away,20:10,6,25,Redirecting,0,0,32.7,62.1,33.9,6,27,27,14,High
KASC_2025_M14,Kings Cup,Al-Ahli,Al-Taawoun,4,High,51071,50133,Inma Stadium (ملعب الإنماء),5,South,Away,20:15,6,25,Redirecting,0,0,32.7,62.1,33.9,15,90,36,4,High
KASC_2025_M14,Kings Cup,Al-Ahli,Al-Taawoun,4,High,51071,50133,Inma Stadium (ملعب الإنماء),5,South,Away,20:20,6,25,Redirecting,0,0,32.7,62.1,33.9,8,24,18,15,Medium
KASC_2025_M14,Kings Cup,Al-Ahli,Al-Taawoun,4,High,51071,50133,Inma Stadium (ملعب الإنماء),5,South,Away,20:25,6,25,Redirecting,0,0,32.7,62.1,33.9,11,33,18,8,High
KASC_2025_M14,Kings Cup,Al-Ahli,Al-Taawoun,4,High,51071,50133,Inma Stadium (ملعب الإنماء),5,South,Away,20:30,6,25,Redirecting,0,0,32.7,62.1,33.9,14,21,9,14,Low
KASC_2025_M14,Kings Cup,Al-Ahli,Al-Taawoun,4,High,51071,50133,Inma Stadium (ملعب الإنماء),5,South,Away,20:35,6,25,Redirecting,0,0,32.7,62.1,33.9,12,30,15,7,High
KASC_2025_M14,Kings Cup,Al-Ahli,Al-Taawoun,4,High,51071,50133,Inma Stadium (ملعب الإنماء),5,South,Away,20:40,6,25,Redirecting,0,0,32.7,62.1,33.9,11,27,15,6,High
KASC_2025_M14,Kings Cup,Al-Ahli,Al-Taawoun,4,High,51071,50133,Inma Stadium (ملعب الإنماء),5,South,Away,20:45,6,25,Redirecting,0,0,32.7,62.1,33.9,9,13,9,5,High
KASC_2025_M14,Kings Cup,Al-Ahli,Al-Taawoun,4,High,51071,50133,Inma Stadium (ملعب الإنماء),5,South,Away,20:50,6,25,Redirecting,0,0,32.7,62.1,33.9,7,10,9,4,High
KASC_2025_M14,Kings Cup,Al-Ahli,Al-Taawoun,4,High,51071,50133,Inma Stadium (ملعب الإنماء),5,South,Away,20:55,6,25,Redirecting,0,0,32.7,62.1,33.9,15,12,5,4,Medium
KASC_2025_M14,Kings Cup,Al-Ahli,Al-Taawoun,4,High,51071,50133,Inma Stadium (ملعب الإنماء),5,South,Away,21:00,6,25,Redirecting,0,0,32.7,62.1,33.9,13,6,3,1,High
KASC_2025_M14,Kings Cup,Al-Ahli,Al-Taawoun,4,High,51071,50133,Inma Stadium (ملعب الإنماء),5,South,Away,21:05,6,25,Redirecting,0,0,32.7,62.1,33.9,7,5,5,3,Medium
KASC_2025_M14,Kings Cup,Al-Ahli,Al-Taawoun,4,High,51071,50133,Inma Stadium (ملعب الإنماء),5,South,Away,21:10,6,25,Redirecting,0,0,32.7,62.1,33.9,12,2,1,0,High
KASC_2025_M14,Kings Cup,Al-Ahli,Al-Taawoun,4,High,51071,50133,Inma Stadium (ملعب الإنماء),5,South,Away,21:15,6,25,Redirecting,0,0,32.7,62.1,33.9,13,8,4,3,Medium
KASC_2025_M14,Kings Cup,Al-Ahli,Al-Taawoun,4,High,51071,50133,Inma Stadium (ملعب الإنماء),5,South,Away,21:20,6,25,Redirecting,0,0,32.7,62.1,33.9,13,2,1,3,Low
KASC_2025_M14,Kings Cup,Al-Ahli,Al-Taawoun,4,High,51071,50133,Inma Stadium (ملعب الإنماء),5,South,Away,21:25,6,25,Redirecting,0,0,32.7,62.1,33.9,7,1,1,0,High
KASC_2025_M14,Kings Cup,Al-Ahli,Al-Taawoun,4,High,51071,50133,Inma Stadium (ملعب الإنماء),5,South,Away,21:30,6,25,Redirecting,0,0,32.7,62.1,33.9,13,0,0,1,Low
KASC_2025_M14,Kings Cup,Al-Ahli,Al-Taawoun,4,High,51071,50133,Inma Stadium (ملعب الإنماء),5,South,Away,21:35,6,25,Redirecting,0,0,32.7,62.1,33.9,11,0,0,2,Low
KASC_2025_M14,Kings Cup,Al-Ahli,Al-Taawoun,4,High,51071,50133,Inma Stadium (ملعب الإنماء),5,South,Away,21:40,6,25,Redirecting,0,0,32.7,62.1,33.9,14,0,0,0,Medium
KASC_2025_M14,Kings Cup,Al-Ahli,Al-Taawoun,4,High,51071,50133,Inma Stadium (ملعب الإنماء),5,South,Away,21:45,6,25,Redirecting,0,0,32.7,62.1,33.9,15,0,0,0,Medium
KASC_2025_M14,Kings Cup,Al-Ahli,Al-Taawoun,4,High,51071,50133,Inma Stadium (ملعب الإنماء),5,South,Away,21:50,6,25,Redirecting,0,0,32.7,62.1,33.9,12,0,0,1,Low
KASC_2025_M14,Kings Cup,Al-Ahli,Al-Taawoun,4,High,51071,50133,Inma Stadium (ملعب الإنماء),5,South,Away,21:55,6,25,Redirecting,0,0,32.7,62.1,33.9,7,1,1,0,High
KASC_2025_M14,Kings Cup,Al-Ahli,Al-Taawoun,4,High,51071,50133,Inma Stadium (ملعب الإنماء),5,South,Away,22:00,6,25,Redirecting,0,0,32.7,62.1,33.9,18,0,0,0,Medium
KASC_2025_M14,Kings Cup,Al-Ahli,Al-Taawoun,4,High,51071,50133,Inma Stadium (ملعب الإنماء),5,South,Away,22:05,6,25,Redirecting,0,0,32.7,62.1,33.9,7,0,0,0,Medium
KASC_2025_M14,Kings Cup,Al-Ahli,Al-Taawoun,4,High,51071,50133,Inma Stadium (ملعب الإنماء),5,South,Away,22:10,6,25,Redirecting,0,0,32.7,62.1,33.9,9,0,0,0,Medium
KASC_2025_M14,Kings Cup,Al-Ahli,Al-Taawoun,4,High,51071,50133,Inma Stadium (ملعب الإنماء),5,South,Away,22:15,6,25,Redirecting,0,0,32.7,62.1,33.9,10,0,0,0,Medium
KASC_2025_M14,Kings Cup,Al-Ahli,Al-Taawoun,4,High,51071,50133,Inma Stadium (ملعب الإنماء),5,South,Away,22:20,6,25,Redirecting,0,0,32.7,62.1,33.9,12,0,0,0,Medium
KASC_2025_M14,Kings Cup,Al-Ahli,Al-Taawoun,4,High,51071,50133,Inma Stadium (ملعب الإنماء),5,South,Away,22:25,6,25,Redirecting,0,0,32.7,62.1,33.9,18,0,0,0,Medium
KASC_2025_M14,Kings Cup,Al-Ahli,Al-Taawoun,4,High,51071,50133,Inma Stadium (ملعب الإنماء),5,South,Away,22:30,6,25,Redirecting,0,0,32.7,62.1,33.9,13,0,0,0,Medium
KASC_2025_M14,Kings Cup,Al-Ahli,Al-Taawoun,4,High,51071,50133,Inma Stadium (ملعب الإنماء),5,South,Away,22:35,6,25,Redirecting,0,0,32.7,62.1,33.9,11,0,0,0,Medium
KASC_2025_M14,Kings Cup,Al-Ahli,Al-Taawoun,4,High,51071,50133,Inma Stadium (ملعب الإنماء),5,South,Away,22:40,6,25,Redirecting,0,0,32.7,62.1,33.9,12,0,0,0,Medium
KASC_2025_M14,Kings Cup,Al-Ahli,Al-Taawoun,4,High,51071,50133,Inma Stadium (ملعب الإنماء),5,South,Away,22:45,6,25,Redirecting,0,0,32.7,62.1,33.9,11,0,0,0,Medium
KASC_2025_M14,Kings Cup,Al-Ahli,Al-Taawoun,4,High,51071,50133,Inma Stadium (ملعب الإنماء),5,South,Away,22:50,6,25,Redirecting,0,0,32.7,62.1,33.9,6,0,0,0,Medium
KASC_2025_M14,Kings Cup,Al-Ahli,Al-Taawoun,4,High,51071,50133,Inma Stadium (ملعب الإنماء),5,South,Away,22:55,6,25,Redirecting,0,0,32.7,62.1,33.9,16,0,0,0,Medium
KASC_2025_M14,Kings Cup,Al-Ahli,Al-Taawoun,4,High,51071,50133,Inma Stadium (ملعب الإنماء),5,South,Away,23:00,6,25,Redirecting,0,0,32.7,62.1,33.9,13,0,0,0,Medium
KASC_2025_M14,Kings Cup,Al-Ahli,Al-Taawoun,4,High,51071,50133,Inma Stadium (ملعب الإنماء),5,South,Away,23:05,6,25,Redirecting,0,0,32.7,62.1,33.9,8,0,0,0,Medium
KASC_2025_M14,Kings Cup,Al-Ahli,Al-Taawoun,4,High,51071,50133,Inma Stadium (ملعب الإنماء),5,South,Away,23:10,6,25,Redirecting,0,0,32.7,62.1,33.9,9,0,0,0,Medium
KASC_2025_M14,Kings Cup,Al-Ahli,Al-Taawoun,4,High,51071,50133,Inma Stadium (ملعب الإنماء),5,South,Away,23:15,6,25,Redirecting,0,0,32.7,62.1,33.9,14,0,0,0,Medium
KASC_2025_M14,Kings Cup,Al-Ahli,Al-Taawoun,4,High,51071,50133,Inma Stadium (ملعب الإنماء),5,South,Away,23:20,6,25,Redirecting,0,0,32.7,62.1,33.9,12,0,0,0,Medium
KASC_2025_M14,Kings Cup,Al-Ahli,Al-Taawoun,4,High,51071,50133,Inma Stadium (ملعب الإنماء),5,South,Away,23:25,6,25,Redirecting,0,0,32.7,62.1,33.9,15,0,0,0,Medium
KASC_2025_M14,Kings Cup,Al-Ahli,Al-Taawoun,4,High,51071,50133,Inma Stadium (ملعب الإنماء),5,South,Away,23:30,6,25,Redirecting,0,0,32.7,62.1,33.9,11,0,0,0,Medium
KASC_2025_M14,Kings Cup,Al-Ahli,Al-Taawoun,4,High,51071,50133,Inma Stadium (ملعب الإنماء),5,South,Away,23:35,6,25,Redirecting,0,0,32.7,62.1,33.9,8,0,0,0,Medium
KASC_2025_M14,Kings Cup,Al-Ahli,Al-Taawoun,4,High,51071,50133,Inma Stadium (ملعب الإنماء),5,South,Away,23:40,6,25,Redirecting,0,0,32.7,62.1,33.9,12,0,0,0,Medium
KASC_2025_M14,Kings Cup,Al-Ahli,Al-Taawoun,4,High,51071,50133,Inma Stadium (ملعب الإنماء),5,South,Away,23:45,6,25,Redirecting,0,0,32.7,62.1,33.9,12,0,0,0,Medium
KASC_2025_M14,Kings Cup,Al-Ahli,Al-Taawoun,4,High,51071,50133,Inma Stadium (ملعب الإنماء),5,South,Away,23:50,6,25,Redirecting,0,0,32.7,62.1,33.9,15,0,0,0,Medium
KASC_2025_M14,Kings Cup,Al-Ahli,Al-Taawoun,4,High,51071,50133,Inma Stadium (ملعب الإنماء),5,South,Away,23:55,6,25,Redirecting,0,0,32.7,62.1,33.9,16,0,0,0,Medium
KASC_2025_M14,Kings Cup,Al-Ahli,Al-Taawoun,4,High,51071,50133,Inma Stadium (ملعب الإنماء),6,West,VIP,17:00,6,11,Redirecting,0,0,32.7,62.1,33.9,6,0,0,0,Medium
KASC_2025_M14,Kings Cup,Al-Ahli,Al-Taawoun,4,High,51071,50133,Inma Stadium (ملعب الإنماء),6,West,VIP,17:05,6,11,Redirecting,0,0,32.7,62.1,33.9,12,0,0,0,Medium
KASC_2025_M14,Kings Cup,Al-Ahli,Al-Taawoun,4,High,51071,50133,Inma Stadium (ملعب الإنماء),6,West,VIP,17:10,6,11,Redirecting,0,0,32.7,62.1,33.9,6,0,0,0,Medium
KASC_2025_M14,Kings Cup,Al-Ahli,Al-Taawoun,4,High,51071,50133,Inma Stadium (ملعب الإنماء),6,West,VIP,17:15,6,11,Redirecting,0,0,32.7,62.1,33.9,6,0,0,0,Medium
KASC_2025_M14,Kings Cup,Al-Ahli,Al-Taawoun,4,High,51071,50133,Inma Stadium (ملعب الإنماء),6,West,VIP,17:20,6,11,Redirecting,0,0,32.7,62.1,33.9,12,0,0,0,Medium
KASC_2025_M14,Kings Cup,Al-Ahli,Al-Taawoun,4,High,51071,50133,Inma Stadium (ملعب الإنماء),6,West,VIP,17:25,6,11,Redirecting,0,0,32.7,62.1,33.9,12,0,0,0,Medium
KASC_2025_M14,Kings Cup,Al-Ahli,Al-Taawoun,4,High,51071,50133,Inma Stadium (ملعب الإنماء),6,West,VIP,17:30,6,11,Redirecting,0,0,32.7,62.1,33.9,6,0,0,0,Medium
KASC_2025_M14,Kings Cup,Al-Ahli,Al-Taawoun,4,High,51071,50133,Inma Stadium (ملعب الإنماء),6,West,VIP,17:35,6,11,Redirecting,0,0,32.7,62.1,33.9,11,0,0,0,Medium
KASC_2025_M14,Kings Cup,Al-Ahli,Al-Taawoun,4,High,51071,50133,Inma Stadium (ملعب الإنماء),6,West,VIP,17:40,6,11,Redirecting,0,0,32.7,62.1,33.9,16,0,0,0,Medium
KASC_2025_M14,Kings Cup,Al-Ahli,Al-Taawoun,4,High,51071,50133,Inma Stadium (ملعب الإنماء),6,West,VIP,17:45,6,11,Redirecting,0,0,32.7,62.1,33.9,11,0,0,1,Low
KASC_2025_M14,Kings Cup,Al-Ahli,Al-Taawoun,4,High,51071,50133,Inma Stadium (ملعب الإنماء),6,West,VIP,17:50,6,11,Redirecting,0,0,32.7,62.1,33.9,13,0,0,0,Medium
KASC_2025_M14,Kings Cup,Al-Ahli,Al-Taawoun,4,High,51071,50133,Inma Stadium (ملعب الإنماء),6,West,VIP,17:55,6,11,Redirecting,0,0,32.7,62.1,33.9,10,3,2,0,High
KASC_2025_M14,Kings Cup,Al-Ahli,Al-Taawoun,4,High,51071,50133,Inma Stadium (ملعب الإنماء),6,West,VIP,18:00,6,11,Redirecting,0,0,32.7,62.1,33.9,9,1,1,0,High
KASC_2025_M14,Kings Cup,Al-Ahli,Al-Taawoun,4,High,51071,50133,Inma Stadium (ملعب الإنماء),6,West,VIP,18:05,6,11,Redirecting,0,0,32.7,62.1,33.9,11,5,3,1,High
KASC_2025_M14,Kings Cup,Al-Ahli,Al-Taawoun,4,High,51071,50133,Inma Stadium (ملعب الإنماء),6,West,VIP,18:10,6,11,Redirecting,0,0,32.7,62.1,33.9,9,10,7,2,High
KASC_2025_M14,Kings Cup,Al-Ahli,Al-Taawoun,4,High,51071,50133,Inma Stadium (ملعب الإنماء),6,West,VIP,18:15,6,11,Redirecting,0,0,32.7,62.1,33.9,10,5,3,0,High
KASC_2025_M14,Kings Cup,Al-Ahli,Al-Taawoun,4,High,51071,50133,Inma Stadium (ملعب الإنماء),6,West,VIP,18:20,6,11,Redirecting,0,0,32.7,62.1,33.9,14,14,6,1,High
KASC_2025_M14,Kings Cup,Al-Ahli,Al-Taawoun,4,High,51071,50133,Inma Stadium (ملعب الإنماء),6,West,VIP,18:25,6,11,Redirecting,0,0,32.7,62.1,33.9,6,5,5,1,High
KASC_2025_M14,Kings Cup,Al-Ahli,Al-Taawoun,4,High,51071,50133,Inma Stadium (ملعب الإنماء),6,West,VIP,18:30,6,11,Redirecting,0,0,32.7,62.1,33.9,10,6,4,5,Medium
KASC_2025_M14,Kings Cup,Al-Ahli,Al-Taawoun,4,High,51071,50133,Inma Stadium (ملعب الإنماء),6,West,VIP,18:35,6,11,Redirecting,0,0,32.7,62.1,33.9,9,13,9,1,High
KASC_2025_M14,Kings Cup,Al-Ahli,Al-Taawoun,4,High,51071,50133,Inma Stadium (ملعب الإنماء),6,West,VIP,18:40,6,11,Redirecting,0,0,32.7,62.1,33.9,10,10,6,4,Medium
KASC_2025_M14,Kings Cup,Al-Ahli,Al-Taawoun,4,High,51071,50133,Inma Stadium (ملعب الإنماء),6,West,VIP,18:45,6,11,Redirecting,0,0,32.7,62.1,33.9,8,10,8,5,Medium
KASC_2025_M14,Kings Cup,Al-Ahli,Al-Taawoun,4,High,51071,50133,Inma Stadium (ملعب الإنماء),6,West,VIP,18:50,6,11,Redirecting,0,0,32.7,62.1,33.9,8,21,16,5,High
KASC_2025_M14,Kings Cup,Al-Ahli,Al-Taawoun,4,High,51071,50133,Inma Stadium (ملعب الإنماء),6,West,VIP,18:55,6,11,Redirecting,0,0,32.7,62.1,33.9,11,20,11,7,Medium
KASC_2025_M14,Kings Cup,Al-Ahli,Al-Taawoun,4,High,51071,50133,Inma Stadium (ملعب الإنماء),6,West,VIP,19:00,6,11,Redirecting,0,0,32.7,62.1,33.9,9,31,21,8,High
KASC_2025_M14,Kings Cup,Al-Ahli,Al-Taawoun,4,High,51071,50133,Inma Stadium (ملعب الإنماء),6,West,VIP,19:05,6,11,Redirecting,0,0,32.7,62.1,33.9,17,68,24,6,High
KASC_2025_M14,Kings Cup,Al-Ahli,Al-Taawoun,4,High,51071,50133,Inma Stadium (ملعب الإنماء),6,West,VIP,19:10,6,11,Redirecting,0,0,32.7,62.1,33.9,6,20,20,14,Medium
KASC_2025_M14,Kings Cup,Al-Ahli,Al-Taawoun,4,High,51071,50133,Inma Stadium (ملعب الإنماء),6,West,VIP,19:15,6,11,Redirecting,0,0,32.7,62.1,33.9,7,21,18,11,High
KASC_2025_M14,Kings Cup,Al-Ahli,Al-Taawoun,4,High,51071,50133,Inma Stadium (ملعب الإنماء),6,West,VIP,19:20,6,11,Redirecting,0,0,32.7,62.1,33.9,16,53,20,5,High
KASC_2025_M14,Kings Cup,Al-Ahli,Al-Taawoun,4,High,51071,50133,Inma Stadium (ملعب الإنماء),6,West,VIP,19:25,6,11,Redirecting,0,0,32.7,62.1,33.9,10,40,24,5,High
KASC_2025_M14,Kings Cup,Al-Ahli,Al-Taawoun,4,High,51071,50133,Inma Stadium (ملعب الإنماء),6,West,VIP,19:30,6,11,Redirecting,0,0,32.7,62.1,33.9,12,38,19,6,High
KASC_2025_M14,Kings Cup,Al-Ahli,Al-Taawoun,4,High,51071,50133,Inma Stadium (ملعب الإنماء),6,West,VIP,19:35,6,11,Redirecting,0,0,32.7,62.1,33.9,9,46,31,6,High
KASC_2025_M14,Kings Cup,Al-Ahli,Al-Taawoun,4,High,51071,50133,Inma Stadium (ملعب الإنماء),6,West,VIP,19:40,6,11,Redirecting,0,0,32.7,62.1,33.9,10,35,21,9,High
KASC_2025_M14,Kings Cup,Al-Ahli,Al-Taawoun,4,High,51071,50133,Inma Stadium (ملعب الإنماء),6,West,VIP,19:45,6,11,Redirecting,0,0,32.7,62.1,33.9,10,35,21,14,Medium
KASC_2025_M14,Kings Cup,Al-Ahli,Al-Taawoun,4,High,51071,50133,Inma Stadium (ملعب الإنماء),6,West,VIP,19:50,6,11,Redirecting,0,0,32.7,62.1,33.9,13,32,15,9,High
KASC_2025_M14,Kings Cup,Al-Ahli,Al-Taawoun,4,High,51071,50133,Inma Stadium (ملعب الإنماء),6,West,VIP,19:55,6,11,Redirecting,0,0,32.7,62.1,33.9,15,40,16,6,High
KASC_2025_M14,Kings Cup,Al-Ahli,Al-Taawoun,4,High,51071,50133,Inma Stadium (ملعب الإنماء),6,West,VIP,20:00,6,11,Redirecting,0,0,32.7,62.1,33.9,13,39,18,8,High
KASC_2025_M14,Kings Cup,Al-Ahli,Al-Taawoun,4,High,51071,50133,Inma Stadium (ملعب الإنماء),6,West,VIP,20:05,6,11,Redirecting,0,0,32.7,62.1,33.9,13,30,14,4,High
KASC_2025_M14,Kings Cup,Al-Ahli,Al-Taawoun,4,High,51071,50133,Inma Stadium (ملعب الإنماء),6,West,VIP,20:10,6,11,Redirecting,0,0,32.7,62.1,33.9,12,32,16,4,High
KASC_2025_M14,Kings Cup,Al-Ahli,Al-Taawoun,4,High,51071,50133,Inma Stadium (ملعب الإنماء),6,West,VIP,20:15,6,11,Redirecting,0,0,32.7,62.1,33.9,13,36,17,4,High
KASC_2025_M14,Kings Cup,Al-Ahli,Al-Taawoun,4,High,51071,50133,Inma Stadium (ملعب الإنماء),6,West,VIP,20:20,6,11,Redirecting,0,0,32.7,62.1,33.9,12,18,9,6,Medium
KASC_2025_M14,Kings Cup,Al-Ahli,Al-Taawoun,4,High,51071,50133,Inma Stadium (ملعب الإنماء),6,West,VIP,20:25,6,11,Redirecting,0,0,32.7,62.1,33.9,16,32,12,3,High
KASC_2025_M14,Kings Cup,Al-Ahli,Al-Taawoun,4,High,51071,50133,Inma Stadium (ملعب الإنماء),6,West,VIP,20:30,6,11,Redirecting,0,0,32.7,62.1,33.9,13,17,8,1,High
KASC_2025_M14,Kings Cup,Al-Ahli,Al-Taawoun,4,High,51071,50133,Inma Stadium (ملعب الإنماء),6,West,VIP,20:35,6,11,Redirecting,0,0,32.7,62.1,33.9,10,3,2,5,Low
KASC_2025_M14,Kings Cup,Al-Ahli,Al-Taawoun,4,High,51071,50133,Inma Stadium (ملعب الإنماء),6,West,VIP,20:40,6,11,Redirecting,0,0,32.7,62.1,33.9,11,11,6,1,High
KASC_2025_M14,Kings Cup,Al-Ahli,Al-Taawoun,4,High,51071,50133,Inma Stadium (ملعب الإنماء),6,West,VIP,20:45,6,11,Redirecting,0,0,32.7,62.1,33.9,10,5,3,2,Medium
KASC_2025_M14,Kings Cup,Al-Ahli,Al-Taawoun,4,High,51071,50133,Inma Stadium (ملعب الإنماء),6,West,VIP,20:50,6,11,Redirecting,0,0,32.7,62.1,33.9,15,10,4,1,High
KASC_2025_M14,Kings Cup,Al-Ahli,Al-Taawoun,4,High,51071,50133,Inma Stadium (ملعب الإنماء),6,West,VIP,20:55,6,11,Redirecting,0,0,32.7,62.1,33.9,11,1,1,0,High
KASC_2025_M14,Kings Cup,Al-Ahli,Al-Taawoun,4,High,51071,50133,Inma Stadium (ملعب الإنماء),6,West,VIP,21:00,6,11,Redirecting,0,0,32.7,62.1,33.9,13,6,3,0,High
KASC_2025_M14,Kings Cup,Al-Ahli,Al-Taawoun,4,High,51071,50133,Inma Stadium (ملعب الإنماء),6,West,VIP,21:05,6,11,Redirecting,0,0,32.7,62.1,33.9,10,0,0,3,Low
KASC_2025_M14,Kings Cup,Al-Ahli,Al-Taawoun,4,High,51071,50133,Inma Stadium (ملعب الإنماء),6,West,VIP,21:10,6,11,Redirecting,0,0,32.7,62.1,33.9,13,0,0,1,Low
KASC_2025_M14,Kings Cup,Al-Ahli,Al-Taawoun,4,High,51071,50133,Inma Stadium (ملعب الإنماء),6,West,VIP,21:15,6,11,Redirecting,0,0,32.7,62.1,33.9,11,0,0,0,Medium
KASC_2025_M14,Kings Cup,Al-Ahli,Al-Taawoun,4,High,51071,50133,Inma Stadium (ملعب الإنماء),6,West,VIP,21:20,6,11,Redirecting,0,0,32.7,62.1,33.9,9,0,0,0,Medium
KASC_2025_M14,Kings Cup,Al-Ahli,Al-Taawoun,4,High,51071,50133,Inma Stadium (ملعب الإنماء),6,West,VIP,21:25,6,11,Redirecting,0,0,32.7,62.1,33.9,7,0,0,0,Medium
KASC_2025_M14,Kings Cup,Al-Ahli,Al-Taawoun,4,High,51071,50133,Inma Stadium (ملعب الإنماء),6,West,VIP,21:30,6,11,Redirecting,0,0,32.7,62.1,33.9,16,0,0,0,Medium
KASC_2025_M14,Kings Cup,Al-Ahli,Al-Taawoun,4,High,51071,50133,Inma Stadium (ملعب الإنماء),6,West,VIP,21:35,6,11,Redirecting,0,0,32.7,62.1,33.9,9,0,0,1,Low
KASC_2025_M14,Kings Cup,Al-Ahli,Al-Taawoun,4,High,51071,50133,Inma Stadium (ملعب الإنماء),6,West,VIP,21:40,6,11,Redirecting,0,0,32.7,62.1,33.9,15,0,0,0,Medium
KASC_2025_M14,Kings Cup,Al-Ahli,Al-Taawoun,4,High,51071,50133,Inma Stadium (ملعب الإنماء),6,West,VIP,21:45,6,11,Redirecting,0,0,32.7,62.1,33.9,11,0,0,0,Medium
KASC_2025_M14,Kings Cup,Al-Ahli,Al-Taawoun,4,High,51071,50133,Inma Stadium (ملعب الإنماء),6,West,VIP,21:50,6,11,Redirecting,0,0,32.7,62.1,33.9,6,0,0,0,Medium
KASC_2025_M14,Kings Cup,Al-Ahli,Al-Taawoun,4,High,51071,50133,Inma Stadium (ملعب الإنماء),6,West,VIP,21:55,6,11,Redirecting,0,0,32.7,62.1,33.9,11,0,0,0,Medium
KASC_2025_M14,Kings Cup,Al-Ahli,Al-Taawoun,4,High,51071,50133,Inma Stadium (ملعب الإنماء),6,West,VIP,22:00,6,11,Redirecting,0,0,32.7,62.1,33.9,10,0,0,0,Medium
KASC_2025_M14,Kings Cup,Al-Ahli,Al-Taawoun,4,High,51071,50133,Inma Stadium (ملعب الإنماء),6,West,VIP,22:05,6,11,Redirecting,0,0,32.7,62.1,33.9,13,0,0,0,Medium
KASC_2025_M14,Kings Cup,Al-Ahli,Al-Taawoun,4,High,51071,50133,Inma Stadium (ملعب الإنماء),6,West,VIP,22:10,6,11,Redirecting,0,0,32.7,62.1,33.9,12,0,0,0,Medium
KASC_2025_M14,Kings Cup,Al-Ahli,Al-Taawoun,4,High,51071,50133,Inma Stadium (ملعب الإنماء),6,West,VIP,22:15,6,11,Redirecting,0,0,32.7,62.1,33.9,11,0,0,0,Medium
KASC_2025_M14,Kings Cup,Al-Ahli,Al-Taawoun,4,High,51071,50133,Inma Stadium (ملعب الإنماء),6,West,VIP,22:20,6,11,Redirecting,0,0,32.7,62.1,33.9,13,0,0,0,Medium
KASC_2025_M14,Kings Cup,Al-Ahli,Al-Taawoun,4,High,51071,50133,Inma Stadium (ملعب الإنماء),6,West,VIP,22:25,6,11,Redirecting,0,0,32.7,62.1,33.9,13,0,0,0,Medium
KASC_2025_M14,Kings Cup,Al-Ahli,Al-Taawoun,4,High,51071,50133,Inma Stadium (ملعب الإنماء),6,West,VIP,22:30,6,11,Redirecting,0,0,32.7,62.1,33.9,11,0,0,0,Medium
KASC_2025_M14,Kings Cup,Al-Ahli,Al-Taawoun,4,High,51071,50133,Inma Stadium (ملعب الإنماء),6,West,VIP,22:35,6,11,Redirecting,0,0,32.7,62.1,33.9,9,0,0,0,Medium
KASC_2025_M14,Kings Cup,Al-Ahli,Al-Taawoun,4,High,51071,50133,Inma Stadium (ملعب الإنماء),6,West,VIP,22:40,6,11,Redirecting,0,0,32.7,62.1,33.9,15,0,0,0,Medium
KASC_2025_M14,Kings Cup,Al-Ahli,Al-Taawoun,4,High,51071,50133,Inma Stadium (ملعب الإنماء),6,West,VIP,22:45,6,11,Redirecting,0,0,32.7,62.1,33.9,14,0,0,0,Medium
KASC_2025_M14,Kings Cup,Al-Ahli,Al-Taawoun,4,High,51071,50133,Inma Stadium (ملعب الإنماء),6,West,VIP,22:50,6,11,Redirecting,0,0,32.7,62.1,33.9,17,0,0,0,Medium
KASC_2025_M14,Kings Cup,Al-Ahli,Al-Taawoun,4,High,51071,50133,Inma Stadium (ملعب الإنماء),6,West,VIP,22:55,6,11,Redirecting,0,0,32.7,62.1,33.9,12,0,0,0,Medium
KASC_2025_M14,Kings Cup,Al-Ahli,Al-Taawoun,4,High,51071,50133,Inma Stadium (ملعب الإنماء),6,West,VIP,23:00,6,11,Redirecting,0,0,32.7,62.1,33.9,14,0,0,0,Medium
KASC_2025_M14,Kings Cup,Al-Ahli,Al-Taawoun,4,High,51071,50133,Inma Stadium (ملعب الإنماء),6,West,VIP,23:05,6,11,Redirecting,0,0,32.7,62.1,33.9,7,0,0,0,Medium
KASC_2025_M14,Kings Cup,Al-Ahli,Al-Taawoun,4,High,51071,50133,Inma Stadium (ملعب الإنماء),6,West,VIP,23:10,6,11,Redirecting,0,0,32.7,62.1,33.9,6,0,0,0,Medium
KASC_2025_M14,Kings Cup,Al-Ahli,Al-Taawoun,4,High,51071,50133,Inma Stadium (ملعب الإنماء),6,West,VIP,23:15,6,11,Redirecting,0,0,32.7,62.1,33.9,13,0,0,0,Medium
KASC_2025_M14,Kings Cup,Al-Ahli,Al-Taawoun,4,High,51071,50133,Inma Stadium (ملعب الإنماء),6,West,VIP,23:20,6,11,Redirecting,0,0,32.7,62.1,33.9,11,0,0,0,Medium
KASC_2025_M14,Kings Cup,Al-Ahli,Al-Taawoun,4,High,51071,50133,Inma Stadium (ملعب الإنماء),6,West,VIP,23:25,6,11,Redirecting,0,0,32.7,62.1,33.9,10,0,0,0,Medium
KASC_2025_M14,Kings Cup,Al-Ahli,Al-Taawoun,4,High,51071,50133,Inma Stadium (ملعب الإنماء),6,West,VIP,23:30,6,11,Redirecting,0,0,32.7,62.1,33.9,7,0,0,0,Medium
KASC_2025_M14,Kings Cup,Al-Ahli,Al-Taawoun,4,High,51071,50133,Inma Stadium (ملعب الإنماء),6,West,VIP,23:35,6,11,Redirecting,0,0,32.7,62.1,33.9,13,0,0,0,Medium
KASC_2025_M14,Kings Cup,Al-Ahli,Al-Taawoun,4,High,51071,50133,Inma Stadium (ملعب الإنماء),6,West,VIP,23:40,6,11,Redirecting,0,0,32.7,62.1,33.9,12,0,0,0,Medium
KASC_2025_M14,Kings Cup,Al-Ahli,Al-Taawoun,4,High,51071,50133,Inma Stadium (ملعب الإنماء),6,West,VIP,23:45,6,11,Redirecting,0,0,32.7,62.1,33.9,10,0,0,0,Medium
KASC_2025_M14,Kings Cup,Al-Ahli,Al-Taawoun,4,High,51071,50133,Inma Stadium (ملعب الإنماء),6,West,VIP,23:50,6,11,Redirecting,0,0,32.7,62.1,33.9,12,0,0,0,Medium
KASC_2025_M14,Kings Cup,Al-Ahli,Al-Taawoun,4,High,51071,50133,Inma Stadium (ملعب الإنماء),6,West,VIP,23:55,6,11,Redirecting,0,0,32.7,62.1,33.9,9,0,0,0,Medium
KASC_2025_M15,AFC Qualifier,Saudi NT,Qatar NT,5,Derby/High,54212,52665,Inma Stadium (ملعب الإنماء),1,North,Home,17:00,6,18,Redirecting,0,0,33.3,70.6,34.7,15,0,0,0,Medium
KASC_2025_M15,AFC Qualifier,Saudi NT,Qatar NT,5,Derby/High,54212,52665,Inma Stadium (ملعب الإنماء),1,North,Home,17:05,6,18,Redirecting,0,0,33.3,70.6,34.7,14,2,1,1,Medium
KASC_2025_M15,AFC Qualifier,Saudi NT,Qatar NT,5,Derby/High,54212,52665,Inma Stadium (ملعب الإنماء),1,North,Home,17:10,6,18,Redirecting,0,0,33.3,70.6,34.7,12,2,1,1,Medium
KASC_2025_M15,AFC Qualifier,Saudi NT,Qatar NT,5,Derby/High,54212,52665,Inma Stadium (ملعب الإنماء),1,North,Home,17:15,6,18,Redirecting,0,0,33.3,70.6,34.7,10,3,2,0,High
KASC_2025_M15,AFC Qualifier,Saudi NT,Qatar NT,5,Derby/High,54212,52665,Inma Stadium (ملعب الإنماء),1,North,Home,17:20,6,18,Redirecting,0,0,33.3,70.6,34.7,11,7,4,2,High
KASC_2025_M15,AFC Qualifier,Saudi NT,Qatar NT,5,Derby/High,54212,52665,Inma Stadium (ملعب الإنماء),1,North,Home,17:25,6,18,Redirecting,0,0,33.3,70.6,34.7,12,8,4,3,Medium
KASC_2025_M15,AFC Qualifier,Saudi NT,Qatar NT,5,Derby/High,54212,52665,Inma Stadium (ملعب الإنماء),1,North,Home,17:30,6,18,Redirecting,0,0,33.3,70.6,34.7,12,12,6,3,High
KASC_2025_M15,AFC Qualifier,Saudi NT,Qatar NT,5,Derby/High,54212,52665,Inma Stadium (ملعب الإنماء),1,North,Home,17:35,6,18,Redirecting,0,0,33.3,70.6,34.7,11,12,7,3,High
KASC_2025_M15,AFC Qualifier,Saudi NT,Qatar NT,5,Derby/High,54212,52665,Inma Stadium (ملعب الإنماء),1,North,Home,17:40,6,18,Redirecting,0,0,33.3,70.6,34.7,13,19,9,3,High
KASC_2025_M15,AFC Qualifier,Saudi NT,Qatar NT,5,Derby/High,54212,52665,Inma Stadium (ملعب الإنماء),1,North,Home,17:45,6,18,Redirecting,0,0,33.3,70.6,34.7,14,23,10,1,High
KASC_2025_M15,AFC Qualifier,Saudi NT,Qatar NT,5,Derby/High,54212,52665,Inma Stadium (ملعب الإنماء),1,North,Home,17:50,6,18,Redirecting,0,0,33.3,70.6,34.7,8,18,14,2,High
KASC_2025_M15,AFC Qualifier,Saudi NT,Qatar NT,5,Derby/High,54212,52665,Inma Stadium (ملعب الإنماء),1,North,Home,17:55,6,18,Redirecting,0,0,33.3,70.6,34.7,13,39,18,2,High
KASC_2025_M15,AFC Qualifier,Saudi NT,Qatar NT,5,Derby/High,54212,52665,Inma Stadium (ملعب الإنماء),1,North,Home,18:00,6,18,Redirecting,0,0,33.3,70.6,34.7,20,66,20,11,High
KASC_2025_M15,AFC Qualifier,Saudi NT,Qatar NT,5,Derby/High,54212,52665,Inma Stadium (ملعب الإنماء),1,North,Home,18:05,6,18,Redirecting,0,0,33.3,70.6,34.7,13,43,20,12,High
KASC_2025_M15,AFC Qualifier,Saudi NT,Qatar NT,5,Derby/High,54212,52665,Inma Stadium (ملعب الإنماء),1,North,Home,18:10,6,18,Redirecting,0,0,33.3,70.6,34.7,9,27,18,7,High
KASC_2025_M15,AFC Qualifier,Saudi NT,Qatar NT,5,Derby/High,54212,52665,Inma Stadium (ملعب الإنماء),1,North,Home,18:15,6,18,Redirecting,0,0,33.3,70.6,34.7,10,51,31,11,High
KASC_2025_M15,AFC Qualifier,Saudi NT,Qatar NT,5,Derby/High,54212,52665,Inma Stadium (ملعب الإنماء),1,North,Home,18:20,6,18,Redirecting,0,0,33.3,70.6,34.7,12,70,35,14,High
KASC_2025_M15,AFC Qualifier,Saudi NT,Qatar NT,5,Derby/High,54212,52665,Inma Stadium (ملعب الإنماء),1,North,Home,18:25,6,18,Redirecting,0,0,33.3,70.6,34.7,13,88,41,5,High
KASC_2025_M15,AFC Qualifier,Saudi NT,Qatar NT,5,Derby/High,54212,52665,Inma Stadium (ملعب الإنماء),1,North,Home,18:30,6,18,Redirecting,0,0,33.3,70.6,34.7,15,85,34,20,High
KASC_2025_M15,AFC Qualifier,Saudi NT,Qatar NT,5,Derby/High,54212,52665,Inma Stadium (ملعب الإنماء),1,North,Home,18:35,6,18,Redirecting,0,0,33.3,70.6,34.7,16,144,54,15,High
KASC_2025_M15,AFC Qualifier,Saudi NT,Qatar NT,5,Derby/High,54212,52665,Inma Stadium (ملعب الإنماء),1,North,Home,18:40,6,18,Redirecting,0,0,33.3,70.6,34.7,12,94,47,16,High
KASC_2025_M15,AFC Qualifier,Saudi NT,Qatar NT,5,Derby/High,54212,52665,Inma Stadium (ملعب الإنماء),1,North,Home,18:45,6,18,Redirecting,0,0,33.3,70.6,34.7,15,150,60,17,High
KASC_2025_M15,AFC Qualifier,Saudi NT,Qatar NT,5,Derby/High,54212,52665,Inma Stadium (ملعب الإنماء),1,North,Home,18:50,6,18,Redirecting,0,0,33.3,70.6,34.7,11,128,70,20,High
KASC_2025_M15,AFC Qualifier,Saudi NT,Qatar NT,5,Derby/High,54212,52665,Inma Stadium (ملعب الإنماء),1,North,Home,18:55,6,18,Redirecting,0,0,33.3,70.6,34.7,13,110,51,29,High
KASC_2025_M15,AFC Qualifier,Saudi NT,Qatar NT,5,Derby/High,54212,52665,Inma Stadium (ملعب الإنماء),1,North,Home,19:00,6,18,Redirecting,0,0,33.3,70.6,34.7,8,90,68,26,High
KASC_2025_M15,AFC Qualifier,Saudi NT,Qatar NT,5,Derby/High,54212,52665,Inma Stadium (ملعب الإنماء),1,North,Home,19:05,6,18,Redirecting,0,0,33.3,70.6,34.7,15,142,57,42,Medium
KASC_2025_M15,AFC Qualifier,Saudi NT,Qatar NT,5,Derby/High,54212,52665,Inma Stadium (ملعب الإنماء),1,North,Home,19:10,6,18,Redirecting,0,0,33.3,70.6,34.7,11,152,83,19,High
KASC_2025_M15,AFC Qualifier,Saudi NT,Qatar NT,5,Derby/High,54212,52665,Inma Stadium (ملعب الإنماء),1,North,Home,19:15,6,18,Redirecting,0,0,33.3,70.6,34.7,12,138,69,44,High
KASC_2025_M15,AFC Qualifier,Saudi NT,Qatar NT,5,Derby/High,54212,52665,Inma Stadium (ملعب الإنماء),1,North,Home,19:20,6,18,Redirecting,0,0,33.3,70.6,34.7,18,195,65,20,High
KASC_2025_M15,AFC Qualifier,Saudi NT,Qatar NT,5,Derby/High,54212,52665,Inma Stadium (ملعب الإنماء),1,North,Home,19:25,6,18,Redirecting,0,0,33.3,70.6,34.7,10,126,76,37,High
KASC_2025_M15,AFC Qualifier,Saudi NT,Qatar NT,5,Derby/High,54212,52665,Inma Stadium (ملعب الإنماء),1,North,Home,19:30,6,18,Redirecting,0,0,33.3,70.6,34.7,12,162,81,34,High
KASC_2025_M15,AFC Qualifier,Saudi NT,Qatar NT,5,Derby/High,54212,52665,Inma Stadium (ملعب الإنماء),1,North,Home,19:35,6,18,Redirecting,0,0,33.3,70.6,34.7,10,125,75,28,High
KASC_2025_M15,AFC Qualifier,Saudi NT,Qatar NT,5,Derby/High,54212,52665,Inma Stadium (ملعب الإنماء),1,North,Home,19:40,6,18,Redirecting,0,0,33.3,70.6,34.7,14,200,86,38,High
KASC_2025_M15,AFC Qualifier,Saudi NT,Qatar NT,5,Derby/High,54212,52665,Inma Stadium (ملعب الإنماء),1,North,Home,19:45,6,18,Redirecting,0,0,33.3,70.6,34.7,7,89,77,27,High
KASC_2025_M15,AFC Qualifier,Saudi NT,Qatar NT,5,Derby/High,54212,52665,Inma Stadium (ملعب الإنماء),1,North,Home,19:50,6,18,Redirecting,0,0,33.3,70.6,34.7,12,150,75,29,High
KASC_2025_M15,AFC Qualifier,Saudi NT,Qatar NT,5,Derby/High,54212,52665,Inma Stadium (ملعب الإنماء),1,North,Home,19:55,6,18,Redirecting,0,0,33.3,70.6,34.7,13,158,73,25,High
KASC_2025_M15,AFC Qualifier,Saudi NT,Qatar NT,5,Derby/High,54212,52665,Inma Stadium (ملعب الإنماء),1,North,Home,20:00,6,18,Redirecting,0,0,33.3,70.6,34.7,7,79,68,27,High
KASC_2025_M15,AFC Qualifier,Saudi NT,Qatar NT,5,Derby/High,54212,52665,Inma Stadium (ملعب الإنماء),1,North,Home,20:05,6,18,Redirecting,0,0,33.3,70.6,34.7,6,85,85,28,High
KASC_2025_M15,AFC Qualifier,Saudi NT,Qatar NT,5,Derby/High,54212,52665,Inma Stadium (ملعب الإنماء),1,North,Home,20:10,6,18,Redirecting,0,0,33.3,70.6,34.7,7,74,64,20,High
KASC_2025_M15,AFC Qualifier,Saudi NT,Qatar NT,5,Derby/High,54212,52665,Inma Stadium (ملعب الإنماء),1,North,Home,20:15,6,18,Redirecting,0,0,33.3,70.6,34.7,10,96,58,25,High
KASC_2025_M15,AFC Qualifier,Saudi NT,Qatar NT,5,Derby/High,54212,52665,Inma Stadium (ملعب الإنماء),1,North,Home,20:20,6,18,Redirecting,0,0,33.3,70.6,34.7,13,104,48,20,High
KASC_2025_M15,AFC Qualifier,Saudi NT,Qatar NT,5,Derby/High,54212,52665,Inma Stadium (ملعب الإنماء),1,North,Home,20:25,6,18,Redirecting,0,0,33.3,70.6,34.7,13,125,58,15,High
KASC_2025_M15,AFC Qualifier,Saudi NT,Qatar NT,5,Derby/High,54212,52665,Inma Stadium (ملعب الإنماء),1,North,Home,20:30,6,18,Redirecting,0,0,33.3,70.6,34.7,15,90,36,17,High
KASC_2025_M15,AFC Qualifier,Saudi NT,Qatar NT,5,Derby/High,54212,52665,Inma Stadium (ملعب الإنماء),1,North,Home,20:35,6,18,Redirecting,0,0,33.3,70.6,34.7,11,45,25,12,High
KASC_2025_M15,AFC Qualifier,Saudi NT,Qatar NT,5,Derby/High,54212,52665,Inma Stadium (ملعب الإنماء),1,North,Home,20:40,6,18,Redirecting,0,0,33.3,70.6,34.7,9,45,30,11,High
KASC_2025_M15,AFC Qualifier,Saudi NT,Qatar NT,5,Derby/High,54212,52665,Inma Stadium (ملعب الإنماء),1,North,Home,20:45,6,18,Redirecting,0,0,33.3,70.6,34.7,11,80,44,14,High
KASC_2025_M15,AFC Qualifier,Saudi NT,Qatar NT,5,Derby/High,54212,52665,Inma Stadium (ملعب الإنماء),1,North,Home,20:50,6,18,Redirecting,0,0,33.3,70.6,34.7,12,50,25,16,High
KASC_2025_M15,AFC Qualifier,Saudi NT,Qatar NT,5,Derby/High,54212,52665,Inma Stadium (ملعب الإنماء),1,North,Home,20:55,6,18,Redirecting,0,0,33.3,70.6,34.7,20,63,19,13,Medium
KASC_2025_M15,AFC Qualifier,Saudi NT,Qatar NT,5,Derby/High,54212,52665,Inma Stadium (ملعب الإنماء),1,North,Home,21:00,6,18,Redirecting,0,0,33.3,70.6,34.7,10,33,20,9,High
KASC_2025_M15,AFC Qualifier,Saudi NT,Qatar NT,5,Derby/High,54212,52665,Inma Stadium (ملعب الإنماء),1,North,Home,21:05,6,18,Redirecting,0,0,33.3,70.6,34.7,11,33,18,3,High
KASC_2025_M15,AFC Qualifier,Saudi NT,Qatar NT,5,Derby/High,54212,52665,Inma Stadium (ملعب الإنماء),1,North,Home,21:10,6,18,Redirecting,0,0,33.3,70.6,34.7,11,22,12,8,Medium
KASC_2025_M15,AFC Qualifier,Saudi NT,Qatar NT,5,Derby/High,54212,52665,Inma Stadium (ملعب الإنماء),1,North,Home,21:15,6,18,Redirecting,0,0,33.3,70.6,34.7,10,23,14,4,High
KASC_2025_M15,AFC Qualifier,Saudi NT,Qatar NT,5,Derby/High,54212,52665,Inma Stadium (ملعب الإنماء),1,North,Home,21:20,6,18,Redirecting,0,0,33.3,70.6,34.7,9,4,3,4,Medium
KASC_2025_M15,AFC Qualifier,Saudi NT,Qatar NT,5,Derby/High,54212,52665,Inma Stadium (ملعب الإنماء),1,North,Home,21:25,6,18,Redirecting,0,0,33.3,70.6,34.7,17,25,9,4,High
KASC_2025_M15,AFC Qualifier,Saudi NT,Qatar NT,5,Derby/High,54212,52665,Inma Stadium (ملعب الإنماء),1,North,Home,21:30,6,18,Redirecting,0,0,33.3,70.6,34.7,13,13,6,4,Medium
KASC_2025_M15,AFC Qualifier,Saudi NT,Qatar NT,5,Derby/High,54212,52665,Inma Stadium (ملعب الإنماء),1,North,Home,21:35,6,18,Redirecting,0,0,33.3,70.6,34.7,14,14,6,1,High
KASC_2025_M15,AFC Qualifier,Saudi NT,Qatar NT,5,Derby/High,54212,52665,Inma Stadium (ملعب الإنماء),1,North,Home,21:40,6,18,Redirecting,0,0,33.3,70.6,34.7,15,15,6,6,Medium
KASC_2025_M15,AFC Qualifier,Saudi NT,Qatar NT,5,Derby/High,54212,52665,Inma Stadium (ملعب الإنماء),1,North,Home,21:45,6,18,Redirecting,0,0,33.3,70.6,34.7,12,2,1,0,High
KASC_2025_M15,AFC Qualifier,Saudi NT,Qatar NT,5,Derby/High,54212,52665,Inma Stadium (ملعب الإنماء),1,North,Home,21:50,6,18,Redirecting,0,0,33.3,70.6,34.7,11,1,1,3,Low
KASC_2025_M15,AFC Qualifier,Saudi NT,Qatar NT,5,Derby/High,54212,52665,Inma Stadium (ملعب الإنماء),1,North,Home,21:55,6,18,Redirecting,0,0,33.3,70.6,34.7,12,6,3,1,High
KASC_2025_M15,AFC Qualifier,Saudi NT,Qatar NT,5,Derby/High,54212,52665,Inma Stadium (ملعب الإنماء),1,North,Home,22:00,6,18,Redirecting,0,0,33.3,70.6,34.7,9,0,0,1,Low
KASC_2025_M15,AFC Qualifier,Saudi NT,Qatar NT,5,Derby/High,54212,52665,Inma Stadium (ملعب الإنماء),1,North,Home,22:05,6,18,Redirecting,0,0,33.3,70.6,34.7,11,5,3,0,High
KASC_2025_M15,AFC Qualifier,Saudi NT,Qatar NT,5,Derby/High,54212,52665,Inma Stadium (ملعب الإنماء),1,North,Home,22:10,6,18,Redirecting,0,0,33.3,70.6,34.7,12,0,0,1,Low
KASC_2025_M15,AFC Qualifier,Saudi NT,Qatar NT,5,Derby/High,54212,52665,Inma Stadium (ملعب الإنماء),1,North,Home,22:15,6,18,Redirecting,0,0,33.3,70.6,34.7,7,1,1,1,Medium
KASC_2025_M15,AFC Qualifier,Saudi NT,Qatar NT,5,Derby/High,54212,52665,Inma Stadium (ملعب الإنماء),1,North,Home,22:20,6,18,Redirecting,0,0,33.3,70.6,34.7,14,0,0,0,Medium
KASC_2025_M15,AFC Qualifier,Saudi NT,Qatar NT,5,Derby/High,54212,52665,Inma Stadium (ملعب الإنماء),1,North,Home,22:25,6,18,Redirecting,0,0,33.3,70.6,34.7,9,0,0,0,Medium
KASC_2025_M15,AFC Qualifier,Saudi NT,Qatar NT,5,Derby/High,54212,52665,Inma Stadium (ملعب الإنماء),1,North,Home,22:30,6,18,Redirecting,0,0,33.3,70.6,34.7,10,0,0,0,Medium
KASC_2025_M15,AFC Qualifier,Saudi NT,Qatar NT,5,Derby/High,54212,52665,Inma Stadium (ملعب الإنماء),1,North,Home,22:35,6,18,Redirecting,0,0,33.3,70.6,34.7,11,0,0,0,Medium
KASC_2025_M15,AFC Qualifier,Saudi NT,Qatar NT,5,Derby/High,54212,52665,Inma Stadium (ملعب الإنماء),1,North,Home,22:40,6,18,Redirecting,0,0,33.3,70.6,34.7,6,0,0,0,Medium
KASC_2025_M15,AFC Qualifier,Saudi NT,Qatar NT,5,Derby/High,54212,52665,Inma Stadium (ملعب الإنماء),1,North,Home,22:45,6,18,Redirecting,0,0,33.3,70.6,34.7,9,0,0,0,Medium
KASC_2025_M15,AFC Qualifier,Saudi NT,Qatar NT,5,Derby/High,54212,52665,Inma Stadium (ملعب الإنماء),1,North,Home,22:50,6,18,Redirecting,0,0,33.3,70.6,34.7,16,0,0,0,Medium
KASC_2025_M15,AFC Qualifier,Saudi NT,Qatar NT,5,Derby/High,54212,52665,Inma Stadium (ملعب الإنماء),1,North,Home,22:55,6,18,Redirecting,0,0,33.3,70.6,34.7,8,0,0,0,Medium
KASC_2025_M15,AFC Qualifier,Saudi NT,Qatar NT,5,Derby/High,54212,52665,Inma Stadium (ملعب الإنماء),1,North,Home,23:00,6,18,Redirecting,0,0,33.3,70.6,34.7,13,0,0,0,Medium
KASC_2025_M15,AFC Qualifier,Saudi NT,Qatar NT,5,Derby/High,54212,52665,Inma Stadium (ملعب الإنماء),1,North,Home,23:05,6,18,Redirecting,0,0,33.3,70.6,34.7,10,0,0,0,Medium
KASC_2025_M15,AFC Qualifier,Saudi NT,Qatar NT,5,Derby/High,54212,52665,Inma Stadium (ملعب الإنماء),1,North,Home,23:10,6,18,Redirecting,0,0,33.3,70.6,34.7,11,0,0,0,Medium
KASC_2025_M15,AFC Qualifier,Saudi NT,Qatar NT,5,Derby/High,54212,52665,Inma Stadium (ملعب الإنماء),1,North,Home,23:15,6,18,Redirecting,0,0,33.3,70.6,34.7,10,0,0,0,Medium
KASC_2025_M15,AFC Qualifier,Saudi NT,Qatar NT,5,Derby/High,54212,52665,Inma Stadium (ملعب الإنماء),1,North,Home,23:20,6,18,Redirecting,0,0,33.3,70.6,34.7,13,0,0,0,Medium
KASC_2025_M15,AFC Qualifier,Saudi NT,Qatar NT,5,Derby/High,54212,52665,Inma Stadium (ملعب الإنماء),1,North,Home,23:25,6,18,Redirecting,0,0,33.3,70.6,34.7,17,0,0,0,Medium
KASC_2025_M15,AFC Qualifier,Saudi NT,Qatar NT,5,Derby/High,54212,52665,Inma Stadium (ملعب الإنماء),1,North,Home,23:30,6,18,Redirecting,0,0,33.3,70.6,34.7,12,0,0,0,Medium
KASC_2025_M15,AFC Qualifier,Saudi NT,Qatar NT,5,Derby/High,54212,52665,Inma Stadium (ملعب الإنماء),1,North,Home,23:35,6,18,Redirecting,0,0,33.3,70.6,34.7,10,0,0,0,Medium
KASC_2025_M15,AFC Qualifier,Saudi NT,Qatar NT,5,Derby/High,54212,52665,Inma Stadium (ملعب الإنماء),1,North,Home,23:40,6,18,Redirecting,0,0,33.3,70.6,34.7,10,0,0,0,Medium
KASC_2025_M15,AFC Qualifier,Saudi NT,Qatar NT,5,Derby/High,54212,52665,Inma Stadium (ملعب الإنماء),1,North,Home,23:45,6,18,Redirecting,0,0,33.3,70.6,34.7,10,0,0,0,Medium
KASC_2025_M15,AFC Qualifier,Saudi NT,Qatar NT,5,Derby/High,54212,52665,Inma Stadium (ملعب الإنماء),1,North,Home,23:50,6,18,Redirecting,0,0,33.3,70.6,34.7,9,0,0,0,Medium
KASC_2025_M15,AFC Qualifier,Saudi NT,Qatar NT,5,Derby/High,54212,52665,Inma Stadium (ملعب الإنماء),1,North,Home,23:55,6,18,Redirecting,0,0,33.3,70.6,34.7,17,0,0,0,Medium
KASC_2025_M15,AFC Qualifier,Saudi NT,Qatar NT,5,Derby/High,54212,52665,Inma Stadium (ملعب الإنماء),2,North,Home,17:00,6,15,Normal,0,0,33.3,70.6,34.7,16,5,2,0,High
KASC_2025_M15,AFC Qualifier,Saudi NT,Qatar NT,5,Derby/High,54212,52665,Inma Stadium (ملعب الإنماء),2,North,Home,17:05,6,15,Normal,0,0,33.3,70.6,34.7,14,9,4,1,High
KASC_2025_M15,AFC Qualifier,Saudi NT,Qatar NT,5,Derby/High,54212,52665,Inma Stadium (ملعب الإنماء),2,North,Home,17:10,6,15,Normal,0,0,33.3,70.6,34.7,12,4,2,0,High
KASC_2025_M15,AFC Qualifier,Saudi NT,Qatar NT,5,Derby/High,54212,52665,Inma Stadium (ملعب الإنماء),2,North,Home,17:15,6,15,Normal,0,0,33.3,70.6,34.7,14,11,5,1,High
KASC_2025_M15,AFC Qualifier,Saudi NT,Qatar NT,5,Derby/High,54212,52665,Inma Stadium (ملعب الإنماء),2,North,Home,17:20,6,15,Normal,0,0,33.3,70.6,34.7,9,12,8,3,High
KASC_2025_M15,AFC Qualifier,Saudi NT,Qatar NT,5,Derby/High,54212,52665,Inma Stadium (ملعب الإنماء),2,North,Home,17:25,6,15,Normal,0,0,33.3,70.6,34.7,8,6,5,2,High
KASC_2025_M15,AFC Qualifier,Saudi NT,Qatar NT,5,Derby/High,54212,52665,Inma Stadium (ملعب الإنماء),2,North,Home,17:30,6,15,Normal,0,0,33.3,70.6,34.7,10,16,10,5,High
KASC_2025_M15,AFC Qualifier,Saudi NT,Qatar NT,5,Derby/High,54212,52665,Inma Stadium (ملعب الإنماء),2,North,Home,17:35,6,15,Normal,0,0,33.3,70.6,34.7,14,25,11,6,Medium
KASC_2025_M15,AFC Qualifier,Saudi NT,Qatar NT,5,Derby/High,54212,52665,Inma Stadium (ملعب الإنماء),2,North,Home,17:40,6,15,Normal,0,0,33.3,70.6,34.7,17,34,12,5,High
KASC_2025_M15,AFC Qualifier,Saudi NT,Qatar NT,5,Derby/High,54212,52665,Inma Stadium (ملعب الإنماء),2,North,Home,17:45,6,15,Normal,0,0,33.3,70.6,34.7,9,15,10,1,High
KASC_2025_M15,AFC Qualifier,Saudi NT,Qatar NT,5,Derby/High,54212,52665,Inma Stadium (ملعب الإنماء),2,North,Home,17:50,6,15,Normal,0,0,33.3,70.6,34.7,12,36,18,9,High
KASC_2025_M15,AFC Qualifier,Saudi NT,Qatar NT,5,Derby/High,54212,52665,Inma Stadium (ملعب الإنماء),2,North,Home,17:55,6,15,Normal,0,0,33.3,70.6,34.7,13,41,19,4,High
KASC_2025_M15,AFC Qualifier,Saudi NT,Qatar NT,5,Derby/High,54212,52665,Inma Stadium (ملعب الإنماء),2,North,Home,18:00,6,15,Normal,0,0,33.3,70.6,34.7,6,28,28,8,High
KASC_2025_M15,AFC Qualifier,Saudi NT,Qatar NT,5,Derby/High,54212,52665,Inma Stadium (ملعب الإنماء),2,North,Home,18:05,6,15,Normal,0,0,33.3,70.6,34.7,9,28,19,10,High
KASC_2025_M15,AFC Qualifier,Saudi NT,Qatar NT,5,Derby/High,54212,52665,Inma Stadium (ملعب الإنماء),2,North,Home,18:10,6,15,Normal,0,0,33.3,70.6,34.7,19,85,27,11,High
KASC_2025_M15,AFC Qualifier,Saudi NT,Qatar NT,5,Derby/High,54212,52665,Inma Stadium (ملعب الإنماء),2,North,Home,18:15,6,15,Normal,0,0,33.3,70.6,34.7,16,77,29,12,High
KASC_2025_M15,AFC Qualifier,Saudi NT,Qatar NT,5,Derby/High,54212,52665,Inma Stadium (ملعب الإنماء),2,North,Home,18:20,6,15,Normal,0,0,33.3,70.6,34.7,13,97,45,10,High
KASC_2025_M15,AFC Qualifier,Saudi NT,Qatar NT,5,Derby/High,54212,52665,Inma Stadium (ملعب الإنماء),2,North,Home,18:25,6,15,Normal,0,0,33.3,70.6,34.7,11,69,38,21,High
KASC_2025_M15,AFC Qualifier,Saudi NT,Qatar NT,5,Derby/High,54212,52665,Inma Stadium (ملعب الإنماء),2,North,Home,18:30,6,15,Normal,0,0,33.3,70.6,34.7,12,98,49,23,High
KASC_2025_M15,AFC Qualifier,Saudi NT,Qatar NT,5,Derby/High,54212,52665,Inma Stadium (ملعب الإنماء),2,North,Home,18:35,6,15,Normal,0,0,33.3,70.6,34.7,13,125,58,20,High
KASC_2025_M15,AFC Qualifier,Saudi NT,Qatar NT,5,Derby/High,54212,52665,Inma Stadium (ملعب الإنماء),2,North,Home,18:40,6,15,Normal,0,0,33.3,70.6,34.7,8,80,60,24,High
KASC_2025_M15,AFC Qualifier,Saudi NT,Qatar NT,5,Derby/High,54212,52665,Inma Stadium (ملعب الإنماء),2,North,Home,18:45,6,15,Normal,0,0,33.3,70.6,34.7,14,156,67,26,High
KASC_2025_M15,AFC Qualifier,Saudi NT,Qatar NT,5,Derby/High,54212,52665,Inma Stadium (ملعب الإنماء),2,North,Home,18:50,6,15,Normal,0,0,33.3,70.6,34.7,11,99,54,26,High
KASC_2025_M15,AFC Qualifier,Saudi NT,Qatar NT,5,Derby/High,54212,52665,Inma Stadium (ملعب الإنماء),2,North,Home,18:55,6,15,Normal,0,0,33.3,70.6,34.7,9,121,81,15,High
KASC_2025_M15,AFC Qualifier,Saudi NT,Qatar NT,5,Derby/High,54212,52665,Inma Stadium (ملعب الإنماء),2,North,Home,19:00,6,15,Normal,0,0,33.3,70.6,34.7,7,98,84,31,High
KASC_2025_M15,AFC Qualifier,Saudi NT,Qatar NT,5,Derby/High,54212,52665,Inma Stadium (ملعب الإنماء),2,North,Home,19:05,6,15,Normal,0,0,33.3,70.6,34.7,12,126,63,30,High
KASC_2025_M15,AFC Qualifier,Saudi NT,Qatar NT,5,Derby/High,54212,52665,Inma Stadium (ملعب الإنماء),2,North,Home,19:10,6,15,Normal,0,0,33.3,70.6,34.7,12,188,94,19,High
KASC_2025_M15,AFC Qualifier,Saudi NT,Qatar NT,5,Derby/High,54212,52665,Inma Stadium (ملعب الإنماء),2,North,Home,19:15,6,15,Normal,0,0,33.3,70.6,34.7,10,131,79,21,High
KASC_2025_M15,AFC Qualifier,Saudi NT,Qatar NT,5,Derby/High,54212,52665,Inma Stadium (ملعب الإنماء),2,North,Home,19:20,6,15,Normal,0,0,33.3,70.6,34.7,15,242,97,26,High
KASC_2025_M15,AFC Qualifier,Saudi NT,Qatar NT,5,Derby/High,54212,52665,Inma Stadium (ملعب الإنماء),2,North,Home,19:25,6,15,Normal,0,0,33.3,70.6,34.7,12,168,84,31,High
KASC_2025_M15,AFC Qualifier,Saudi NT,Qatar NT,5,Derby/High,54212,52665,Inma Stadium (ملعب الإنماء),2,North,Home,19:30,6,15,Normal,0,0,33.3,70.6,34.7,14,221,95,27,High
KASC_2025_M15,AFC Qualifier,Saudi NT,Qatar NT,5,Derby/High,54212,52665,Inma Stadium (ملعب الإنماء),2,North,Home,19:35,6,15,Normal,0,0,33.3,70.6,34.7,18,288,96,37,High
KASC_2025_M15,AFC Qualifier,Saudi NT,Qatar NT,5,Derby/High,54212,52665,Inma Stadium (ملعب الإنماء),2,North,Home,19:40,6,15,Normal,0,0,33.3,70.6,34.7,7,96,83,33,High
KASC_2025_M15,AFC Qualifier,Saudi NT,Qatar NT,5,Derby/High,54212,52665,Inma Stadium (ملعب الإنماء),2,North,Home,19:45,6,15,Normal,0,0,33.3,70.6,34.7,19,262,83,22,High
KASC_2025_M15,AFC Qualifier,Saudi NT,Qatar NT,5,Derby/High,54212,52665,Inma Stadium (ملعب الإنماء),2,North,Home,19:50,6,15,Normal,0,0,33.3,70.6,34.7,18,258,86,29,High
KASC_2025_M15,AFC Qualifier,Saudi NT,Qatar NT,5,Derby/High,54212,52665,Inma Stadium (ملعب الإنماء),2,North,Home,19:55,6,15,Normal,0,0,33.3,70.6,34.7,17,249,88,26,High
KASC_2025_M15,AFC Qualifier,Saudi NT,Qatar NT,5,Derby/High,54212,52665,Inma Stadium (ملعب الإنماء),2,North,Home,20:00,6,15,Normal,0,0,33.3,70.6,34.7,17,226,80,24,High
KASC_2025_M15,AFC Qualifier,Saudi NT,Qatar NT,5,Derby/High,54212,52665,Inma Stadium (ملعب الإنماء),2,North,Home,20:05,6,15,Normal,0,0,33.3,70.6,34.7,18,246,82,25,High
KASC_2025_M15,AFC Qualifier,Saudi NT,Qatar NT,5,Derby/High,54212,52665,Inma Stadium (ملعب الإنماء),2,North,Home,20:10,6,15,Normal,0,0,33.3,70.6,34.7,16,162,61,16,High
KASC_2025_M15,AFC Qualifier,Saudi NT,Qatar NT,5,Derby/High,54212,52665,Inma Stadium (ملعب الإنماء),2,North,Home,20:15,6,15,Normal,0,0,33.3,70.6,34.7,12,134,67,26,High
KASC_2025_M15,AFC Qualifier,Saudi NT,Qatar NT,5,Derby/High,54212,52665,Inma Stadium (ملعب الإنماء),2,North,Home,20:20,6,15,Normal,0,0,33.3,70.6,34.7,7,75,65,13,High
KASC_2025_M15,AFC Qualifier,Saudi NT,Qatar NT,5,Derby/High,54212,52665,Inma Stadium (ملعب الإنماء),2,North,Home,20:25,6,15,Normal,0,0,33.3,70.6,34.7,9,81,54,14,High
KASC_2025_M15,AFC Qualifier,Saudi NT,Qatar NT,5,Derby/High,54212,52665,Inma Stadium (ملعب الإنماء),2,North,Home,20:30,6,15,Normal,0,0,33.3,70.6,34.7,8,60,45,11,High
KASC_2025_M15,AFC Qualifier,Saudi NT,Qatar NT,5,Derby/High,54212,52665,Inma Stadium (ملعب الإنماء),2,North,Home,20:35,6,15,Normal,0,0,33.3,70.6,34.7,9,61,41,14,High
KASC_2025_M15,AFC Qualifier,Saudi NT,Qatar NT,5,Derby/High,54212,52665,Inma Stadium (ملعب الإنماء),2,North,Home,20:40,6,15,Normal,0,0,33.3,70.6,34.7,9,55,37,17,High
KASC_2025_M15,AFC Qualifier,Saudi NT,Qatar NT,5,Derby/High,54212,52665,Inma Stadium (ملعب الإنماء),2,North,Home,20:45,6,15,Normal,0,0,33.3,70.6,34.7,9,69,46,8,High
KASC_2025_M15,AFC Qualifier,Saudi NT,Qatar NT,5,Derby/High,54212,52665,Inma Stadium (ملعب الإنماء),2,North,Home,20:50,6,15,Normal,0,0,33.3,70.6,34.7,15,102,41,9,High
KASC_2025_M15,AFC Qualifier,Saudi NT,Qatar NT,5,Derby/High,54212,52665,Inma Stadium (ملعب الإنماء),2,North,Home,20:55,6,15,Normal,0,0,33.3,70.6,34.7,7,30,26,7,High
KASC_2025_M15,AFC Qualifier,Saudi NT,Qatar NT,5,Derby/High,54212,52665,Inma Stadium (ملعب الإنماء),2,North,Home,21:00,6,15,Normal,0,0,33.3,70.6,34.7,16,61,23,7,High
KASC_2025_M15,AFC Qualifier,Saudi NT,Qatar NT,5,Derby/High,54212,52665,Inma Stadium (ملعب الإنماء),2,North,Home,21:05,6,15,Normal,0,0,33.3,70.6,34.7,10,33,20,7,High
KASC_2025_M15,AFC Qualifier,Saudi NT,Qatar NT,5,Derby/High,54212,52665,Inma Stadium (ملعب الإنماء),2,North,Home,21:10,6,15,Normal,0,0,33.3,70.6,34.7,15,42,17,10,Medium
KASC_2025_M15,AFC Qualifier,Saudi NT,Qatar NT,5,Derby/High,54212,52665,Inma Stadium (ملعب الإنماء),2,North,Home,21:15,6,15,Normal,0,0,33.3,70.6,34.7,12,32,16,2,High
KASC_2025_M15,AFC Qualifier,Saudi NT,Qatar NT,5,Derby/High,54212,52665,Inma Stadium (ملعب الإنماء),2,North,Home,21:20,6,15,Normal,0,0,33.3,70.6,34.7,14,25,11,4,High
KASC_2025_M15,AFC Qualifier,Saudi NT,Qatar NT,5,Derby/High,54212,52665,Inma Stadium (ملعب الإنماء),2,North,Home,21:25,6,15,Normal,0,0,33.3,70.6,34.7,12,24,12,2,High
KASC_2025_M15,AFC Qualifier,Saudi NT,Qatar NT,5,Derby/High,54212,52665,Inma Stadium (ملعب الإنماء),2,North,Home,21:30,6,15,Normal,0,0,33.3,70.6,34.7,12,20,10,5,High
KASC_2025_M15,AFC Qualifier,Saudi NT,Qatar NT,5,Derby/High,54212,52665,Inma Stadium (ملعب الإنماء),2,North,Home,21:35,6,15,Normal,0,0,33.3,70.6,34.7,10,20,12,1,High
KASC_2025_M15,AFC Qualifier,Saudi NT,Qatar NT,5,Derby/High,54212,52665,Inma Stadium (ملعب الإنماء),2,North,Home,21:40,6,15,Normal,0,0,33.3,70.6,34.7,12,18,9,3,High
KASC_2025_M15,AFC Qualifier,Saudi NT,Qatar NT,5,Derby/High,54212,52665,Inma Stadium (ملعب الإنماء),2,North,Home,21:45,6,15,Normal,0,0,33.3,70.6,34.7,14,7,3,1,High
KASC_2025_M15,AFC Qualifier,Saudi NT,Qatar NT,5,Derby/High,54212,52665,Inma Stadium (ملعب الإنماء),2,North,Home,21:50,6,15,Normal,0,0,33.3,70.6,34.7,9,6,4,3,Medium
KASC_2025_M15,AFC Qualifier,Saudi NT,Qatar NT,5,Derby/High,54212,52665,Inma Stadium (ملعب الإنماء),2,North,Home,21:55,6,15,Normal,0,0,33.3,70.6,34.7,19,25,8,1,High
KASC_2025_M15,AFC Qualifier,Saudi NT,Qatar NT,5,Derby/High,54212,52665,Inma Stadium (ملعب الإنماء),2,North,Home,22:00,6,15,Normal,0,0,33.3,70.6,34.7,12,4,2,0,High
KASC_2025_M15,AFC Qualifier,Saudi NT,Qatar NT,5,Derby/High,54212,52665,Inma Stadium (ملعب الإنماء),2,North,Home,22:05,6,15,Normal,0,0,33.3,70.6,34.7,13,6,3,1,High
KASC_2025_M15,AFC Qualifier,Saudi NT,Qatar NT,5,Derby/High,54212,52665,Inma Stadium (ملعب الإنماء),2,North,Home,22:10,6,15,Normal,0,0,33.3,70.6,34.7,11,0,0,0,Medium
KASC_2025_M15,AFC Qualifier,Saudi NT,Qatar NT,5,Derby/High,54212,52665,Inma Stadium (ملعب الإنماء),2,North,Home,22:15,6,15,Normal,0,0,33.3,70.6,34.7,11,0,0,1,Low
KASC_2025_M15,AFC Qualifier,Saudi NT,Qatar NT,5,Derby/High,54212,52665,Inma Stadium (ملعب الإنماء),2,North,Home,22:20,6,15,Normal,0,0,33.3,70.6,34.7,11,1,1,1,Medium
KASC_2025_M15,AFC Qualifier,Saudi NT,Qatar NT,5,Derby/High,54212,52665,Inma Stadium (ملعب الإنماء),2,North,Home,22:25,6,15,Normal,0,0,33.3,70.6,34.7,10,1,1,0,High
KASC_2025_M15,AFC Qualifier,Saudi NT,Qatar NT,5,Derby/High,54212,52665,Inma Stadium (ملعب الإنماء),2,North,Home,22:30,6,15,Normal,0,0,33.3,70.6,34.7,11,1,1,0,High
KASC_2025_M15,AFC Qualifier,Saudi NT,Qatar NT,5,Derby/High,54212,52665,Inma Stadium (ملعب الإنماء),2,North,Home,22:35,6,15,Normal,0,0,33.3,70.6,34.7,13,0,0,0,Medium
KASC_2025_M15,AFC Qualifier,Saudi NT,Qatar NT,5,Derby/High,54212,52665,Inma Stadium (ملعب الإنماء),2,North,Home,22:40,6,15,Normal,0,0,33.3,70.6,34.7,11,0,0,0,Medium
KASC_2025_M15,AFC Qualifier,Saudi NT,Qatar NT,5,Derby/High,54212,52665,Inma Stadium (ملعب الإنماء),2,North,Home,22:45,6,15,Normal,0,0,33.3,70.6,34.7,8,0,0,0,Medium
KASC_2025_M15,AFC Qualifier,Saudi NT,Qatar NT,5,Derby/High,54212,52665,Inma Stadium (ملعب الإنماء),2,North,Home,22:50,6,15,Normal,0,0,33.3,70.6,34.7,14,0,0,0,Medium
KASC_2025_M15,AFC Qualifier,Saudi NT,Qatar NT,5,Derby/High,54212,52665,Inma Stadium (ملعب الإنماء),2,North,Home,22:55,6,15,Normal,0,0,33.3,70.6,34.7,10,0,0,0,Medium
KASC_2025_M15,AFC Qualifier,Saudi NT,Qatar NT,5,Derby/High,54212,52665,Inma Stadium (ملعب الإنماء),2,North,Home,23:00,6,15,Normal,0,0,33.3,70.6,34.7,9,0,0,0,Medium
KASC_2025_M15,AFC Qualifier,Saudi NT,Qatar NT,5,Derby/High,54212,52665,Inma Stadium (ملعب الإنماء),2,North,Home,23:05,6,15,Normal,0,0,33.3,70.6,34.7,10,0,0,0,Medium
KASC_2025_M15,AFC Qualifier,Saudi NT,Qatar NT,5,Derby/High,54212,52665,Inma Stadium (ملعب الإنماء),2,North,Home,23:10,6,15,Normal,0,0,33.3,70.6,34.7,11,0,0,0,Medium
KASC_2025_M15,AFC Qualifier,Saudi NT,Qatar NT,5,Derby/High,54212,52665,Inma Stadium (ملعب الإنماء),2,North,Home,23:15,6,15,Normal,0,0,33.3,70.6,34.7,12,0,0,0,Medium
KASC_2025_M15,AFC Qualifier,Saudi NT,Qatar NT,5,Derby/High,54212,52665,Inma Stadium (ملعب الإنماء),2,North,Home,23:20,6,15,Normal,0,0,33.3,70.6,34.7,12,0,0,0,Medium
KASC_2025_M15,AFC Qualifier,Saudi NT,Qatar NT,5,Derby/High,54212,52665,Inma Stadium (ملعب الإنماء),2,North,Home,23:25,6,15,Normal,0,0,33.3,70.6,34.7,11,0,0,0,Medium
KASC_2025_M15,AFC Qualifier,Saudi NT,Qatar NT,5,Derby/High,54212,52665,Inma Stadium (ملعب الإنماء),2,North,Home,23:30,6,15,Normal,0,0,33.3,70.6,34.7,14,0,0,0,Medium
KASC_2025_M15,AFC Qualifier,Saudi NT,Qatar NT,5,Derby/High,54212,52665,Inma Stadium (ملعب الإنماء),2,North,Home,23:35,6,15,Normal,0,0,33.3,70.6,34.7,14,0,0,0,Medium
KASC_2025_M15,AFC Qualifier,Saudi NT,Qatar NT,5,Derby/High,54212,52665,Inma Stadium (ملعب الإنماء),2,North,Home,23:40,6,15,Normal,0,0,33.3,70.6,34.7,11,0,0,0,Medium
KASC_2025_M15,AFC Qualifier,Saudi NT,Qatar NT,5,Derby/High,54212,52665,Inma Stadium (ملعب الإنماء),2,North,Home,23:45,6,15,Normal,0,0,33.3,70.6,34.7,16,0,0,0,Medium
KASC_2025_M15,AFC Qualifier,Saudi NT,Qatar NT,5,Derby/High,54212,52665,Inma Stadium (ملعب الإنماء),2,North,Home,23:50,6,15,Normal,0,0,33.3,70.6,34.7,7,0,0,0,Medium
KASC_2025_M15,AFC Qualifier,Saudi NT,Qatar NT,5,Derby/High,54212,52665,Inma Stadium (ملعب الإنماء),2,North,Home,23:55,6,15,Normal,0,0,33.3,70.6,34.7,9,0,0,0,Medium
KASC_2025_M15,AFC Qualifier,Saudi NT,Qatar NT,5,Derby/High,54212,52665,Inma Stadium (ملعب الإنماء),3,East,Home,17:00,8,10,Normal,0,0,33.3,70.6,34.7,15,7,4,0,High
KASC_2025_M15,AFC Qualifier,Saudi NT,Qatar NT,5,Derby/High,54212,52665,Inma Stadium (ملعب الإنماء),3,East,Home,17:05,8,10,Normal,0,0,33.3,70.6,34.7,9,4,4,2,Medium
KASC_2025_M15,AFC Qualifier,Saudi NT,Qatar NT,5,Derby/High,54212,52665,Inma Stadium (ملعب الإنماء),3,East,Home,17:10,8,10,Normal,0,0,33.3,70.6,34.7,11,6,5,2,Medium
KASC_2025_M15,AFC Qualifier,Saudi NT,Qatar NT,5,Derby/High,54212,52665,Inma Stadium (ملعب الإنماء),3,East,Home,17:15,8,10,Normal,0,0,33.3,70.6,34.7,6,3,4,3,Medium
KASC_2025_M15,AFC Qualifier,Saudi NT,Qatar NT,5,Derby/High,54212,52665,Inma Stadium (ملعب الإنماء),3,East,Home,17:20,8,10,Normal,0,0,33.3,70.6,34.7,12,9,6,0,High
KASC_2025_M15,AFC Qualifier,Saudi NT,Qatar NT,5,Derby/High,54212,52665,Inma Stadium (ملعب الإنماء),3,East,Home,17:25,8,10,Normal,0,0,33.3,70.6,34.7,11,17,13,2,High
KASC_2025_M15,AFC Qualifier,Saudi NT,Qatar NT,5,Derby/High,54212,52665,Inma Stadium (ملعب الإنماء),3,East,Home,17:30,8,10,Normal,0,0,33.3,70.6,34.7,11,17,13,3,High
KASC_2025_M15,AFC Qualifier,Saudi NT,Qatar NT,5,Derby/High,54212,52665,Inma Stadium (ملعب الإنماء),3,East,Home,17:35,8,10,Normal,0,0,33.3,70.6,34.7,7,11,13,1,High
KASC_2025_M15,AFC Qualifier,Saudi NT,Qatar NT,5,Derby/High,54212,52665,Inma Stadium (ملعب الإنماء),3,East,Home,17:40,8,10,Normal,0,0,33.3,70.6,34.7,13,34,21,4,High
KASC_2025_M15,AFC Qualifier,Saudi NT,Qatar NT,5,Derby/High,54212,52665,Inma Stadium (ملعب الإنماء),3,East,Home,17:45,8,10,Normal,0,0,33.3,70.6,34.7,16,48,24,4,High
KASC_2025_M15,AFC Qualifier,Saudi NT,Qatar NT,5,Derby/High,54212,52665,Inma Stadium (ملعب الإنماء),3,East,Home,17:50,8,10,Normal,0,0,33.3,70.6,34.7,14,49,28,5,High
KASC_2025_M15,AFC Qualifier,Saudi NT,Qatar NT,5,Derby/High,54212,52665,Inma Stadium (ملعب الإنماء),3,East,Home,17:55,8,10,Normal,0,0,33.3,70.6,34.7,7,22,26,3,High
KASC_2025_M15,AFC Qualifier,Saudi NT,Qatar NT,5,Derby/High,54212,52665,Inma Stadium (ملعب الإنماء),3,East,Home,18:00,8,10,Normal,0,0,33.3,70.6,34.7,18,76,34,8,High
KASC_2025_M15,AFC Qualifier,Saudi NT,Qatar NT,5,Derby/High,54212,52665,Inma Stadium (ملعب الإنماء),3,East,Home,18:05,8,10,Normal,0,0,33.3,70.6,34.7,12,54,36,13,High
KASC_2025_M15,AFC Qualifier,Saudi NT,Qatar NT,5,Derby/High,54212,52665,Inma Stadium (ملعب الإنماء),3,East,Home,18:10,8,10,Normal,0,0,33.3,70.6,34.7,8,49,49,12,High
KASC_2025_M15,AFC Qualifier,Saudi NT,Qatar NT,5,Derby/High,54212,52665,Inma Stadium (ملعب الإنماء),3,East,Home,18:15,8,10,Normal,0,0,33.3,70.6,34.7,17,102,48,11,High
KASC_2025_M15,AFC Qualifier,Saudi NT,Qatar NT,5,Derby/High,54212,52665,Inma Stadium (ملعب الإنماء),3,East,Home,18:20,8,10,Normal,0,0,33.3,70.6,34.7,8,54,54,14,High
KASC_2025_M15,AFC Qualifier,Saudi NT,Qatar NT,5,Derby/High,54212,52665,Inma Stadium (ملعب الإنماء),3,East,Home,18:25,8,10,Normal,0,0,33.3,70.6,34.7,13,97,60,20,High
KASC_2025_M15,AFC Qualifier,Saudi NT,Qatar NT,5,Derby/High,54212,52665,Inma Stadium (ملعب الإنماء),3,East,Home,18:30,8,10,Normal,0,0,33.3,70.6,34.7,11,104,76,18,High
KASC_2025_M15,AFC Qualifier,Saudi NT,Qatar NT,5,Derby/High,54212,52665,Inma Stadium (ملعب الإنماء),3,East,Home,18:35,8,10,Normal,0,0,33.3,70.6,34.7,6,48,64,16,High
KASC_2025_M15,AFC Qualifier,Saudi NT,Qatar NT,5,Derby/High,54212,52665,Inma Stadium (ملعب الإنماء),3,East,Home,18:40,8,10,Normal,0,0,33.3,70.6,34.7,9,78,70,31,Medium
KASC_2025_M15,AFC Qualifier,Saudi NT,Qatar NT,5,Derby/High,54212,52665,Inma Stadium (ملعب الإنماء),3,East,Home,18:45,8,10,Normal,0,0,33.3,70.6,34.7,11,115,84,40,Medium
KASC_2025_M15,AFC Qualifier,Saudi NT,Qatar NT,5,Derby/High,54212,52665,Inma Stadium (ملعب الإنماء),3,East,Home,18:50,8,10,Normal,0,0,33.3,70.6,34.7,12,121,81,27,High
KASC_2025_M15,AFC Qualifier,Saudi NT,Qatar NT,5,Derby/High,54212,52665,Inma Stadium (ملعب الإنماء),3,East,Home,18:55,8,10,Normal,0,0,33.3,70.6,34.7,13,185,114,33,High
KASC_2025_M15,AFC Qualifier,Saudi NT,Qatar NT,5,Derby/High,54212,52665,Inma Stadium (ملعب الإنماء),3,East,Home,19:00,8,10,Normal,0,0,33.3,70.6,34.7,10,151,121,32,High
KASC_2025_M15,AFC Qualifier,Saudi NT,Qatar NT,5,Derby/High,54212,52665,Inma Stadium (ملعب الإنماء),3,East,Home,19:05,8,10,Normal,0,0,33.3,70.6,34.7,8,96,96,30,High
KASC_2025_M15,AFC Qualifier,Saudi NT,Qatar NT,5,Derby/High,54212,52665,Inma Stadium (ملعب الإنماء),3,East,Home,19:10,8,10,Normal,0,0,33.3,70.6,34.7,13,156,96,36,High
KASC_2025_M15,AFC Qualifier,Saudi NT,Qatar NT,5,Derby/High,54212,52665,Inma Stadium (ملعب الإنماء),3,East,Home,19:15,8,10,Normal,0,0,33.3,70.6,34.7,6,75,100,29,High
KASC_2025_M15,AFC Qualifier,Saudi NT,Qatar NT,5,Derby/High,54212,52665,Inma Stadium (ملعب الإنماء),3,East,Home,19:20,8,10,Normal,0,0,33.3,70.6,34.7,10,135,108,36,High
KASC_2025_M15,AFC Qualifier,Saudi NT,Qatar NT,5,Derby/High,54212,52665,Inma Stadium (ملعب الإنماء),3,East,Home,19:25,8,10,Normal,0,0,33.3,70.6,34.7,7,109,125,28,High
KASC_2025_M15,AFC Qualifier,Saudi NT,Qatar NT,5,Derby/High,54212,52665,Inma Stadium (ملعب الإنماء),3,East,Home,19:30,8,10,Normal,0,0,33.3,70.6,34.7,11,189,138,24,High
KASC_2025_M15,AFC Qualifier,Saudi NT,Qatar NT,5,Derby/High,54212,52665,Inma Stadium (ملعب الإنماء),3,East,Home,19:35,8,10,Normal,0,0,33.3,70.6,34.7,10,145,116,32,High
KASC_2025_M15,AFC Qualifier,Saudi NT,Qatar NT,5,Derby/High,54212,52665,Inma Stadium (ملعب الإنماء),3,East,Home,19:40,8,10,Normal,0,0,33.3,70.6,34.7,14,196,112,32,High
KASC_2025_M15,AFC Qualifier,Saudi NT,Qatar NT,5,Derby/High,54212,52665,Inma Stadium (ملعب الإنماء),3,East,Home,19:45,8,10,Normal,0,0,33.3,70.6,34.7,10,122,98,34,High
KASC_2025_M15,AFC Qualifier,Saudi NT,Qatar NT,5,Derby/High,54212,52665,Inma Stadium (ملعب الإنماء),3,East,Home,19:50,8,10,Normal,0,0,33.3,70.6,34.7,12,162,108,31,High
KASC_2025_M15,AFC Qualifier,Saudi NT,Qatar NT,5,Derby/High,54212,52665,Inma Stadium (ملعب الإنماء),3,East,Home,19:55,8,10,Normal,0,0,33.3,70.6,34.7,8,113,113,35,High
KASC_2025_M15,AFC Qualifier,Saudi NT,Qatar NT,5,Derby/High,54212,52665,Inma Stadium (ملعب الإنماء),3,East,Home,20:00,8,10,Normal,0,0,33.3,70.6,34.7,11,167,122,19,High
KASC_2025_M15,AFC Qualifier,Saudi NT,Qatar NT,5,Derby/High,54212,52665,Inma Stadium (ملعب الإنماء),3,East,Home,20:05,8,10,Normal,0,0,33.3,70.6,34.7,11,126,92,25,High
KASC_2025_M15,AFC Qualifier,Saudi NT,Qatar NT,5,Derby/High,54212,52665,Inma Stadium (ملعب الإنماء),3,East,Home,20:10,8,10,Normal,0,0,33.3,70.6,34.7,16,176,88,31,High
KASC_2025_M15,AFC Qualifier,Saudi NT,Qatar NT,5,Derby/High,54212,52665,Inma Stadium (ملعب الإنماء),3,East,Home,20:15,8,10,Normal,0,0,33.3,70.6,34.7,17,206,97,36,High
KASC_2025_M15,AFC Qualifier,Saudi NT,Qatar NT,5,Derby/High,54212,52665,Inma Stadium (ملعب الإنماء),3,East,Home,20:20,8,10,Normal,0,0,33.3,70.6,34.7,7,59,68,15,High
KASC_2025_M15,AFC Qualifier,Saudi NT,Qatar NT,5,Derby/High,54212,52665,Inma Stadium (ملعب الإنماء),3,East,Home,20:25,8,10,Normal,0,0,33.3,70.6,34.7,13,123,76,21,High
KASC_2025_M15,AFC Qualifier,Saudi NT,Qatar NT,5,Derby/High,54212,52665,Inma Stadium (ملعب الإنماء),3,East,Home,20:30,8,10,Normal,0,0,33.3,70.6,34.7,13,125,77,23,High
KASC_2025_M15,AFC Qualifier,Saudi NT,Qatar NT,5,Derby/High,54212,52665,Inma Stadium (ملعب الإنماء),3,East,Home,20:35,8,10,Normal,0,0,33.3,70.6,34.7,13,73,45,11,High
KASC_2025_M15,AFC Qualifier,Saudi NT,Qatar NT,5,Derby/High,54212,52665,Inma Stadium (ملعب الإنماء),3,East,Home,20:40,8,10,Normal,0,0,33.3,70.6,34.7,9,45,40,13,High
KASC_2025_M15,AFC Qualifier,Saudi NT,Qatar NT,5,Derby/High,54212,52665,Inma Stadium (ملعب الإنماء),3,East,Home,20:45,8,10,Normal,0,0,33.3,70.6,34.7,12,78,52,14,High
KASC_2025_M15,AFC Qualifier,Saudi NT,Qatar NT,5,Derby/High,54212,52665,Inma Stadium (ملعب الإنماء),3,East,Home,20:50,8,10,Normal,0,0,33.3,70.6,34.7,8,37,37,22,Medium
KASC_2025_M15,AFC Qualifier,Saudi NT,Qatar NT,5,Derby/High,54212,52665,Inma Stadium (ملعب الإنماء),3,East,Home,20:55,8,10,Normal,0,0,33.3,70.6,34.7,13,71,44,13,High
KASC_2025_M15,AFC Qualifier,Saudi NT,Qatar NT,5,Derby/High,54212,52665,Inma Stadium (ملعب الإنماء),3,East,Home,21:00,8,10,Normal,0,0,33.3,70.6,34.7,12,55,37,8,High
KASC_2025_M15,AFC Qualifier,Saudi NT,Qatar NT,5,Derby/High,54212,52665,Inma Stadium (ملعب الإنماء),3,East,Home,21:05,8,10,Normal,0,0,33.3,70.6,34.7,11,24,18,5,High
KASC_2025_M15,AFC Qualifier,Saudi NT,Qatar NT,5,Derby/High,54212,52665,Inma Stadium (ملعب الإنماء),3,East,Home,21:10,8,10,Normal,0,0,33.3,70.6,34.7,11,39,29,1,High
KASC_2025_M15,AFC Qualifier,Saudi NT,Qatar NT,5,Derby/High,54212,52665,Inma Stadium (ملعب الإنماء),3,East,Home,21:15,8,10,Normal,0,0,33.3,70.6,34.7,13,40,25,4,High
KASC_2025_M15,AFC Qualifier,Saudi NT,Qatar NT,5,Derby/High,54212,52665,Inma Stadium (ملعب الإنماء),3,East,Home,21:20,8,10,Normal,0,0,33.3,70.6,34.7,11,16,12,3,High
KASC_2025_M15,AFC Qualifier,Saudi NT,Qatar NT,5,Derby/High,54212,52665,Inma Stadium (ملعب الإنماء),3,East,Home,21:25,8,10,Normal,0,0,33.3,70.6,34.7,11,19,14,5,High
KASC_2025_M15,AFC Qualifier,Saudi NT,Qatar NT,5,Derby/High,54212,52665,Inma Stadium (ملعب الإنماء),3,East,Home,21:30,8,10,Normal,0,0,33.3,70.6,34.7,18,20,9,0,High
KASC_2025_M15,AFC Qualifier,Saudi NT,Qatar NT,5,Derby/High,54212,52665,Inma Stadium (ملعب الإنماء),3,East,Home,21:35,8,10,Normal,0,0,33.3,70.6,34.7,10,12,10,1,High
KASC_2025_M15,AFC Qualifier,Saudi NT,Qatar NT,5,Derby/High,54212,52665,Inma Stadium (ملعب الإنماء),3,East,Home,21:40,8,10,Normal,0,0,33.3,70.6,34.7,10,10,8,1,High
KASC_2025_M15,AFC Qualifier,Saudi NT,Qatar NT,5,Derby/High,54212,52665,Inma Stadium (ملعب الإنماء),3,East,Home,21:45,8,10,Normal,0,0,33.3,70.6,34.7,13,13,8,1,High
KASC_2025_M15,AFC Qualifier,Saudi NT,Qatar NT,5,Derby/High,54212,52665,Inma Stadium (ملعب الإنماء),3,East,Home,21:50,8,10,Normal,0,0,33.3,70.6,34.7,14,14,8,1,High
KASC_2025_M15,AFC Qualifier,Saudi NT,Qatar NT,5,Derby/High,54212,52665,Inma Stadium (ملعب الإنماء),3,East,Home,21:55,8,10,Normal,0,0,33.3,70.6,34.7,9,6,6,0,High
KASC_2025_M15,AFC Qualifier,Saudi NT,Qatar NT,5,Derby/High,54212,52665,Inma Stadium (ملعب الإنماء),3,East,Home,22:00,8,10,Normal,0,0,33.3,70.6,34.7,12,7,5,0,High
KASC_2025_M15,AFC Qualifier,Saudi NT,Qatar NT,5,Derby/High,54212,52665,Inma Stadium (ملعب الإنماء),3,East,Home,22:05,8,10,Normal,0,0,33.3,70.6,34.7,10,2,2,2,Low
KASC_2025_M15,AFC Qualifier,Saudi NT,Qatar NT,5,Derby/High,54212,52665,Inma Stadium (ملعب الإنماء),3,East,Home,22:10,8,10,Normal,0,0,33.3,70.6,34.7,14,0,0,1,Low
KASC_2025_M15,AFC Qualifier,Saudi NT,Qatar NT,5,Derby/High,54212,52665,Inma Stadium (ملعب الإنماء),3,East,Home,22:15,8,10,Normal,0,0,33.3,70.6,34.7,10,0,0,0,Low
KASC_2025_M15,AFC Qualifier,Saudi NT,Qatar NT,5,Derby/High,54212,52665,Inma Stadium (ملعب الإنماء),3,East,Home,22:20,8,10,Normal,0,0,33.3,70.6,34.7,12,1,1,0,Medium
KASC_2025_M15,AFC Qualifier,Saudi NT,Qatar NT,5,Derby/High,54212,52665,Inma Stadium (ملعب الإنماء),3,East,Home,22:25,8,10,Normal,0,0,33.3,70.6,34.7,13,1,1,0,Medium
KASC_2025_M15,AFC Qualifier,Saudi NT,Qatar NT,5,Derby/High,54212,52665,Inma Stadium (ملعب الإنماء),3,East,Home,22:30,8,10,Normal,0,0,33.3,70.6,34.7,13,0,0,0,Low
KASC_2025_M15,AFC Qualifier,Saudi NT,Qatar NT,5,Derby/High,54212,52665,Inma Stadium (ملعب الإنماء),3,East,Home,22:35,8,10,Normal,0,0,33.3,70.6,34.7,12,0,0,0,Low
KASC_2025_M15,AFC Qualifier,Saudi NT,Qatar NT,5,Derby/High,54212,52665,Inma Stadium (ملعب الإنماء),3,East,Home,22:40,8,10,Normal,0,0,33.3,70.6,34.7,17,0,0,0,Low
KASC_2025_M15,AFC Qualifier,Saudi NT,Qatar NT,5,Derby/High,54212,52665,Inma Stadium (ملعب الإنماء),3,East,Home,22:45,8,10,Normal,0,0,33.3,70.6,34.7,6,0,0,0,Low
KASC_2025_M15,AFC Qualifier,Saudi NT,Qatar NT,5,Derby/High,54212,52665,Inma Stadium (ملعب الإنماء),3,East,Home,22:50,8,10,Normal,0,0,33.3,70.6,34.7,17,0,0,0,Low
KASC_2025_M15,AFC Qualifier,Saudi NT,Qatar NT,5,Derby/High,54212,52665,Inma Stadium (ملعب الإنماء),3,East,Home,22:55,8,10,Normal,0,0,33.3,70.6,34.7,11,0,0,0,Low
KASC_2025_M15,AFC Qualifier,Saudi NT,Qatar NT,5,Derby/High,54212,52665,Inma Stadium (ملعب الإنماء),3,East,Home,23:00,8,10,Normal,0,0,33.3,70.6,34.7,16,0,0,0,Low
KASC_2025_M15,AFC Qualifier,Saudi NT,Qatar NT,5,Derby/High,54212,52665,Inma Stadium (ملعب الإنماء),3,East,Home,23:05,8,10,Normal,0,0,33.3,70.6,34.7,6,0,0,0,Low
KASC_2025_M15,AFC Qualifier,Saudi NT,Qatar NT,5,Derby/High,54212,52665,Inma Stadium (ملعب الإنماء),3,East,Home,23:10,8,10,Normal,0,0,33.3,70.6,34.7,8,0,0,0,Low
KASC_2025_M15,AFC Qualifier,Saudi NT,Qatar NT,5,Derby/High,54212,52665,Inma Stadium (ملعب الإنماء),3,East,Home,23:15,8,10,Normal,0,0,33.3,70.6,34.7,9,0,0,0,Low
KASC_2025_M15,AFC Qualifier,Saudi NT,Qatar NT,5,Derby/High,54212,52665,Inma Stadium (ملعب الإنماء),3,East,Home,23:20,8,10,Normal,0,0,33.3,70.6,34.7,12,0,0,0,Low
KASC_2025_M15,AFC Qualifier,Saudi NT,Qatar NT,5,Derby/High,54212,52665,Inma Stadium (ملعب الإنماء),3,East,Home,23:25,8,10,Normal,0,0,33.3,70.6,34.7,9,0,0,0,Low
KASC_2025_M15,AFC Qualifier,Saudi NT,Qatar NT,5,Derby/High,54212,52665,Inma Stadium (ملعب الإنماء),3,East,Home,23:30,8,10,Normal,0,0,33.3,70.6,34.7,16,0,0,0,Low
KASC_2025_M15,AFC Qualifier,Saudi NT,Qatar NT,5,Derby/High,54212,52665,Inma Stadium (ملعب الإنماء),3,East,Home,23:35,8,10,Normal,0,0,33.3,70.6,34.7,9,0,0,0,Low
KASC_2025_M15,AFC Qualifier,Saudi NT,Qatar NT,5,Derby/High,54212,52665,Inma Stadium (ملعب الإنماء),3,East,Home,23:40,8,10,Normal,0,0,33.3,70.6,34.7,10,0,0,0,Low
KASC_2025_M15,AFC Qualifier,Saudi NT,Qatar NT,5,Derby/High,54212,52665,Inma Stadium (ملعب الإنماء),3,East,Home,23:45,8,10,Normal,0,0,33.3,70.6,34.7,10,0,0,0,Low
KASC_2025_M15,AFC Qualifier,Saudi NT,Qatar NT,5,Derby/High,54212,52665,Inma Stadium (ملعب الإنماء),3,East,Home,23:50,8,10,Normal,0,0,33.3,70.6,34.7,10,0,0,0,Low
KASC_2025_M15,AFC Qualifier,Saudi NT,Qatar NT,5,Derby/High,54212,52665,Inma Stadium (ملعب الإنماء),3,East,Home,23:55,8,10,Normal,0,0,33.3,70.6,34.7,11,0,0,0,Low
KASC_2025_M15,AFC Qualifier,Saudi NT,Qatar NT,5,Derby/High,54212,52665,Inma Stadium (ملعب الإنماء),4,East,Home,17:00,8,17,Redirecting,0,0,33.3,70.6,34.7,10,2,2,0,High
KASC_2025_M15,AFC Qualifier,Saudi NT,Qatar NT,5,Derby/High,54212,52665,Inma Stadium (ملعب الإنماء),4,East,Home,17:05,8,17,Redirecting,0,0,33.3,70.6,34.7,15,3,2,0,High
KASC_2025_M15,AFC Qualifier,Saudi NT,Qatar NT,5,Derby/High,54212,52665,Inma Stadium (ملعب الإنماء),4,East,Home,17:10,8,17,Redirecting,0,0,33.3,70.6,34.7,10,2,2,0,High
KASC_2025_M15,AFC Qualifier,Saudi NT,Qatar NT,5,Derby/High,54212,52665,Inma Stadium (ملعب الإنماء),4,East,Home,17:15,8,17,Redirecting,0,0,33.3,70.6,34.7,7,3,4,2,Medium
KASC_2025_M15,AFC Qualifier,Saudi NT,Qatar NT,5,Derby/High,54212,52665,Inma Stadium (ملعب الإنماء),4,East,Home,17:20,8,17,Redirecting,0,0,33.3,70.6,34.7,11,5,4,2,Medium
KASC_2025_M15,AFC Qualifier,Saudi NT,Qatar NT,5,Derby/High,54212,52665,Inma Stadium (ملعب الإنماء),4,East,Home,17:25,8,17,Redirecting,0,0,33.3,70.6,34.7,7,6,7,0,High
KASC_2025_M15,AFC Qualifier,Saudi NT,Qatar NT,5,Derby/High,54212,52665,Inma Stadium (ملعب الإنماء),4,East,Home,17:30,8,17,Redirecting,0,0,33.3,70.6,34.7,10,15,12,3,High
KASC_2025_M15,AFC Qualifier,Saudi NT,Qatar NT,5,Derby/High,54212,52665,Inma Stadium (ملعب الإنماء),4,East,Home,17:35,8,17,Redirecting,0,0,33.3,70.6,34.7,11,13,10,3,High
KASC_2025_M15,AFC Qualifier,Saudi NT,Qatar NT,5,Derby/High,54212,52665,Inma Stadium (ملعب الإنماء),4,East,Home,17:40,8,17,Redirecting,0,0,33.3,70.6,34.7,8,13,13,2,High
KASC_2025_M15,AFC Qualifier,Saudi NT,Qatar NT,5,Derby/High,54212,52665,Inma Stadium (ملعب الإنماء),4,East,Home,17:45,8,17,Redirecting,0,0,33.3,70.6,34.7,12,15,10,5,Medium
KASC_2025_M15,AFC Qualifier,Saudi NT,Qatar NT,5,Derby/High,54212,52665,Inma Stadium (ملعب الإنماء),4,East,Home,17:50,8,17,Redirecting,0,0,33.3,70.6,34.7,13,42,26,6,High
KASC_2025_M15,AFC Qualifier,Saudi NT,Qatar NT,5,Derby/High,54212,52665,Inma Stadium (ملعب الإنماء),4,East,Home,17:55,8,17,Redirecting,0,0,33.3,70.6,34.7,15,50,27,9,High
KASC_2025_M15,AFC Qualifier,Saudi NT,Qatar NT,5,Derby/High,54212,52665,Inma Stadium (ملعب الإنماء),4,East,Home,18:00,8,17,Redirecting,0,0,33.3,70.6,34.7,16,50,25,8,High
KASC_2025_M15,AFC Qualifier,Saudi NT,Qatar NT,5,Derby/High,54212,52665,Inma Stadium (ملعب الإنماء),4,East,Home,18:05,8,17,Redirecting,0,0,33.3,70.6,34.7,8,25,25,11,High
KASC_2025_M15,AFC Qualifier,Saudi NT,Qatar NT,5,Derby/High,54212,52665,Inma Stadium (ملعب الإنماء),4,East,Home,18:10,8,17,Redirecting,0,0,33.3,70.6,34.7,9,36,32,14,High
KASC_2025_M15,AFC Qualifier,Saudi NT,Qatar NT,5,Derby/High,54212,52665,Inma Stadium (ملعب الإنماء),4,East,Home,18:15,8,17,Redirecting,0,0,33.3,70.6,34.7,14,68,39,12,High
KASC_2025_M15,AFC Qualifier,Saudi NT,Qatar NT,5,Derby/High,54212,52665,Inma Stadium (ملعب الإنماء),4,East,Home,18:20,8,17,Redirecting,0,0,33.3,70.6,34.7,8,39,39,19,High
KASC_2025_M15,AFC Qualifier,Saudi NT,Qatar NT,5,Derby/High,54212,52665,Inma Stadium (ملعب الإنماء),4,East,Home,18:25,8,17,Redirecting,0,0,33.3,70.6,34.7,11,60,44,13,High
KASC_2025_M15,AFC Qualifier,Saudi NT,Qatar NT,5,Derby/High,54212,52665,Inma Stadium (ملعب الإنماء),4,East,Home,18:30,8,17,Redirecting,0,0,33.3,70.6,34.7,12,93,62,19,High
KASC_2025_M15,AFC Qualifier,Saudi NT,Qatar NT,5,Derby/High,54212,52665,Inma Stadium (ملعب الإنماء),4,East,Home,18:35,8,17,Redirecting,0,0,33.3,70.6,34.7,15,120,64,17,High
KASC_2025_M15,AFC Qualifier,Saudi NT,Qatar NT,5,Derby/High,54212,52665,Inma Stadium (ملعب الإنماء),4,East,Home,18:40,8,17,Redirecting,0,0,33.3,70.6,34.7,11,93,68,34,High
KASC_2025_M15,AFC Qualifier,Saudi NT,Qatar NT,5,Derby/High,54212,52665,Inma Stadium (ملعب الإنماء),4,East,Home,18:45,8,17,Redirecting,0,0,33.3,70.6,34.7,9,84,75,25,High
KASC_2025_M15,AFC Qualifier,Saudi NT,Qatar NT,5,Derby/High,54212,52665,Inma Stadium (ملعب الإنماء),4,East,Home,18:50,8,17,Redirecting,0,0,33.3,70.6,34.7,7,66,76,25,High
KASC_2025_M15,AFC Qualifier,Saudi NT,Qatar NT,5,Derby/High,54212,52665,Inma Stadium (ملعب الإنماء),4,East,Home,18:55,8,17,Redirecting,0,0,33.3,70.6,34.7,7,65,75,26,High
KASC_2025_M15,AFC Qualifier,Saudi NT,Qatar NT,5,Derby/High,54212,52665,Inma Stadium (ملعب الإنماء),4,East,Home,19:00,8,17,Redirecting,0,0,33.3,70.6,34.7,10,127,102,21,High
KASC_2025_M15,AFC Qualifier,Saudi NT,Qatar NT,5,Derby/High,54212,52665,Inma Stadium (ملعب الإنماء),4,East,Home,19:05,8,17,Redirecting,0,0,33.3,70.6,34.7,9,117,104,33,High
KASC_2025_M15,AFC Qualifier,Saudi NT,Qatar NT,5,Derby/High,54212,52665,Inma Stadium (ملعب الإنماء),4,East,Home,19:10,8,17,Redirecting,0,0,33.3,70.6,34.7,13,185,114,27,High
KASC_2025_M15,AFC Qualifier,Saudi NT,Qatar NT,5,Derby/High,54212,52665,Inma Stadium (ملعب الإنماء),4,East,Home,19:15,8,17,Redirecting,0,0,33.3,70.6,34.7,15,195,104,32,High
KASC_2025_M15,AFC Qualifier,Saudi NT,Qatar NT,5,Derby/High,54212,52665,Inma Stadium (ملعب الإنماء),4,East,Home,19:20,8,17,Redirecting,0,0,33.3,70.6,34.7,12,138,92,28,High
KASC_2025_M15,AFC Qualifier,Saudi NT,Qatar NT,5,Derby/High,54212,52665,Inma Stadium (ملعب الإنماء),4,East,Home,19:25,8,17,Redirecting,0,0,33.3,70.6,34.7,13,175,108,29,High
KASC_2025_M15,AFC Qualifier,Saudi NT,Qatar NT,5,Derby/High,54212,52665,Inma Stadium (ملعب الإنماء),4,East,Home,19:30,8,17,Redirecting,0,0,33.3,70.6,34.7,8,90,90,26,High
KASC_2025_M15,AFC Qualifier,Saudi NT,Qatar NT,5,Derby/High,54212,52665,Inma Stadium (ملعب الإنماء),4,East,Home,19:35,8,17,Redirecting,0,0,33.3,70.6,34.7,16,172,86,24,High
KASC_2025_M15,AFC Qualifier,Saudi NT,Qatar NT,5,Derby/High,54212,52665,Inma Stadium (ملعب الإنماء),4,East,Home,19:40,8,17,Redirecting,0,0,33.3,70.6,34.7,9,141,126,40,High
KASC_2025_M15,AFC Qualifier,Saudi NT,Qatar NT,5,Derby/High,54212,52665,Inma Stadium (ملعب الإنماء),4,East,Home,19:45,8,17,Redirecting,0,0,33.3,70.6,34.7,17,210,99,32,High
KASC_2025_M15,AFC Qualifier,Saudi NT,Qatar NT,5,Derby/High,54212,52665,Inma Stadium (ملعب الإنماء),4,East,Home,19:50,8,17,Redirecting,0,0,33.3,70.6,34.7,9,121,108,23,High
KASC_2025_M15,AFC Qualifier,Saudi NT,Qatar NT,5,Derby/High,54212,52665,Inma Stadium (ملعب الإنماء),4,East,Home,19:55,8,17,Redirecting,0,0,33.3,70.6,34.7,10,106,85,26,High
KASC_2025_M15,AFC Qualifier,Saudi NT,Qatar NT,5,Derby/High,54212,52665,Inma Stadium (ملعب الإنماء),4,East,Home,20:00,8,17,Redirecting,0,0,33.3,70.6,34.7,13,139,86,32,High
KASC_2025_M15,AFC Qualifier,Saudi NT,Qatar NT,5,Derby/High,54212,52665,Inma Stadium (ملعب الإنماء),4,East,Home,20:05,8,17,Redirecting,0,0,33.3,70.6,34.7,15,176,94,26,High
KASC_2025_M15,AFC Qualifier,Saudi NT,Qatar NT,5,Derby/High,54212,52665,Inma Stadium (ملعب الإنماء),4,East,Home,20:10,8,17,Redirecting,0,0,33.3,70.6,34.7,6,63,84,22,High
KASC_2025_M15,AFC Qualifier,Saudi NT,Qatar NT,5,Derby/High,54212,52665,Inma Stadium (ملعب الإنماء),4,East,Home,20:15,8,17,Redirecting,0,0,33.3,70.6,34.7,10,98,79,18,High
KASC_2025_M15,AFC Qualifier,Saudi NT,Qatar NT,5,Derby/High,54212,52665,Inma Stadium (ملعب الإنماء),4,East,Home,20:20,8,17,Redirecting,0,0,33.3,70.6,34.7,15,135,72,21,High
KASC_2025_M15,AFC Qualifier,Saudi NT,Qatar NT,5,Derby/High,54212,52665,Inma Stadium (ملعب الإنماء),4,East,Home,20:25,8,17,Redirecting,0,0,33.3,70.6,34.7,10,98,79,14,High
KASC_2025_M15,AFC Qualifier,Saudi NT,Qatar NT,5,Derby/High,54212,52665,Inma Stadium (ملعب الإنماء),4,East,Home,20:30,8,17,Redirecting,0,0,33.3,70.6,34.7,8,74,74,10,High
KASC_2025_M15,AFC Qualifier,Saudi NT,Qatar NT,5,Derby/High,54212,52665,Inma Stadium (ملعب الإنماء),4,East,Home,20:35,8,17,Redirecting,0,0,33.3,70.6,34.7,10,70,56,13,High
KASC_2025_M15,AFC Qualifier,Saudi NT,Qatar NT,5,Derby/High,54212,52665,Inma Stadium (ملعب الإنماء),4,East,Home,20:40,8,17,Redirecting,0,0,33.3,70.6,34.7,12,76,51,8,High
KASC_2025_M15,AFC Qualifier,Saudi NT,Qatar NT,5,Derby/High,54212,52665,Inma Stadium (ملعب الإنماء),4,East,Home,20:45,8,17,Redirecting,0,0,33.3,70.6,34.7,16,74,37,10,High
KASC_2025_M15,AFC Qualifier,Saudi NT,Qatar NT,5,Derby/High,54212,52665,Inma Stadium (ملعب الإنماء),4,East,Home,20:50,8,17,Redirecting,0,0,33.3,70.6,34.7,9,56,50,17,High
KASC_2025_M15,AFC Qualifier,Saudi NT,Qatar NT,5,Derby/High,54212,52665,Inma Stadium (ملعب الإنماء),4,East,Home,20:55,8,17,Redirecting,0,0,33.3,70.6,34.7,11,39,29,7,High
KASC_2025_M15,AFC Qualifier,Saudi NT,Qatar NT,5,Derby/High,54212,52665,Inma Stadium (ملعب الإنماء),4,East,Home,21:00,8,17,Redirecting,0,0,33.3,70.6,34.7,11,26,19,6,High
KASC_2025_M15,AFC Qualifier,Saudi NT,Qatar NT,5,Derby/High,54212,52665,Inma Stadium (ملعب الإنماء),4,East,Home,21:05,8,17,Redirecting,0,0,33.3,70.6,34.7,14,43,25,8,High
KASC_2025_M15,AFC Qualifier,Saudi NT,Qatar NT,5,Derby/High,54212,52665,Inma Stadium (ملعب الإنماء),4,East,Home,21:10,8,17,Redirecting,0,0,33.3,70.6,34.7,12,22,15,5,High
KASC_2025_M15,AFC Qualifier,Saudi NT,Qatar NT,5,Derby/High,54212,52665,Inma Stadium (ملعب الإنماء),4,East,Home,21:15,8,17,Redirecting,0,0,33.3,70.6,34.7,16,36,18,4,High
KASC_2025_M15,AFC Qualifier,Saudi NT,Qatar NT,5,Derby/High,54212,52665,Inma Stadium (ملعب الإنماء),4,East,Home,21:20,8,17,Redirecting,0,0,33.3,70.6,34.7,9,22,20,7,High
KASC_2025_M15,AFC Qualifier,Saudi NT,Qatar NT,5,Derby/High,54212,52665,Inma Stadium (ملعب الإنماء),4,East,Home,21:25,8,17,Redirecting,0,0,33.3,70.6,34.7,9,10,9,8,Medium
KASC_2025_M15,AFC Qualifier,Saudi NT,Qatar NT,5,Derby/High,54212,52665,Inma Stadium (ملعب الإنماء),4,East,Home,21:30,8,17,Redirecting,0,0,33.3,70.6,34.7,16,8,4,4,Medium
KASC_2025_M15,AFC Qualifier,Saudi NT,Qatar NT,5,Derby/High,54212,52665,Inma Stadium (ملعب الإنماء),4,East,Home,21:35,8,17,Redirecting,0,0,33.3,70.6,34.7,11,9,7,2,High
KASC_2025_M15,AFC Qualifier,Saudi NT,Qatar NT,5,Derby/High,54212,52665,Inma Stadium (ملعب الإنماء),4,East,Home,21:40,8,17,Redirecting,0,0,33.3,70.6,34.7,9,4,4,3,Medium
KASC_2025_M15,AFC Qualifier,Saudi NT,Qatar NT,5,Derby/High,54212,52665,Inma Stadium (ملعب الإنماء),4,East,Home,21:45,8,17,Redirecting,0,0,33.3,70.6,34.7,12,10,7,2,High
KASC_2025_M15,AFC Qualifier,Saudi NT,Qatar NT,5,Derby/High,54212,52665,Inma Stadium (ملعب الإنماء),4,East,Home,21:50,8,17,Redirecting,0,0,33.3,70.6,34.7,15,1,1,0,High
KASC_2025_M15,AFC Qualifier,Saudi NT,Qatar NT,5,Derby/High,54212,52665,Inma Stadium (ملعب الإنماء),4,East,Home,21:55,8,17,Redirecting,0,0,33.3,70.6,34.7,13,0,0,0,Medium
KASC_2025_M15,AFC Qualifier,Saudi NT,Qatar NT,5,Derby/High,54212,52665,Inma Stadium (ملعب الإنماء),4,East,Home,22:00,8,17,Redirecting,0,0,33.3,70.6,34.7,10,1,1,1,Medium
KASC_2025_M15,AFC Qualifier,Saudi NT,Qatar NT,5,Derby/High,54212,52665,Inma Stadium (ملعب الإنماء),4,East,Home,22:05,8,17,Redirecting,0,0,33.3,70.6,34.7,15,5,3,0,High
KASC_2025_M15,AFC Qualifier,Saudi NT,Qatar NT,5,Derby/High,54212,52665,Inma Stadium (ملعب الإنماء),4,East,Home,22:10,8,17,Redirecting,0,0,33.3,70.6,34.7,11,0,0,0,Medium
KASC_2025_M15,AFC Qualifier,Saudi NT,Qatar NT,5,Derby/High,54212,52665,Inma Stadium (ملعب الإنماء),4,East,Home,22:15,8,17,Redirecting,0,0,33.3,70.6,34.7,15,3,2,0,High
KASC_2025_M15,AFC Qualifier,Saudi NT,Qatar NT,5,Derby/High,54212,52665,Inma Stadium (ملعب الإنماء),4,East,Home,22:20,8,17,Redirecting,0,0,33.3,70.6,34.7,13,0,0,0,Medium
KASC_2025_M15,AFC Qualifier,Saudi NT,Qatar NT,5,Derby/High,54212,52665,Inma Stadium (ملعب الإنماء),4,East,Home,22:25,8,17,Redirecting,0,0,33.3,70.6,34.7,9,1,1,0,High
KASC_2025_M15,AFC Qualifier,Saudi NT,Qatar NT,5,Derby/High,54212,52665,Inma Stadium (ملعب الإنماء),4,East,Home,22:30,8,17,Redirecting,0,0,33.3,70.6,34.7,14,0,0,0,Medium
KASC_2025_M15,AFC Qualifier,Saudi NT,Qatar NT,5,Derby/High,54212,52665,Inma Stadium (ملعب الإنماء),4,East,Home,22:35,8,17,Redirecting,0,0,33.3,70.6,34.7,12,0,0,0,Medium
KASC_2025_M15,AFC Qualifier,Saudi NT,Qatar NT,5,Derby/High,54212,52665,Inma Stadium (ملعب الإنماء),4,East,Home,22:40,8,17,Redirecting,0,0,33.3,70.6,34.7,7,0,0,0,Medium
KASC_2025_M15,AFC Qualifier,Saudi NT,Qatar NT,5,Derby/High,54212,52665,Inma Stadium (ملعب الإنماء),4,East,Home,22:45,8,17,Redirecting,0,0,33.3,70.6,34.7,12,0,0,0,Medium
KASC_2025_M15,AFC Qualifier,Saudi NT,Qatar NT,5,Derby/High,54212,52665,Inma Stadium (ملعب الإنماء),4,East,Home,22:50,8,17,Redirecting,0,0,33.3,70.6,34.7,14,0,0,0,Medium
KASC_2025_M15,AFC Qualifier,Saudi NT,Qatar NT,5,Derby/High,54212,52665,Inma Stadium (ملعب الإنماء),4,East,Home,22:55,8,17,Redirecting,0,0,33.3,70.6,34.7,11,0,0,0,Medium
KASC_2025_M15,AFC Qualifier,Saudi NT,Qatar NT,5,Derby/High,54212,52665,Inma Stadium (ملعب الإنماء),4,East,Home,23:00,8,17,Redirecting,0,0,33.3,70.6,34.7,13,0,0,0,Medium
KASC_2025_M15,AFC Qualifier,Saudi NT,Qatar NT,5,Derby/High,54212,52665,Inma Stadium (ملعب الإنماء),4,East,Home,23:05,8,17,Redirecting,0,0,33.3,70.6,34.7,11,0,0,0,Medium
KASC_2025_M15,AFC Qualifier,Saudi NT,Qatar NT,5,Derby/High,54212,52665,Inma Stadium (ملعب الإنماء),4,East,Home,23:10,8,17,Redirecting,0,0,33.3,70.6,34.7,11,0,0,0,Medium
KASC_2025_M15,AFC Qualifier,Saudi NT,Qatar NT,5,Derby/High,54212,52665,Inma Stadium (ملعب الإنماء),4,East,Home,23:15,8,17,Redirecting,0,0,33.3,70.6,34.7,10,0,0,0,Medium
KASC_2025_M15,AFC Qualifier,Saudi NT,Qatar NT,5,Derby/High,54212,52665,Inma Stadium (ملعب الإنماء),4,East,Home,23:20,8,17,Redirecting,0,0,33.3,70.6,34.7,12,0,0,0,Medium
KASC_2025_M15,AFC Qualifier,Saudi NT,Qatar NT,5,Derby/High,54212,52665,Inma Stadium (ملعب الإنماء),4,East,Home,23:25,8,17,Redirecting,0,0,33.3,70.6,34.7,10,0,0,0,Medium
KASC_2025_M15,AFC Qualifier,Saudi NT,Qatar NT,5,Derby/High,54212,52665,Inma Stadium (ملعب الإنماء),4,East,Home,23:30,8,17,Redirecting,0,0,33.3,70.6,34.7,15,0,0,0,Medium
KASC_2025_M15,AFC Qualifier,Saudi NT,Qatar NT,5,Derby/High,54212,52665,Inma Stadium (ملعب الإنماء),4,East,Home,23:35,8,17,Redirecting,0,0,33.3,70.6,34.7,15,0,0,0,Medium
KASC_2025_M15,AFC Qualifier,Saudi NT,Qatar NT,5,Derby/High,54212,52665,Inma Stadium (ملعب الإنماء),4,East,Home,23:40,8,17,Redirecting,0,0,33.3,70.6,34.7,13,0,0,0,Medium
KASC_2025_M15,AFC Qualifier,Saudi NT,Qatar NT,5,Derby/High,54212,52665,Inma Stadium (ملعب الإنماء),4,East,Home,23:45,8,17,Redirecting,0,0,33.3,70.6,34.7,10,0,0,0,Medium
KASC_2025_M15,AFC Qualifier,Saudi NT,Qatar NT,5,Derby/High,54212,52665,Inma Stadium (ملعب الإنماء),4,East,Home,23:50,8,17,Redirecting,0,0,33.3,70.6,34.7,10,0,0,0,Medium
KASC_2025_M15,AFC Qualifier,Saudi NT,Qatar NT,5,Derby/High,54212,52665,Inma Stadium (ملعب الإنماء),4,East,Home,23:55,8,17,Redirecting,0,0,33.3,70.6,34.7,14,0,0,0,Medium
KASC_2025_M15,AFC Qualifier,Saudi NT,Qatar NT,5,Derby/High,54212,52665,Inma Stadium (ملعب الإنماء),5,South,Away,17:00,5,16,Normal,0,0,33.3,70.6,34.7,13,0,0,0,Medium
KASC_2025_M15,AFC Qualifier,Saudi NT,Qatar NT,5,Derby/High,54212,52665,Inma Stadium (ملعب الإنماء),5,South,Away,17:05,5,16,Normal,0,0,33.3,70.6,34.7,11,0,0,1,Low
KASC_2025_M15,AFC Qualifier,Saudi NT,Qatar NT,5,Derby/High,54212,52665,Inma Stadium (ملعب الإنماء),5,South,Away,17:10,5,16,Normal,0,0,33.3,70.6,34.7,9,0,0,0,Medium
KASC_2025_M15,AFC Qualifier,Saudi NT,Qatar NT,5,Derby/High,54212,52665,Inma Stadium (ملعب الإنماء),5,South,Away,17:15,5,16,Normal,0,0,33.3,70.6,34.7,10,4,2,0,High
KASC_2025_M15,AFC Qualifier,Saudi NT,Qatar NT,5,Derby/High,54212,52665,Inma Stadium (ملعب الإنماء),5,South,Away,17:20,5,16,Normal,0,0,33.3,70.6,34.7,8,0,0,0,Medium
KASC_2025_M15,AFC Qualifier,Saudi NT,Qatar NT,5,Derby/High,54212,52665,Inma Stadium (ملعب الإنماء),5,South,Away,17:25,5,16,Normal,0,0,33.3,70.6,34.7,9,0,0,0,Medium
KASC_2025_M15,AFC Qualifier,Saudi NT,Qatar NT,5,Derby/High,54212,52665,Inma Stadium (ملعب الإنماء),5,South,Away,17:30,5,16,Normal,0,0,33.3,70.6,34.7,19,3,1,1,Medium
KASC_2025_M15,AFC Qualifier,Saudi NT,Qatar NT,5,Derby/High,54212,52665,Inma Stadium (ملعب الإنماء),5,South,Away,17:35,5,16,Normal,0,0,33.3,70.6,34.7,12,9,4,1,High
KASC_2025_M15,AFC Qualifier,Saudi NT,Qatar NT,5,Derby/High,54212,52665,Inma Stadium (ملعب الإنماء),5,South,Away,17:40,5,16,Normal,0,0,33.3,70.6,34.7,15,6,2,1,Medium
KASC_2025_M15,AFC Qualifier,Saudi NT,Qatar NT,5,Derby/High,54212,52665,Inma Stadium (ملعب الإنماء),5,South,Away,17:45,5,16,Normal,0,0,33.3,70.6,34.7,12,4,2,0,High
KASC_2025_M15,AFC Qualifier,Saudi NT,Qatar NT,5,Derby/High,54212,52665,Inma Stadium (ملعب الإنماء),5,South,Away,17:50,5,16,Normal,0,0,33.3,70.6,34.7,16,12,4,2,High
KASC_2025_M15,AFC Qualifier,Saudi NT,Qatar NT,5,Derby/High,54212,52665,Inma Stadium (ملعب الإنماء),5,South,Away,17:55,5,16,Normal,0,0,33.3,70.6,34.7,14,14,5,4,Medium
KASC_2025_M15,AFC Qualifier,Saudi NT,Qatar NT,5,Derby/High,54212,52665,Inma Stadium (ملعب الإنماء),5,South,Away,18:00,5,16,Normal,0,0,33.3,70.6,34.7,14,5,2,3,Low
KASC_2025_M15,AFC Qualifier,Saudi NT,Qatar NT,5,Derby/High,54212,52665,Inma Stadium (ملعب الإنماء),5,South,Away,18:05,5,16,Normal,0,0,33.3,70.6,34.7,10,10,5,3,Medium
KASC_2025_M15,AFC Qualifier,Saudi NT,Qatar NT,5,Derby/High,54212,52665,Inma Stadium (ملعب الإنماء),5,South,Away,18:10,5,16,Normal,0,0,33.3,70.6,34.7,10,18,9,3,High
KASC_2025_M15,AFC Qualifier,Saudi NT,Qatar NT,5,Derby/High,54212,52665,Inma Stadium (ملعب الإنماء),5,South,Away,18:15,5,16,Normal,0,0,33.3,70.6,34.7,12,16,7,2,High
KASC_2025_M15,AFC Qualifier,Saudi NT,Qatar NT,5,Derby/High,54212,52665,Inma Stadium (ملعب الإنماء),5,South,Away,18:20,5,16,Normal,0,0,33.3,70.6,34.7,10,22,11,5,High
KASC_2025_M15,AFC Qualifier,Saudi NT,Qatar NT,5,Derby/High,54212,52665,Inma Stadium (ملعب الإنماء),5,South,Away,18:25,5,16,Normal,0,0,33.3,70.6,34.7,9,21,12,5,High
KASC_2025_M15,AFC Qualifier,Saudi NT,Qatar NT,5,Derby/High,54212,52665,Inma Stadium (ملعب الإنماء),5,South,Away,18:30,5,16,Normal,0,0,33.3,70.6,34.7,11,35,16,13,Medium
KASC_2025_M15,AFC Qualifier,Saudi NT,Qatar NT,5,Derby/High,54212,52665,Inma Stadium (ملعب الإنماء),5,South,Away,18:35,5,16,Normal,0,0,33.3,70.6,34.7,11,48,22,14,High
KASC_2025_M15,AFC Qualifier,Saudi NT,Qatar NT,5,Derby/High,54212,52665,Inma Stadium (ملعب الإنماء),5,South,Away,18:40,5,16,Normal,0,0,33.3,70.6,34.7,10,50,25,7,High
KASC_2025_M15,AFC Qualifier,Saudi NT,Qatar NT,5,Derby/High,54212,52665,Inma Stadium (ملعب الإنماء),5,South,Away,18:45,5,16,Normal,0,0,33.3,70.6,34.7,8,54,34,11,High
KASC_2025_M15,AFC Qualifier,Saudi NT,Qatar NT,5,Derby/High,54212,52665,Inma Stadium (ملعب الإنماء),5,South,Away,18:50,5,16,Normal,0,0,33.3,70.6,34.7,13,91,35,16,High
KASC_2025_M15,AFC Qualifier,Saudi NT,Qatar NT,5,Derby/High,54212,52665,Inma Stadium (ملعب الإنماء),5,South,Away,18:55,5,16,Normal,0,0,33.3,70.6,34.7,12,93,39,14,High
KASC_2025_M15,AFC Qualifier,Saudi NT,Qatar NT,5,Derby/High,54212,52665,Inma Stadium (ملعب الإنماء),5,South,Away,19:00,5,16,Normal,0,0,33.3,70.6,34.7,10,80,40,13,High
KASC_2025_M15,AFC Qualifier,Saudi NT,Qatar NT,5,Derby/High,54212,52665,Inma Stadium (ملعب الإنماء),5,South,Away,19:05,5,16,Normal,0,0,33.3,70.6,34.7,11,90,41,15,High
KASC_2025_M15,AFC Qualifier,Saudi NT,Qatar NT,5,Derby/High,54212,52665,Inma Stadium (ملعب الإنماء),5,South,Away,19:10,5,16,Normal,0,0,33.3,70.6,34.7,11,94,43,18,High
KASC_2025_M15,AFC Qualifier,Saudi NT,Qatar NT,5,Derby/High,54212,52665,Inma Stadium (ملعب الإنماء),5,South,Away,19:15,5,16,Normal,0,0,33.3,70.6,34.7,14,126,45,23,High
KASC_2025_M15,AFC Qualifier,Saudi NT,Qatar NT,5,Derby/High,54212,52665,Inma Stadium (ملعب الإنماء),5,South,Away,19:20,5,16,Normal,0,0,33.3,70.6,34.7,16,121,38,20,High
KASC_2025_M15,AFC Qualifier,Saudi NT,Qatar NT,5,Derby/High,54212,52665,Inma Stadium (ملعب الإنماء),5,South,Away,19:25,5,16,Normal,0,0,33.3,70.6,34.7,13,104,40,18,High
KASC_2025_M15,AFC Qualifier,Saudi NT,Qatar NT,5,Derby/High,54212,52665,Inma Stadium (ملعب الإنماء),5,South,Away,19:30,5,16,Normal,0,0,33.3,70.6,34.7,13,130,50,10,High
KASC_2025_M15,AFC Qualifier,Saudi NT,Qatar NT,5,Derby/High,54212,52665,Inma Stadium (ملعب الإنماء),5,South,Away,19:35,5,16,Normal,0,0,33.3,70.6,34.7,9,63,35,19,High
KASC_2025_M15,AFC Qualifier,Saudi NT,Qatar NT,5,Derby/High,54212,52665,Inma Stadium (ملعب الإنماء),5,South,Away,19:40,5,16,Normal,0,0,33.3,70.6,34.7,11,101,46,26,High
KASC_2025_M15,AFC Qualifier,Saudi NT,Qatar NT,5,Derby/High,54212,52665,Inma Stadium (ملعب الإنماء),5,South,Away,19:45,5,16,Normal,0,0,33.3,70.6,34.7,14,168,60,23,High
KASC_2025_M15,AFC Qualifier,Saudi NT,Qatar NT,5,Derby/High,54212,52665,Inma Stadium (ملعب الإنماء),5,South,Away,19:50,5,16,Normal,0,0,33.3,70.6,34.7,11,110,50,22,High
KASC_2025_M15,AFC Qualifier,Saudi NT,Qatar NT,5,Derby/High,54212,52665,Inma Stadium (ملعب الإنماء),5,South,Away,19:55,5,16,Normal,0,0,33.3,70.6,34.7,10,68,34,18,High
KASC_2025_M15,AFC Qualifier,Saudi NT,Qatar NT,5,Derby/High,54212,52665,Inma Stadium (ملعب الإنماء),5,South,Away,20:00,5,16,Normal,0,0,33.3,70.6,34.7,9,57,32,26,Medium
KASC_2025_M15,AFC Qualifier,Saudi NT,Qatar NT,5,Derby/High,54212,52665,Inma Stadium (ملعب الإنماء),5,South,Away,20:05,5,16,Normal,0,0,33.3,70.6,34.7,14,103,37,13,High
KASC_2025_M15,AFC Qualifier,Saudi NT,Qatar NT,5,Derby/High,54212,52665,Inma Stadium (ملعب الإنماء),5,South,Away,20:10,5,16,Normal,0,0,33.3,70.6,34.7,13,104,40,10,High
KASC_2025_M15,AFC Qualifier,Saudi NT,Qatar NT,5,Derby/High,54212,52665,Inma Stadium (ملعب الإنماء),5,South,Away,20:15,5,16,Normal,0,0,33.3,70.6,34.7,11,55,25,12,High
KASC_2025_M15,AFC Qualifier,Saudi NT,Qatar NT,5,Derby/High,54212,52665,Inma Stadium (ملعب الإنماء),5,South,Away,20:20,5,16,Normal,0,0,33.3,70.6,34.7,12,52,22,12,High
KASC_2025_M15,AFC Qualifier,Saudi NT,Qatar NT,5,Derby/High,54212,52665,Inma Stadium (ملعب الإنماء),5,South,Away,20:25,5,16,Normal,0,0,33.3,70.6,34.7,11,44,20,6,High
KASC_2025_M15,AFC Qualifier,Saudi NT,Qatar NT,5,Derby/High,54212,52665,Inma Stadium (ملعب الإنماء),5,South,Away,20:30,5,16,Normal,0,0,33.3,70.6,34.7,11,33,15,11,Medium
KASC_2025_M15,AFC Qualifier,Saudi NT,Qatar NT,5,Derby/High,54212,52665,Inma Stadium (ملعب الإنماء),5,South,Away,20:35,5,16,Normal,0,0,33.3,70.6,34.7,12,26,11,5,High
KASC_2025_M15,AFC Qualifier,Saudi NT,Qatar NT,5,Derby/High,54212,52665,Inma Stadium (ملعب الإنماء),5,South,Away,20:40,5,16,Normal,0,0,33.3,70.6,34.7,10,34,17,9,High
KASC_2025_M15,AFC Qualifier,Saudi NT,Qatar NT,5,Derby/High,54212,52665,Inma Stadium (ملعب الإنماء),5,South,Away,20:45,5,16,Normal,0,0,33.3,70.6,34.7,12,14,6,1,High
KASC_2025_M15,AFC Qualifier,Saudi NT,Qatar NT,5,Derby/High,54212,52665,Inma Stadium (ملعب الإنماء),5,South,Away,20:50,5,16,Normal,0,0,33.3,70.6,34.7,8,8,5,6,Medium
KASC_2025_M15,AFC Qualifier,Saudi NT,Qatar NT,5,Derby/High,54212,52665,Inma Stadium (ملعب الإنماء),5,South,Away,20:55,5,16,Normal,0,0,33.3,70.6,34.7,14,28,10,2,High
KASC_2025_M15,AFC Qualifier,Saudi NT,Qatar NT,5,Derby/High,54212,52665,Inma Stadium (ملعب الإنماء),5,South,Away,21:00,5,16,Normal,0,0,33.3,70.6,34.7,13,13,5,3,Medium
KASC_2025_M15,AFC Qualifier,Saudi NT,Qatar NT,5,Derby/High,54212,52665,Inma Stadium (ملعب الإنماء),5,South,Away,21:05,5,16,Normal,0,0,33.3,70.6,34.7,9,12,7,1,High
KASC_2025_M15,AFC Qualifier,Saudi NT,Qatar NT,5,Derby/High,54212,52665,Inma Stadium (ملعب الإنماء),5,South,Away,21:10,5,16,Normal,0,0,33.3,70.6,34.7,14,11,4,0,High
KASC_2025_M15,AFC Qualifier,Saudi NT,Qatar NT,5,Derby/High,54212,52665,Inma Stadium (ملعب الإنماء),5,South,Away,21:15,5,16,Normal,0,0,33.3,70.6,34.7,8,3,2,4,Low
KASC_2025_M15,AFC Qualifier,Saudi NT,Qatar NT,5,Derby/High,54212,52665,Inma Stadium (ملعب الإنماء),5,South,Away,21:20,5,16,Normal,0,0,33.3,70.6,34.7,14,2,1,2,Low
KASC_2025_M15,AFC Qualifier,Saudi NT,Qatar NT,5,Derby/High,54212,52665,Inma Stadium (ملعب الإنماء),5,South,Away,21:25,5,16,Normal,0,0,33.3,70.6,34.7,14,19,7,0,High
KASC_2025_M15,AFC Qualifier,Saudi NT,Qatar NT,5,Derby/High,54212,52665,Inma Stadium (ملعب الإنماء),5,South,Away,21:30,5,16,Normal,0,0,33.3,70.6,34.7,13,2,1,0,High
KASC_2025_M15,AFC Qualifier,Saudi NT,Qatar NT,5,Derby/High,54212,52665,Inma Stadium (ملعب الإنماء),5,South,Away,21:35,5,16,Normal,0,0,33.3,70.6,34.7,12,4,2,0,High
KASC_2025_M15,AFC Qualifier,Saudi NT,Qatar NT,5,Derby/High,54212,52665,Inma Stadium (ملعب الإنماء),5,South,Away,21:40,5,16,Normal,0,0,33.3,70.6,34.7,13,2,1,0,High
KASC_2025_M15,AFC Qualifier,Saudi NT,Qatar NT,5,Derby/High,54212,52665,Inma Stadium (ملعب الإنماء),5,South,Away,21:45,5,16,Normal,0,0,33.3,70.6,34.7,11,0,0,0,Medium
KASC_2025_M15,AFC Qualifier,Saudi NT,Qatar NT,5,Derby/High,54212,52665,Inma Stadium (ملعب الإنماء),5,South,Away,21:50,5,16,Normal,0,0,33.3,70.6,34.7,8,0,0,0,Medium
KASC_2025_M15,AFC Qualifier,Saudi NT,Qatar NT,5,Derby/High,54212,52665,Inma Stadium (ملعب الإنماء),5,South,Away,21:55,5,16,Normal,0,0,33.3,70.6,34.7,19,0,0,0,Medium
KASC_2025_M15,AFC Qualifier,Saudi NT,Qatar NT,5,Derby/High,54212,52665,Inma Stadium (ملعب الإنماء),5,South,Away,22:00,5,16,Normal,0,0,33.3,70.6,34.7,18,0,0,0,Medium
KASC_2025_M15,AFC Qualifier,Saudi NT,Qatar NT,5,Derby/High,54212,52665,Inma Stadium (ملعب الإنماء),5,South,Away,22:05,5,16,Normal,0,0,33.3,70.6,34.7,11,0,0,0,Medium
KASC_2025_M15,AFC Qualifier,Saudi NT,Qatar NT,5,Derby/High,54212,52665,Inma Stadium (ملعب الإنماء),5,South,Away,22:10,5,16,Normal,0,0,33.3,70.6,34.7,13,0,0,0,Medium
KASC_2025_M15,AFC Qualifier,Saudi NT,Qatar NT,5,Derby/High,54212,52665,Inma Stadium (ملعب الإنماء),5,South,Away,22:15,5,16,Normal,0,0,33.3,70.6,34.7,8,0,0,0,Medium
KASC_2025_M15,AFC Qualifier,Saudi NT,Qatar NT,5,Derby/High,54212,52665,Inma Stadium (ملعب الإنماء),5,South,Away,22:20,5,16,Normal,0,0,33.3,70.6,34.7,11,0,0,0,Medium
KASC_2025_M15,AFC Qualifier,Saudi NT,Qatar NT,5,Derby/High,54212,52665,Inma Stadium (ملعب الإنماء),5,South,Away,22:25,5,16,Normal,0,0,33.3,70.6,34.7,9,0,0,0,Medium
KASC_2025_M15,AFC Qualifier,Saudi NT,Qatar NT,5,Derby/High,54212,52665,Inma Stadium (ملعب الإنماء),5,South,Away,22:30,5,16,Normal,0,0,33.3,70.6,34.7,10,0,0,0,Medium
KASC_2025_M15,AFC Qualifier,Saudi NT,Qatar NT,5,Derby/High,54212,52665,Inma Stadium (ملعب الإنماء),5,South,Away,22:35,5,16,Normal,0,0,33.3,70.6,34.7,7,0,0,0,Medium
KASC_2025_M15,AFC Qualifier,Saudi NT,Qatar NT,5,Derby/High,54212,52665,Inma Stadium (ملعب الإنماء),5,South,Away,22:40,5,16,Normal,0,0,33.3,70.6,34.7,10,0,0,0,Medium
KASC_2025_M15,AFC Qualifier,Saudi NT,Qatar NT,5,Derby/High,54212,52665,Inma Stadium (ملعب الإنماء),5,South,Away,22:45,5,16,Normal,0,0,33.3,70.6,34.7,14,0,0,0,Medium
KASC_2025_M15,AFC Qualifier,Saudi NT,Qatar NT,5,Derby/High,54212,52665,Inma Stadium (ملعب الإنماء),5,South,Away,22:50,5,16,Normal,0,0,33.3,70.6,34.7,12,0,0,0,Medium
KASC_2025_M15,AFC Qualifier,Saudi NT,Qatar NT,5,Derby/High,54212,52665,Inma Stadium (ملعب الإنماء),5,South,Away,22:55,5,16,Normal,0,0,33.3,70.6,34.7,12,0,0,0,Medium
KASC_2025_M15,AFC Qualifier,Saudi NT,Qatar NT,5,Derby/High,54212,52665,Inma Stadium (ملعب الإنماء),5,South,Away,23:00,5,16,Normal,0,0,33.3,70.6,34.7,18,0,0,0,Medium
KASC_2025_M15,AFC Qualifier,Saudi NT,Qatar NT,5,Derby/High,54212,52665,Inma Stadium (ملعب الإنماء),5,South,Away,23:05,5,16,Normal,0,0,33.3,70.6,34.7,10,0,0,0,Medium
KASC_2025_M15,AFC Qualifier,Saudi NT,Qatar NT,5,Derby/High,54212,52665,Inma Stadium (ملعب الإنماء),5,South,Away,23:10,5,16,Normal,0,0,33.3,70.6,34.7,13,0,0,0,Medium
KASC_2025_M15,AFC Qualifier,Saudi NT,Qatar NT,5,Derby/High,54212,52665,Inma Stadium (ملعب الإنماء),5,South,Away,23:15,5,16,Normal,0,0,33.3,70.6,34.7,14,0,0,0,Medium
KASC_2025_M15,AFC Qualifier,Saudi NT,Qatar NT,5,Derby/High,54212,52665,Inma Stadium (ملعب الإنماء),5,South,Away,23:20,5,16,Normal,0,0,33.3,70.6,34.7,12,0,0,0,Medium
KASC_2025_M15,AFC Qualifier,Saudi NT,Qatar NT,5,Derby/High,54212,52665,Inma Stadium (ملعب الإنماء),5,South,Away,23:25,5,16,Normal,0,0,33.3,70.6,34.7,9,0,0,0,Medium
KASC_2025_M15,AFC Qualifier,Saudi NT,Qatar NT,5,Derby/High,54212,52665,Inma Stadium (ملعب الإنماء),5,South,Away,23:30,5,16,Normal,0,0,33.3,70.6,34.7,10,0,0,0,Medium
KASC_2025_M15,AFC Qualifier,Saudi NT,Qatar NT,5,Derby/High,54212,52665,Inma Stadium (ملعب الإنماء),5,South,Away,23:35,5,16,Normal,0,0,33.3,70.6,34.7,17,0,0,0,Medium
KASC_2025_M15,AFC Qualifier,Saudi NT,Qatar NT,5,Derby/High,54212,52665,Inma Stadium (ملعب الإنماء),5,South,Away,23:40,5,16,Normal,0,0,33.3,70.6,34.7,14,0,0,0,Medium
KASC_2025_M15,AFC Qualifier,Saudi NT,Qatar NT,5,Derby/High,54212,52665,Inma Stadium (ملعب الإنماء),5,South,Away,23:45,5,16,Normal,0,0,33.3,70.6,34.7,9,0,0,0,Medium
KASC_2025_M15,AFC Qualifier,Saudi NT,Qatar NT,5,Derby/High,54212,52665,Inma Stadium (ملعب الإنماء),5,South,Away,23:50,5,16,Normal,0,0,33.3,70.6,34.7,10,0,0,0,Medium
KASC_2025_M15,AFC Qualifier,Saudi NT,Qatar NT,5,Derby/High,54212,52665,Inma Stadium (ملعب الإنماء),5,South,Away,23:55,5,16,Normal,0,0,33.3,70.6,34.7,16,0,0,0,Medium
KASC_2025_M15,AFC Qualifier,Saudi NT,Qatar NT,5,Derby/High,54212,52665,Inma Stadium (ملعب الإنماء),6,West,VIP,17:00,3,23,Redirecting,0,0,33.3,70.6,34.7,15,0,0,0,High
KASC_2025_M15,AFC Qualifier,Saudi NT,Qatar NT,5,Derby/High,54212,52665,Inma Stadium (ملعب الإنماء),6,West,VIP,17:05,3,23,Redirecting,0,0,33.3,70.6,34.7,19,0,0,0,High
KASC_2025_M15,AFC Qualifier,Saudi NT,Qatar NT,5,Derby/High,54212,52665,Inma Stadium (ملعب الإنماء),6,West,VIP,17:10,3,23,Redirecting,0,0,33.3,70.6,34.7,13,0,0,0,High
KASC_2025_M15,AFC Qualifier,Saudi NT,Qatar NT,5,Derby/High,54212,52665,Inma Stadium (ملعب الإنماء),6,West,VIP,17:15,3,23,Redirecting,0,0,33.3,70.6,34.7,8,0,0,0,High
KASC_2025_M15,AFC Qualifier,Saudi NT,Qatar NT,5,Derby/High,54212,52665,Inma Stadium (ملعب الإنماء),6,West,VIP,17:20,3,23,Redirecting,0,0,33.3,70.6,34.7,6,0,0,0,High
KASC_2025_M15,AFC Qualifier,Saudi NT,Qatar NT,5,Derby/High,54212,52665,Inma Stadium (ملعب الإنماء),6,West,VIP,17:25,3,23,Redirecting,0,0,33.3,70.6,34.7,10,0,0,0,High
KASC_2025_M15,AFC Qualifier,Saudi NT,Qatar NT,5,Derby/High,54212,52665,Inma Stadium (ملعب الإنماء),6,West,VIP,17:30,3,23,Redirecting,0,0,33.3,70.6,34.7,8,0,0,0,High
KASC_2025_M15,AFC Qualifier,Saudi NT,Qatar NT,5,Derby/High,54212,52665,Inma Stadium (ملعب الإنماء),6,West,VIP,17:35,3,23,Redirecting,0,0,33.3,70.6,34.7,13,0,0,0,High
KASC_2025_M15,AFC Qualifier,Saudi NT,Qatar NT,5,Derby/High,54212,52665,Inma Stadium (ملعب الإنماء),6,West,VIP,17:40,3,23,Redirecting,0,0,33.3,70.6,34.7,13,0,0,0,High
KASC_2025_M15,AFC Qualifier,Saudi NT,Qatar NT,5,Derby/High,54212,52665,Inma Stadium (ملعب الإنماء),6,West,VIP,17:45,3,23,Redirecting,0,0,33.3,70.6,34.7,11,0,0,0,High
KASC_2025_M15,AFC Qualifier,Saudi NT,Qatar NT,5,Derby/High,54212,52665,Inma Stadium (ملعب الإنماء),6,West,VIP,17:50,3,23,Redirecting,0,0,33.3,70.6,34.7,17,0,0,0,High
KASC_2025_M15,AFC Qualifier,Saudi NT,Qatar NT,5,Derby/High,54212,52665,Inma Stadium (ملعب الإنماء),6,West,VIP,17:55,3,23,Redirecting,0,0,33.3,70.6,34.7,11,0,0,0,High
KASC_2025_M15,AFC Qualifier,Saudi NT,Qatar NT,5,Derby/High,54212,52665,Inma Stadium (ملعب الإنماء),6,West,VIP,18:00,3,23,Redirecting,0,0,33.3,70.6,34.7,11,0,0,2,Low
KASC_2025_M15,AFC Qualifier,Saudi NT,Qatar NT,5,Derby/High,54212,52665,Inma Stadium (ملعب الإنماء),6,West,VIP,18:05,3,23,Redirecting,0,0,33.3,70.6,34.7,11,3,1,0,High
KASC_2025_M15,AFC Qualifier,Saudi NT,Qatar NT,5,Derby/High,54212,52665,Inma Stadium (ملعب الإنماء),6,West,VIP,18:10,3,23,Redirecting,0,0,33.3,70.6,34.7,8,0,0,1,Medium
KASC_2025_M15,AFC Qualifier,Saudi NT,Qatar NT,5,Derby/High,54212,52665,Inma Stadium (ملعب الإنماء),6,West,VIP,18:15,3,23,Redirecting,0,0,33.3,70.6,34.7,12,4,1,0,High
KASC_2025_M15,AFC Qualifier,Saudi NT,Qatar NT,5,Derby/High,54212,52665,Inma Stadium (ملعب الإنماء),6,West,VIP,18:20,3,23,Redirecting,0,0,33.3,70.6,34.7,12,4,1,0,High
KASC_2025_M15,AFC Qualifier,Saudi NT,Qatar NT,5,Derby/High,54212,52665,Inma Stadium (ملعب الإنماء),6,West,VIP,18:25,3,23,Redirecting,0,0,33.3,70.6,34.7,12,0,0,0,High
KASC_2025_M15,AFC Qualifier,Saudi NT,Qatar NT,5,Derby/High,54212,52665,Inma Stadium (ملعب الإنماء),6,West,VIP,18:30,3,23,Redirecting,0,0,33.3,70.6,34.7,15,5,1,3,Medium
KASC_2025_M15,AFC Qualifier,Saudi NT,Qatar NT,5,Derby/High,54212,52665,Inma Stadium (ملعب الإنماء),6,West,VIP,18:35,3,23,Redirecting,0,0,33.3,70.6,34.7,10,13,4,8,Medium
KASC_2025_M15,AFC Qualifier,Saudi NT,Qatar NT,5,Derby/High,54212,52665,Inma Stadium (ملعب الإنماء),6,West,VIP,18:40,3,23,Redirecting,0,0,33.3,70.6,34.7,9,15,5,4,High
KASC_2025_M15,AFC Qualifier,Saudi NT,Qatar NT,5,Derby/High,54212,52665,Inma Stadium (ملعب الإنماء),6,West,VIP,18:45,3,23,Redirecting,0,0,33.3,70.6,34.7,9,24,8,7,High
KASC_2025_M15,AFC Qualifier,Saudi NT,Qatar NT,5,Derby/High,54212,52665,Inma Stadium (ملعب الإنماء),6,West,VIP,18:50,3,23,Redirecting,0,0,33.3,70.6,34.7,10,30,9,8,High
KASC_2025_M15,AFC Qualifier,Saudi NT,Qatar NT,5,Derby/High,54212,52665,Inma Stadium (ملعب الإنماء),6,West,VIP,18:55,3,23,Redirecting,0,0,33.3,70.6,34.7,12,40,10,7,High
KASC_2025_M15,AFC Qualifier,Saudi NT,Qatar NT,5,Derby/High,54212,52665,Inma Stadium (ملعب الإنماء),6,West,VIP,19:00,3,23,Redirecting,0,0,33.3,70.6,34.7,11,14,4,4,High
KASC_2025_M15,AFC Qualifier,Saudi NT,Qatar NT,5,Derby/High,54212,52665,Inma Stadium (ملعب الإنماء),6,West,VIP,19:05,3,23,Redirecting,0,0,33.3,70.6,34.7,11,18,5,12,Medium
KASC_2025_M15,AFC Qualifier,Saudi NT,Qatar NT,5,Derby/High,54212,52665,Inma Stadium (ملعب الإنماء),6,West,VIP,19:10,3,23,Redirecting,0,0,33.3,70.6,34.7,14,37,8,14,Medium
KASC_2025_M15,AFC Qualifier,Saudi NT,Qatar NT,5,Derby/High,54212,52665,Inma Stadium (ملعب الإنماء),6,West,VIP,19:15,3,23,Redirecting,0,0,33.3,70.6,34.7,16,53,10,8,High
KASC_2025_M15,AFC Qualifier,Saudi NT,Qatar NT,5,Derby/High,54212,52665,Inma Stadium (ملعب الإنماء),6,West,VIP,19:20,3,23,Redirecting,0,0,33.3,70.6,34.7,10,30,9,13,Medium
KASC_2025_M15,AFC Qualifier,Saudi NT,Qatar NT,5,Derby/High,54212,52665,Inma Stadium (ملعب الإنماء),6,West,VIP,19:25,3,23,Redirecting,0,0,33.3,70.6,34.7,9,45,15,14,High
KASC_2025_M15,AFC Qualifier,Saudi NT,Qatar NT,5,Derby/High,54212,52665,Inma Stadium (ملعب الإنماء),6,West,VIP,19:30,3,23,Redirecting,0,0,33.3,70.6,34.7,6,24,12,6,High
KASC_2025_M15,AFC Qualifier,Saudi NT,Qatar NT,5,Derby/High,54212,52665,Inma Stadium (ملعب الإنماء),6,West,VIP,19:35,3,23,Redirecting,0,0,33.3,70.6,34.7,16,80,15,7,High
KASC_2025_M15,AFC Qualifier,Saudi NT,Qatar NT,5,Derby/High,54212,52665,Inma Stadium (ملعب الإنماء),6,West,VIP,19:40,3,23,Redirecting,0,0,33.3,70.6,34.7,10,26,8,6,High
KASC_2025_M15,AFC Qualifier,Saudi NT,Qatar NT,5,Derby/High,54212,52665,Inma Stadium (ملعب الإنماء),6,West,VIP,19:45,3,23,Redirecting,0,0,33.3,70.6,34.7,9,42,14,9,High
KASC_2025_M15,AFC Qualifier,Saudi NT,Qatar NT,5,Derby/High,54212,52665,Inma Stadium (ملعب الإنماء),6,West,VIP,19:50,3,23,Redirecting,0,0,33.3,70.6,34.7,8,34,13,7,High
KASC_2025_M15,AFC Qualifier,Saudi NT,Qatar NT,5,Derby/High,54212,52665,Inma Stadium (ملعب الإنماء),6,West,VIP,19:55,3,23,Redirecting,0,0,33.3,70.6,34.7,10,23,7,8,High
KASC_2025_M15,AFC Qualifier,Saudi NT,Qatar NT,5,Derby/High,54212,52665,Inma Stadium (ملعب الإنماء),6,West,VIP,20:00,3,23,Redirecting,0,0,33.3,70.6,34.7,10,23,7,2,High
KASC_2025_M15,AFC Qualifier,Saudi NT,Qatar NT,5,Derby/High,54212,52665,Inma Stadium (ملعب الإنماء),6,West,VIP,20:05,3,23,Redirecting,0,0,33.3,70.6,34.7,14,37,8,3,High
KASC_2025_M15,AFC Qualifier,Saudi NT,Qatar NT,5,Derby/High,54212,52665,Inma Stadium (ملعب الإنماء),6,West,VIP,20:10,3,23,Redirecting,0,0,33.3,70.6,34.7,12,12,3,7,Medium
KASC_2025_M15,AFC Qualifier,Saudi NT,Qatar NT,5,Derby/High,54212,52665,Inma Stadium (ملعب الإنماء),6,West,VIP,20:15,3,23,Redirecting,0,0,33.3,70.6,34.7,12,24,6,4,High
KASC_2025_M15,AFC Qualifier,Saudi NT,Qatar NT,5,Derby/High,54212,52665,Inma Stadium (ملعب الإنماء),6,West,VIP,20:20,3,23,Redirecting,0,0,33.3,70.6,34.7,9,12,4,3,High
KASC_2025_M15,AFC Qualifier,Saudi NT,Qatar NT,5,Derby/High,54212,52665,Inma Stadium (ملعب الإنماء),6,West,VIP,20:25,3,23,Redirecting,0,0,33.3,70.6,34.7,10,10,3,2,High
KASC_2025_M15,AFC Qualifier,Saudi NT,Qatar NT,5,Derby/High,54212,52665,Inma Stadium (ملعب الإنماء),6,West,VIP,20:30,3,23,Redirecting,0,0,33.3,70.6,34.7,12,8,2,5,Medium
KASC_2025_M15,AFC Qualifier,Saudi NT,Qatar NT,5,Derby/High,54212,52665,Inma Stadium (ملعب الإنماء),6,West,VIP,20:35,3,23,Redirecting,0,0,33.3,70.6,34.7,16,10,2,3,Medium
KASC_2025_M15,AFC Qualifier,Saudi NT,Qatar NT,5,Derby/High,54212,52665,Inma Stadium (ملعب الإنماء),6,West,VIP,20:40,3,23,Redirecting,0,0,33.3,70.6,34.7,14,4,1,1,High
KASC_2025_M15,AFC Qualifier,Saudi NT,Qatar NT,5,Derby/High,54212,52665,Inma Stadium (ملعب الإنماء),6,West,VIP,20:45,3,23,Redirecting,0,0,33.3,70.6,34.7,6,2,1,5,Low
KASC_2025_M15,AFC Qualifier,Saudi NT,Qatar NT,5,Derby/High,54212,52665,Inma Stadium (ملعب الإنماء),6,West,VIP,20:50,3,23,Redirecting,0,0,33.3,70.6,34.7,13,4,1,1,High
KASC_2025_M15,AFC Qualifier,Saudi NT,Qatar NT,5,Derby/High,54212,52665,Inma Stadium (ملعب الإنماء),6,West,VIP,20:55,3,23,Redirecting,0,0,33.3,70.6,34.7,14,0,0,0,High
KASC_2025_M15,AFC Qualifier,Saudi NT,Qatar NT,5,Derby/High,54212,52665,Inma Stadium (ملعب الإنماء),6,West,VIP,21:00,3,23,Redirecting,0,0,33.3,70.6,34.7,8,2,1,0,High
KASC_2025_M15,AFC Qualifier,Saudi NT,Qatar NT,5,Derby/High,54212,52665,Inma Stadium (ملعب الإنماء),6,West,VIP,21:05,3,23,Redirecting,0,0,33.3,70.6,34.7,12,0,0,1,Medium
KASC_2025_M15,AFC Qualifier,Saudi NT,Qatar NT,5,Derby/High,54212,52665,Inma Stadium (ملعب الإنماء),6,West,VIP,21:10,3,23,Redirecting,0,0,33.3,70.6,34.7,14,0,0,0,High
KASC_2025_M15,AFC Qualifier,Saudi NT,Qatar NT,5,Derby/High,54212,52665,Inma Stadium (ملعب الإنماء),6,West,VIP,21:15,3,23,Redirecting,0,0,33.3,70.6,34.7,13,0,0,0,High
KASC_2025_M15,AFC Qualifier,Saudi NT,Qatar NT,5,Derby/High,54212,52665,Inma Stadium (ملعب الإنماء),6,West,VIP,21:20,3,23,Redirecting,0,0,33.3,70.6,34.7,12,0,0,2,Low
KASC_2025_M15,AFC Qualifier,Saudi NT,Qatar NT,5,Derby/High,54212,52665,Inma Stadium (ملعب الإنماء),6,West,VIP,21:25,3,23,Redirecting,0,0,33.3,70.6,34.7,13,0,0,0,High
KASC_2025_M15,AFC Qualifier,Saudi NT,Qatar NT,5,Derby/High,54212,52665,Inma Stadium (ملعب الإنماء),6,West,VIP,21:30,3,23,Redirecting,0,0,33.3,70.6,34.7,14,0,0,0,High
KASC_2025_M15,AFC Qualifier,Saudi NT,Qatar NT,5,Derby/High,54212,52665,Inma Stadium (ملعب الإنماء),6,West,VIP,21:35,3,23,Redirecting,0,0,33.3,70.6,34.7,12,0,0,0,High
KASC_2025_M15,AFC Qualifier,Saudi NT,Qatar NT,5,Derby/High,54212,52665,Inma Stadium (ملعب الإنماء),6,West,VIP,21:40,3,23,Redirecting,0,0,33.3,70.6,34.7,9,0,0,0,High
KASC_2025_M15,AFC Qualifier,Saudi NT,Qatar NT,5,Derby/High,54212,52665,Inma Stadium (ملعب الإنماء),6,West,VIP,21:45,3,23,Redirecting,0,0,33.3,70.6,34.7,17,0,0,0,High
KASC_2025_M15,AFC Qualifier,Saudi NT,Qatar NT,5,Derby/High,54212,52665,Inma Stadium (ملعب الإنماء),6,West,VIP,21:50,3,23,Redirecting,0,0,33.3,70.6,34.7,10,0,0,0,High
KASC_2025_M15,AFC Qualifier,Saudi NT,Qatar NT,5,Derby/High,54212,52665,Inma Stadium (ملعب الإنماء),6,West,VIP,21:55,3,23,Redirecting,0,0,33.3,70.6,34.7,11,0,0,0,High
KASC_2025_M15,AFC Qualifier,Saudi NT,Qatar NT,5,Derby/High,54212,52665,Inma Stadium (ملعب الإنماء),6,West,VIP,22:00,3,23,Redirecting,0,0,33.3,70.6,34.7,10,0,0,0,High
KASC_2025_M15,AFC Qualifier,Saudi NT,Qatar NT,5,Derby/High,54212,52665,Inma Stadium (ملعب الإنماء),6,West,VIP,22:05,3,23,Redirecting,0,0,33.3,70.6,34.7,11,0,0,0,High
KASC_2025_M15,AFC Qualifier,Saudi NT,Qatar NT,5,Derby/High,54212,52665,Inma Stadium (ملعب الإنماء),6,West,VIP,22:10,3,23,Redirecting,0,0,33.3,70.6,34.7,11,0,0,0,High
KASC_2025_M15,AFC Qualifier,Saudi NT,Qatar NT,5,Derby/High,54212,52665,Inma Stadium (ملعب الإنماء),6,West,VIP,22:15,3,23,Redirecting,0,0,33.3,70.6,34.7,10,0,0,0,High
KASC_2025_M15,AFC Qualifier,Saudi NT,Qatar NT,5,Derby/High,54212,52665,Inma Stadium (ملعب الإنماء),6,West,VIP,22:20,3,23,Redirecting,0,0,33.3,70.6,34.7,13,0,0,0,High
KASC_2025_M15,AFC Qualifier,Saudi NT,Qatar NT,5,Derby/High,54212,52665,Inma Stadium (ملعب الإنماء),6,West,VIP,22:25,3,23,Redirecting,0,0,33.3,70.6,34.7,15,0,0,0,High
KASC_2025_M15,AFC Qualifier,Saudi NT,Qatar NT,5,Derby/High,54212,52665,Inma Stadium (ملعب الإنماء),6,West,VIP,22:30,3,23,Redirecting,0,0,33.3,70.6,34.7,16,0,0,0,High
KASC_2025_M15,AFC Qualifier,Saudi NT,Qatar NT,5,Derby/High,54212,52665,Inma Stadium (ملعب الإنماء),6,West,VIP,22:35,3,23,Redirecting,0,0,33.3,70.6,34.7,14,0,0,0,High
KASC_2025_M15,AFC Qualifier,Saudi NT,Qatar NT,5,Derby/High,54212,52665,Inma Stadium (ملعب الإنماء),6,West,VIP,22:40,3,23,Redirecting,0,0,33.3,70.6,34.7,13,0,0,0,High
KASC_2025_M15,AFC Qualifier,Saudi NT,Qatar NT,5,Derby/High,54212,52665,Inma Stadium (ملعب الإنماء),6,West,VIP,22:45,3,23,Redirecting,0,0,33.3,70.6,34.7,12,0,0,0,High
KASC_2025_M15,AFC Qualifier,Saudi NT,Qatar NT,5,Derby/High,54212,52665,Inma Stadium (ملعب الإنماء),6,West,VIP,22:50,3,23,Redirecting,0,0,33.3,70.6,34.7,11,0,0,0,High
KASC_2025_M15,AFC Qualifier,Saudi NT,Qatar NT,5,Derby/High,54212,52665,Inma Stadium (ملعب الإنماء),6,West,VIP,22:55,3,23,Redirecting,0,0,33.3,70.6,34.7,16,0,0,0,High
KASC_2025_M15,AFC Qualifier,Saudi NT,Qatar NT,5,Derby/High,54212,52665,Inma Stadium (ملعب الإنماء),6,West,VIP,23:00,3,23,Redirecting,0,0,33.3,70.6,34.7,12,0,0,0,High
KASC_2025_M15,AFC Qualifier,Saudi NT,Qatar NT,5,Derby/High,54212,52665,Inma Stadium (ملعب الإنماء),6,West,VIP,23:05,3,23,Redirecting,0,0,33.3,70.6,34.7,14,0,0,0,High
KASC_2025_M15,AFC Qualifier,Saudi NT,Qatar NT,5,Derby/High,54212,52665,Inma Stadium (ملعب الإنماء),6,West,VIP,23:10,3,23,Redirecting,0,0,33.3,70.6,34.7,9,0,0,0,High
KASC_2025_M15,AFC Qualifier,Saudi NT,Qatar NT,5,Derby/High,54212,52665,Inma Stadium (ملعب الإنماء),6,West,VIP,23:15,3,23,Redirecting,0,0,33.3,70.6,34.7,13,0,0,0,High
KASC_2025_M15,AFC Qualifier,Saudi NT,Qatar NT,5,Derby/High,54212,52665,Inma Stadium (ملعب الإنماء),6,West,VIP,23:20,3,23,Redirecting,0,0,33.3,70.6,34.7,8,0,0,0,High
KASC_2025_M15,AFC Qualifier,Saudi NT,Qatar NT,5,Derby/High,54212,52665,Inma Stadium (ملعب الإنماء),6,West,VIP,23:25,3,23,Redirecting,0,0,33.3,70.6,34.7,13,0,0,0,High
KASC_2025_M15,AFC Qualifier,Saudi NT,Qatar NT,5,Derby/High,54212,52665,Inma Stadium (ملعب الإنماء),6,West,VIP,23:30,3,23,Redirecting,0,0,33.3,70.6,34.7,6,0,0,0,High
KASC_2025_M15,AFC Qualifier,Saudi NT,Qatar NT,5,Derby/High,54212,52665,Inma Stadium (ملعب الإنماء),6,West,VIP,23:35,3,23,Redirecting,0,0,33.3,70.6,34.7,14,0,0,0,High
KASC_2025_M15,AFC Qualifier,Saudi NT,Qatar NT,5,Derby/High,54212,52665,Inma Stadium (ملعب الإنماء),6,West,VIP,23:40,3,23,Redirecting,0,0,33.3,70.6,34.7,12,0,0,0,High
KASC_2025_M15,AFC Qualifier,Saudi NT,Qatar NT,5,Derby/High,54212,52665,Inma Stadium (ملعب الإنماء),6,West,VIP,23:45,3,23,Redirecting,0,0,33.3,70.6,34.7,11,0,0,0,High
KASC_2025_M15,AFC Qualifier,Saudi NT,Qatar NT,5,Derby/High,54212,52665,Inma Stadium (ملعب الإنماء),6,West,VIP,23:50,3,23,Redirecting,0,0,33.3,70.6,34.7,14,0,0,0,High
KASC_2025_M15,AFC Qualifier,Saudi NT,Qatar NT,5,Derby/High,54212,52665,Inma Stadium (ملعب الإنماء),6,West,VIP,23:55,3,23,Redirecting,0,0,33.3,70.6,34.7,16,0,0,0,High
KASC_2025_M16,AFC Qualifier,Saudi NT,UAE NT,5,Derby/High,57381,56393,Inma Stadium (ملعب الإنماء),1,North,Home,17:00,8,13,Normal,0,0,31.7,62.7,33.0,14,0,0,1,Low
KASC_2025_M16,AFC Qualifier,Saudi NT,UAE NT,5,Derby/High,57381,56393,Inma Stadium (ملعب الإنماء),1,North,Home,17:05,8,13,Normal,0,0,31.7,62.7,33.0,8,2,2,1,Medium
KASC_2025_M16,AFC Qualifier,Saudi NT,UAE NT,5,Derby/High,57381,56393,Inma Stadium (ملعب الإنماء),1,North,Home,17:10,8,13,Normal,0,0,31.7,62.7,33.0,9,6,6,1,High
KASC_2025_M16,AFC Qualifier,Saudi NT,UAE NT,5,Derby/High,57381,56393,Inma Stadium (ملعب الإنماء),1,North,Home,17:15,8,13,Normal,0,0,31.7,62.7,33.0,10,10,8,2,High
KASC_2025_M16,AFC Qualifier,Saudi NT,UAE NT,5,Derby/High,57381,56393,Inma Stadium (ملعب الإنماء),1,North,Home,17:20,8,13,Normal,0,0,31.7,62.7,33.0,13,8,5,1,High
KASC_2025_M16,AFC Qualifier,Saudi NT,UAE NT,5,Derby/High,57381,56393,Inma Stadium (ملعب الإنماء),1,North,Home,17:25,8,13,Normal,0,0,31.7,62.7,33.0,10,7,6,0,High
KASC_2025_M16,AFC Qualifier,Saudi NT,UAE NT,5,Derby/High,57381,56393,Inma Stadium (ملعب الإنماء),1,North,Home,17:30,8,13,Normal,0,0,31.7,62.7,33.0,11,6,5,2,Medium
KASC_2025_M16,AFC Qualifier,Saudi NT,UAE NT,5,Derby/High,57381,56393,Inma Stadium (ملعب الإنماء),1,North,Home,17:35,8,13,Normal,0,0,31.7,62.7,33.0,6,13,18,0,High
KASC_2025_M16,AFC Qualifier,Saudi NT,UAE NT,5,Derby/High,57381,56393,Inma Stadium (ملعب الإنماء),1,North,Home,17:40,8,13,Normal,0,0,31.7,62.7,33.0,9,2,2,6,Low
KASC_2025_M16,AFC Qualifier,Saudi NT,UAE NT,5,Derby/High,57381,56393,Inma Stadium (ملعب الإنماء),1,North,Home,17:45,8,13,Normal,0,0,31.7,62.7,33.0,15,54,29,5,High
KASC_2025_M16,AFC Qualifier,Saudi NT,UAE NT,5,Derby/High,57381,56393,Inma Stadium (ملعب الإنماء),1,North,Home,17:50,8,13,Normal,0,0,31.7,62.7,33.0,10,40,32,2,High
KASC_2025_M16,AFC Qualifier,Saudi NT,UAE NT,5,Derby/High,57381,56393,Inma Stadium (ملعب الإنماء),1,North,Home,17:55,8,13,Normal,0,0,31.7,62.7,33.0,10,30,24,8,High
KASC_2025_M16,AFC Qualifier,Saudi NT,UAE NT,5,Derby/High,57381,56393,Inma Stadium (ملعب الإنماء),1,North,Home,18:00,8,13,Normal,0,0,31.7,62.7,33.0,10,26,21,13,Medium
KASC_2025_M16,AFC Qualifier,Saudi NT,UAE NT,5,Derby/High,57381,56393,Inma Stadium (ملعب الإنماء),1,North,Home,18:05,8,13,Normal,0,0,31.7,62.7,33.0,11,45,33,13,High
KASC_2025_M16,AFC Qualifier,Saudi NT,UAE NT,5,Derby/High,57381,56393,Inma Stadium (ملعب الإنماء),1,North,Home,18:10,8,13,Normal,0,0,31.7,62.7,33.0,14,87,50,17,High
KASC_2025_M16,AFC Qualifier,Saudi NT,UAE NT,5,Derby/High,57381,56393,Inma Stadium (ملعب الإنماء),1,North,Home,18:15,8,13,Normal,0,0,31.7,62.7,33.0,10,67,54,13,High
KASC_2025_M16,AFC Qualifier,Saudi NT,UAE NT,5,Derby/High,57381,56393,Inma Stadium (ملعب الإنماء),1,North,Home,18:20,8,13,Normal,0,0,31.7,62.7,33.0,16,112,56,14,High
KASC_2025_M16,AFC Qualifier,Saudi NT,UAE NT,5,Derby/High,57381,56393,Inma Stadium (ملعب الإنماء),1,North,Home,18:25,8,13,Normal,0,0,31.7,62.7,33.0,17,119,56,14,High
KASC_2025_M16,AFC Qualifier,Saudi NT,UAE NT,5,Derby/High,57381,56393,Inma Stadium (ملعب الإنماء),1,North,Home,18:30,8,13,Normal,0,0,31.7,62.7,33.0,6,43,58,16,High
KASC_2025_M16,AFC Qualifier,Saudi NT,UAE NT,5,Derby/High,57381,56393,Inma Stadium (ملعب الإنماء),1,North,Home,18:35,8,13,Normal,0,0,31.7,62.7,33.0,12,126,84,30,High
KASC_2025_M16,AFC Qualifier,Saudi NT,UAE NT,5,Derby/High,57381,56393,Inma Stadium (ملعب الإنماء),1,North,Home,18:40,8,13,Normal,0,0,31.7,62.7,33.0,10,121,97,23,High
KASC_2025_M16,AFC Qualifier,Saudi NT,UAE NT,5,Derby/High,57381,56393,Inma Stadium (ملعب الإنماء),1,North,Home,18:45,8,13,Normal,0,0,31.7,62.7,33.0,8,73,73,26,High
KASC_2025_M16,AFC Qualifier,Saudi NT,UAE NT,5,Derby/High,57381,56393,Inma Stadium (ملعب الإنماء),1,North,Home,18:50,8,13,Normal,0,0,31.7,62.7,33.0,12,115,77,31,High
KASC_2025_M16,AFC Qualifier,Saudi NT,UAE NT,5,Derby/High,57381,56393,Inma Stadium (ملعب الإنماء),1,North,Home,18:55,8,13,Normal,0,0,31.7,62.7,33.0,16,186,93,21,High
KASC_2025_M16,AFC Qualifier,Saudi NT,UAE NT,5,Derby/High,57381,56393,Inma Stadium (ملعب الإنماء),1,North,Home,19:00,8,13,Normal,0,0,31.7,62.7,33.0,8,97,97,26,High
KASC_2025_M16,AFC Qualifier,Saudi NT,UAE NT,5,Derby/High,57381,56393,Inma Stadium (ملعب الإنماء),1,North,Home,19:05,8,13,Normal,0,0,31.7,62.7,33.0,20,240,96,30,High
KASC_2025_M16,AFC Qualifier,Saudi NT,UAE NT,5,Derby/High,57381,56393,Inma Stadium (ملعب الإنماء),1,North,Home,19:10,8,13,Normal,0,0,31.7,62.7,33.0,10,142,114,31,High
KASC_2025_M16,AFC Qualifier,Saudi NT,UAE NT,5,Derby/High,57381,56393,Inma Stadium (ملعب الإنماء),1,North,Home,19:15,8,13,Normal,0,0,31.7,62.7,33.0,15,225,120,26,High
KASC_2025_M16,AFC Qualifier,Saudi NT,UAE NT,5,Derby/High,57381,56393,Inma Stadium (ملعب الإنماء),1,North,Home,19:20,8,13,Normal,0,0,31.7,62.7,33.0,17,257,121,19,High
KASC_2025_M16,AFC Qualifier,Saudi NT,UAE NT,5,Derby/High,57381,56393,Inma Stadium (ملعب الإنماء),1,North,Home,19:25,8,13,Normal,0,0,31.7,62.7,33.0,10,137,110,29,High
KASC_2025_M16,AFC Qualifier,Saudi NT,UAE NT,5,Derby/High,57381,56393,Inma Stadium (ملعب الإنماء),1,North,Home,19:30,8,13,Normal,0,0,31.7,62.7,33.0,16,264,132,29,High
KASC_2025_M16,AFC Qualifier,Saudi NT,UAE NT,5,Derby/High,57381,56393,Inma Stadium (ملعب الإنماء),1,North,Home,19:35,8,13,Normal,0,0,31.7,62.7,33.0,15,202,108,36,High
KASC_2025_M16,AFC Qualifier,Saudi NT,UAE NT,5,Derby/High,57381,56393,Inma Stadium (ملعب الإنماء),1,North,Home,19:40,8,13,Normal,0,0,31.7,62.7,33.0,11,176,128,26,High
KASC_2025_M16,AFC Qualifier,Saudi NT,UAE NT,5,Derby/High,57381,56393,Inma Stadium (ملعب الإنماء),1,North,Home,19:45,8,13,Normal,0,0,31.7,62.7,33.0,13,188,116,38,High
KASC_2025_M16,AFC Qualifier,Saudi NT,UAE NT,5,Derby/High,57381,56393,Inma Stadium (ملعب الإنماء),1,North,Home,19:50,8,13,Normal,0,0,31.7,62.7,33.0,15,172,92,23,High
KASC_2025_M16,AFC Qualifier,Saudi NT,UAE NT,5,Derby/High,57381,56393,Inma Stadium (ملعب الإنماء),1,North,Home,19:55,8,13,Normal,0,0,31.7,62.7,33.0,15,232,124,28,High
KASC_2025_M16,AFC Qualifier,Saudi NT,UAE NT,5,Derby/High,57381,56393,Inma Stadium (ملعب الإنماء),1,North,Home,20:00,8,13,Normal,0,0,31.7,62.7,33.0,13,177,109,26,High
KASC_2025_M16,AFC Qualifier,Saudi NT,UAE NT,5,Derby/High,57381,56393,Inma Stadium (ملعب الإنماء),1,North,Home,20:05,8,13,Normal,0,0,31.7,62.7,33.0,12,162,108,27,High
KASC_2025_M16,AFC Qualifier,Saudi NT,UAE NT,5,Derby/High,57381,56393,Inma Stadium (ملعب الإنماء),1,North,Home,20:10,8,13,Normal,0,0,31.7,62.7,33.0,13,144,89,25,High
KASC_2025_M16,AFC Qualifier,Saudi NT,UAE NT,5,Derby/High,57381,56393,Inma Stadium (ملعب الإنماء),1,North,Home,20:15,8,13,Normal,0,0,31.7,62.7,33.0,11,110,80,19,High
KASC_2025_M16,AFC Qualifier,Saudi NT,UAE NT,5,Derby/High,57381,56393,Inma Stadium (ملعب الإنماء),1,North,Home,20:20,8,13,Normal,0,0,31.7,62.7,33.0,10,91,73,16,High
KASC_2025_M16,AFC Qualifier,Saudi NT,UAE NT,5,Derby/High,57381,56393,Inma Stadium (ملعب الإنماء),1,North,Home,20:25,8,13,Normal,0,0,31.7,62.7,33.0,9,78,70,22,High
KASC_2025_M16,AFC Qualifier,Saudi NT,UAE NT,5,Derby/High,57381,56393,Inma Stadium (ملعب الإنماء),1,North,Home,20:30,8,13,Normal,0,0,31.7,62.7,33.0,12,93,62,14,High
KASC_2025_M16,AFC Qualifier,Saudi NT,UAE NT,5,Derby/High,57381,56393,Inma Stadium (ملعب الإنماء),1,North,Home,20:35,8,13,Normal,0,0,31.7,62.7,33.0,12,79,53,20,High
KASC_2025_M16,AFC Qualifier,Saudi NT,UAE NT,5,Derby/High,57381,56393,Inma Stadium (ملعب الإنماء),1,North,Home,20:40,8,13,Normal,0,0,31.7,62.7,33.0,10,65,52,19,High
KASC_2025_M16,AFC Qualifier,Saudi NT,UAE NT,5,Derby/High,57381,56393,Inma Stadium (ملعب الإنماء),1,North,Home,20:45,8,13,Normal,0,0,31.7,62.7,33.0,18,94,42,12,High
KASC_2025_M16,AFC Qualifier,Saudi NT,UAE NT,5,Derby/High,57381,56393,Inma Stadium (ملعب الإنماء),1,North,Home,20:50,8,13,Normal,0,0,31.7,62.7,33.0,13,40,25,12,Medium
KASC_2025_M16,AFC Qualifier,Saudi NT,UAE NT,5,Derby/High,57381,56393,Inma Stadium (ملعب الإنماء),1,North,Home,20:55,8,13,Normal,0,0,31.7,62.7,33.0,9,46,41,8,High
KASC_2025_M16,AFC Qualifier,Saudi NT,UAE NT,5,Derby/High,57381,56393,Inma Stadium (ملعب الإنماء),1,North,Home,21:00,8,13,Normal,0,0,31.7,62.7,33.0,7,24,28,11,High
KASC_2025_M16,AFC Qualifier,Saudi NT,UAE NT,5,Derby/High,57381,56393,Inma Stadium (ملعب الإنماء),1,North,Home,21:05,8,13,Normal,0,0,31.7,62.7,33.0,11,44,32,10,High
KASC_2025_M16,AFC Qualifier,Saudi NT,UAE NT,5,Derby/High,57381,56393,Inma Stadium (ملعب الإنماء),1,North,Home,21:10,8,13,Normal,0,0,31.7,62.7,33.0,14,43,25,8,High
KASC_2025_M16,AFC Qualifier,Saudi NT,UAE NT,5,Derby/High,57381,56393,Inma Stadium (ملعب الإنماء),1,North,Home,21:15,8,13,Normal,0,0,31.7,62.7,33.0,9,23,21,6,High
KASC_2025_M16,AFC Qualifier,Saudi NT,UAE NT,5,Derby/High,57381,56393,Inma Stadium (ملعب الإنماء),1,North,Home,21:20,8,13,Normal,0,0,31.7,62.7,33.0,13,29,18,1,High
KASC_2025_M16,AFC Qualifier,Saudi NT,UAE NT,5,Derby/High,57381,56393,Inma Stadium (ملعب الإنماء),1,North,Home,21:25,8,13,Normal,0,0,31.7,62.7,33.0,15,16,9,3,High
KASC_2025_M16,AFC Qualifier,Saudi NT,UAE NT,5,Derby/High,57381,56393,Inma Stadium (ملعب الإنماء),1,North,Home,21:30,8,13,Normal,0,0,31.7,62.7,33.0,11,13,10,5,Medium
KASC_2025_M16,AFC Qualifier,Saudi NT,UAE NT,5,Derby/High,57381,56393,Inma Stadium (ملعب الإنماء),1,North,Home,21:35,8,13,Normal,0,0,31.7,62.7,33.0,9,6,6,3,Medium
KASC_2025_M16,AFC Qualifier,Saudi NT,UAE NT,5,Derby/High,57381,56393,Inma Stadium (ملعب الإنماء),1,North,Home,21:40,8,13,Normal,0,0,31.7,62.7,33.0,7,4,5,1,High
KASC_2025_M16,AFC Qualifier,Saudi NT,UAE NT,5,Derby/High,57381,56393,Inma Stadium (ملعب الإنماء),1,North,Home,21:45,8,13,Normal,0,0,31.7,62.7,33.0,16,12,6,1,High
KASC_2025_M16,AFC Qualifier,Saudi NT,UAE NT,5,Derby/High,57381,56393,Inma Stadium (ملعب الإنماء),1,North,Home,21:50,8,13,Normal,0,0,31.7,62.7,33.0,12,12,8,2,High
KASC_2025_M16,AFC Qualifier,Saudi NT,UAE NT,5,Derby/High,57381,56393,Inma Stadium (ملعب الإنماء),1,North,Home,21:55,8,13,Normal,0,0,31.7,62.7,33.0,17,4,2,0,High
KASC_2025_M16,AFC Qualifier,Saudi NT,UAE NT,5,Derby/High,57381,56393,Inma Stadium (ملعب الإنماء),1,North,Home,22:00,8,13,Normal,0,0,31.7,62.7,33.0,10,1,1,0,Medium
KASC_2025_M16,AFC Qualifier,Saudi NT,UAE NT,5,Derby/High,57381,56393,Inma Stadium (ملعب الإنماء),1,North,Home,22:05,8,13,Normal,0,0,31.7,62.7,33.0,10,1,1,0,Medium
KASC_2025_M16,AFC Qualifier,Saudi NT,UAE NT,5,Derby/High,57381,56393,Inma Stadium (ملعب الإنماء),1,North,Home,22:10,8,13,Normal,0,0,31.7,62.7,33.0,9,1,1,1,Low
KASC_2025_M16,AFC Qualifier,Saudi NT,UAE NT,5,Derby/High,57381,56393,Inma Stadium (ملعب الإنماء),1,North,Home,22:15,8,13,Normal,0,0,31.7,62.7,33.0,12,6,4,0,High
KASC_2025_M16,AFC Qualifier,Saudi NT,UAE NT,5,Derby/High,57381,56393,Inma Stadium (ملعب الإنماء),1,North,Home,22:20,8,13,Normal,0,0,31.7,62.7,33.0,6,0,0,0,Low
KASC_2025_M16,AFC Qualifier,Saudi NT,UAE NT,5,Derby/High,57381,56393,Inma Stadium (ملعب الإنماء),1,North,Home,22:25,8,13,Normal,0,0,31.7,62.7,33.0,15,0,0,0,Low
KASC_2025_M16,AFC Qualifier,Saudi NT,UAE NT,5,Derby/High,57381,56393,Inma Stadium (ملعب الإنماء),1,North,Home,22:30,8,13,Normal,0,0,31.7,62.7,33.0,6,0,0,0,Low
KASC_2025_M16,AFC Qualifier,Saudi NT,UAE NT,5,Derby/High,57381,56393,Inma Stadium (ملعب الإنماء),1,North,Home,22:35,8,13,Normal,0,0,31.7,62.7,33.0,11,0,0,0,Low
KASC_2025_M16,AFC Qualifier,Saudi NT,UAE NT,5,Derby/High,57381,56393,Inma Stadium (ملعب الإنماء),1,North,Home,22:40,8,13,Normal,0,0,31.7,62.7,33.0,13,0,0,1,Low
KASC_2025_M16,AFC Qualifier,Saudi NT,UAE NT,5,Derby/High,57381,56393,Inma Stadium (ملعب الإنماء),1,North,Home,22:45,8,13,Normal,0,0,31.7,62.7,33.0,11,0,0,0,Low
KASC_2025_M16,AFC Qualifier,Saudi NT,UAE NT,5,Derby/High,57381,56393,Inma Stadium (ملعب الإنماء),1,North,Home,22:50,8,13,Normal,0,0,31.7,62.7,33.0,11,0,0,0,Low
KASC_2025_M16,AFC Qualifier,Saudi NT,UAE NT,5,Derby/High,57381,56393,Inma Stadium (ملعب الإنماء),1,North,Home,22:55,8,13,Normal,0,0,31.7,62.7,33.0,14,0,0,0,Low
KASC_2025_M16,AFC Qualifier,Saudi NT,UAE NT,5,Derby/High,57381,56393,Inma Stadium (ملعب الإنماء),1,North,Home,23:00,8,13,Normal,0,0,31.7,62.7,33.0,11,0,0,0,Low
KASC_2025_M16,AFC Qualifier,Saudi NT,UAE NT,5,Derby/High,57381,56393,Inma Stadium (ملعب الإنماء),1,North,Home,23:05,8,13,Normal,0,0,31.7,62.7,33.0,17,0,0,0,Low
KASC_2025_M16,AFC Qualifier,Saudi NT,UAE NT,5,Derby/High,57381,56393,Inma Stadium (ملعب الإنماء),1,North,Home,23:10,8,13,Normal,0,0,31.7,62.7,33.0,13,0,0,0,Low
KASC_2025_M16,AFC Qualifier,Saudi NT,UAE NT,5,Derby/High,57381,56393,Inma Stadium (ملعب الإنماء),1,North,Home,23:15,8,13,Normal,0,0,31.7,62.7,33.0,15,0,0,0,Low
KASC_2025_M16,AFC Qualifier,Saudi NT,UAE NT,5,Derby/High,57381,56393,Inma Stadium (ملعب الإنماء),1,North,Home,23:20,8,13,Normal,0,0,31.7,62.7,33.0,7,0,0,0,Low
KASC_2025_M16,AFC Qualifier,Saudi NT,UAE NT,5,Derby/High,57381,56393,Inma Stadium (ملعب الإنماء),1,North,Home,23:25,8,13,Normal,0,0,31.7,62.7,33.0,15,0,0,0,Low
KASC_2025_M16,AFC Qualifier,Saudi NT,UAE NT,5,Derby/High,57381,56393,Inma Stadium (ملعب الإنماء),1,North,Home,23:30,8,13,Normal,0,0,31.7,62.7,33.0,16,0,0,0,Low
KASC_2025_M16,AFC Qualifier,Saudi NT,UAE NT,5,Derby/High,57381,56393,Inma Stadium (ملعب الإنماء),1,North,Home,23:35,8,13,Normal,0,0,31.7,62.7,33.0,12,0,0,0,Low
KASC_2025_M16,AFC Qualifier,Saudi NT,UAE NT,5,Derby/High,57381,56393,Inma Stadium (ملعب الإنماء),1,North,Home,23:40,8,13,Normal,0,0,31.7,62.7,33.0,11,0,0,0,Low
KASC_2025_M16,AFC Qualifier,Saudi NT,UAE NT,5,Derby/High,57381,56393,Inma Stadium (ملعب الإنماء),1,North,Home,23:45,8,13,Normal,0,0,31.7,62.7,33.0,14,0,0,0,Low
KASC_2025_M16,AFC Qualifier,Saudi NT,UAE NT,5,Derby/High,57381,56393,Inma Stadium (ملعب الإنماء),1,North,Home,23:50,8,13,Normal,0,0,31.7,62.7,33.0,9,0,0,0,Low
KASC_2025_M16,AFC Qualifier,Saudi NT,UAE NT,5,Derby/High,57381,56393,Inma Stadium (ملعب الإنماء),1,North,Home,23:55,8,13,Normal,0,0,31.7,62.7,33.0,11,0,0,0,Low
KASC_2025_M16,AFC Qualifier,Saudi NT,UAE NT,5,Derby/High,57381,56393,Inma Stadium (ملعب الإنماء),2,North,Home,17:00,4,24,Normal,0,0,31.7,62.7,33.0,12,0,0,0,Medium
KASC_2025_M16,AFC Qualifier,Saudi NT,UAE NT,5,Derby/High,57381,56393,Inma Stadium (ملعب الإنماء),2,North,Home,17:05,4,24,Normal,0,0,31.7,62.7,33.0,13,0,0,0,Medium
KASC_2025_M16,AFC Qualifier,Saudi NT,UAE NT,5,Derby/High,57381,56393,Inma Stadium (ملعب الإنماء),2,North,Home,17:10,4,24,Normal,0,0,31.7,62.7,33.0,11,2,1,2,Medium
KASC_2025_M16,AFC Qualifier,Saudi NT,UAE NT,5,Derby/High,57381,56393,Inma Stadium (ملعب الإنماء),2,North,Home,17:15,4,24,Normal,0,0,31.7,62.7,33.0,13,6,2,0,High
KASC_2025_M16,AFC Qualifier,Saudi NT,UAE NT,5,Derby/High,57381,56393,Inma Stadium (ملعب الإنماء),2,North,Home,17:20,4,24,Normal,0,0,31.7,62.7,33.0,8,8,4,5,Medium
KASC_2025_M16,AFC Qualifier,Saudi NT,UAE NT,5,Derby/High,57381,56393,Inma Stadium (ملعب الإنماء),2,North,Home,17:25,4,24,Normal,0,0,31.7,62.7,33.0,12,18,6,2,High
KASC_2025_M16,AFC Qualifier,Saudi NT,UAE NT,5,Derby/High,57381,56393,Inma Stadium (ملعب الإنماء),2,North,Home,17:30,4,24,Normal,0,0,31.7,62.7,33.0,12,6,2,2,Medium
KASC_2025_M16,AFC Qualifier,Saudi NT,UAE NT,5,Derby/High,57381,56393,Inma Stadium (ملعب الإنماء),2,North,Home,17:35,4,24,Normal,0,0,31.7,62.7,33.0,9,9,4,10,Low
KASC_2025_M16,AFC Qualifier,Saudi NT,UAE NT,5,Derby/High,57381,56393,Inma Stadium (ملعب الإنماء),2,North,Home,17:40,4,24,Normal,0,0,31.7,62.7,33.0,10,17,7,9,Medium
KASC_2025_M16,AFC Qualifier,Saudi NT,UAE NT,5,Derby/High,57381,56393,Inma Stadium (ملعب الإنماء),2,North,Home,17:45,4,24,Normal,0,0,31.7,62.7,33.0,13,26,8,6,High
KASC_2025_M16,AFC Qualifier,Saudi NT,UAE NT,5,Derby/High,57381,56393,Inma Stadium (ملعب الإنماء),2,North,Home,17:50,4,24,Normal,0,0,31.7,62.7,33.0,14,28,8,9,Medium
KASC_2025_M16,AFC Qualifier,Saudi NT,UAE NT,5,Derby/High,57381,56393,Inma Stadium (ملعب الإنماء),2,North,Home,17:55,4,24,Normal,0,0,31.7,62.7,33.0,18,58,13,4,High
KASC_2025_M16,AFC Qualifier,Saudi NT,UAE NT,5,Derby/High,57381,56393,Inma Stadium (ملعب الإنماء),2,North,Home,18:00,4,24,Normal,0,0,31.7,62.7,33.0,10,55,22,7,High
KASC_2025_M16,AFC Qualifier,Saudi NT,UAE NT,5,Derby/High,57381,56393,Inma Stadium (ملعب الإنماء),2,North,Home,18:05,4,24,Normal,0,0,31.7,62.7,33.0,13,52,16,7,High
KASC_2025_M16,AFC Qualifier,Saudi NT,UAE NT,5,Derby/High,57381,56393,Inma Stadium (ملعب الإنماء),2,North,Home,18:10,4,24,Normal,0,0,31.7,62.7,33.0,7,31,18,14,High
KASC_2025_M16,AFC Qualifier,Saudi NT,UAE NT,5,Derby/High,57381,56393,Inma Stadium (ملعب الإنماء),2,North,Home,18:15,4,24,Normal,0,0,31.7,62.7,33.0,14,91,26,13,High
KASC_2025_M16,AFC Qualifier,Saudi NT,UAE NT,5,Derby/High,57381,56393,Inma Stadium (ملعب الإنماء),2,North,Home,18:20,4,24,Normal,0,0,31.7,62.7,33.0,17,140,33,15,High
KASC_2025_M16,AFC Qualifier,Saudi NT,UAE NT,5,Derby/High,57381,56393,Inma Stadium (ملعب الإنماء),2,North,Home,18:25,4,24,Normal,0,0,31.7,62.7,33.0,9,74,33,9,High
KASC_2025_M16,AFC Qualifier,Saudi NT,UAE NT,5,Derby/High,57381,56393,Inma Stadium (ملعب الإنماء),2,North,Home,18:30,4,24,Normal,0,0,31.7,62.7,33.0,10,85,34,31,Medium
KASC_2025_M16,AFC Qualifier,Saudi NT,UAE NT,5,Derby/High,57381,56393,Inma Stadium (ملعب الإنماء),2,North,Home,18:35,4,24,Normal,0,0,31.7,62.7,33.0,12,111,37,18,High
KASC_2025_M16,AFC Qualifier,Saudi NT,UAE NT,5,Derby/High,57381,56393,Inma Stadium (ملعب الإنماء),2,North,Home,18:40,4,24,Normal,0,0,31.7,62.7,33.0,11,77,28,23,Medium
KASC_2025_M16,AFC Qualifier,Saudi NT,UAE NT,5,Derby/High,57381,56393,Inma Stadium (ملعب الإنماء),2,North,Home,18:45,4,24,Normal,0,0,31.7,62.7,33.0,7,66,38,21,High
KASC_2025_M16,AFC Qualifier,Saudi NT,UAE NT,5,Derby/High,57381,56393,Inma Stadium (ملعب الإنماء),2,North,Home,18:50,4,24,Normal,0,0,31.7,62.7,33.0,6,73,49,20,High
KASC_2025_M16,AFC Qualifier,Saudi NT,UAE NT,5,Derby/High,57381,56393,Inma Stadium (ملعب الإنماء),2,North,Home,18:55,4,24,Normal,0,0,31.7,62.7,33.0,11,159,58,27,High
KASC_2025_M16,AFC Qualifier,Saudi NT,UAE NT,5,Derby/High,57381,56393,Inma Stadium (ملعب الإنماء),2,North,Home,19:00,4,24,Normal,0,0,31.7,62.7,33.0,12,144,48,23,High
KASC_2025_M16,AFC Qualifier,Saudi NT,UAE NT,5,Derby/High,57381,56393,Inma Stadium (ملعب الإنماء),2,North,Home,19:05,4,24,Normal,0,0,31.7,62.7,33.0,17,225,53,30,High
KASC_2025_M16,AFC Qualifier,Saudi NT,UAE NT,5,Derby/High,57381,56393,Inma Stadium (ملعب الإنماء),2,North,Home,19:10,4,24,Normal,0,0,31.7,62.7,33.0,13,188,58,31,High
KASC_2025_M16,AFC Qualifier,Saudi NT,UAE NT,5,Derby/High,57381,56393,Inma Stadium (ملعب الإنماء),2,North,Home,19:15,4,24,Normal,0,0,31.7,62.7,33.0,9,117,52,33,High
KASC_2025_M16,AFC Qualifier,Saudi NT,UAE NT,5,Derby/High,57381,56393,Inma Stadium (ملعب الإنماء),2,North,Home,19:20,4,24,Normal,0,0,31.7,62.7,33.0,12,195,65,29,High
KASC_2025_M16,AFC Qualifier,Saudi NT,UAE NT,5,Derby/High,57381,56393,Inma Stadium (ملعب الإنماء),2,North,Home,19:25,4,24,Normal,0,0,31.7,62.7,33.0,17,280,66,42,High
KASC_2025_M16,AFC Qualifier,Saudi NT,UAE NT,5,Derby/High,57381,56393,Inma Stadium (ملعب الإنماء),2,North,Home,19:30,4,24,Normal,0,0,31.7,62.7,33.0,11,159,58,37,High
KASC_2025_M16,AFC Qualifier,Saudi NT,UAE NT,5,Derby/High,57381,56393,Inma Stadium (ملعب الإنماء),2,North,Home,19:35,4,24,Normal,0,0,31.7,62.7,33.0,11,159,58,32,High
KASC_2025_M16,AFC Qualifier,Saudi NT,UAE NT,5,Derby/High,57381,56393,Inma Stadium (ملعب الإنماء),2,North,Home,19:40,4,24,Normal,0,0,31.7,62.7,33.0,8,138,69,27,High
KASC_2025_M16,AFC Qualifier,Saudi NT,UAE NT,5,Derby/High,57381,56393,Inma Stadium (ملعب الإنماء),2,North,Home,19:45,4,24,Normal,0,0,31.7,62.7,33.0,13,221,68,34,High
KASC_2025_M16,AFC Qualifier,Saudi NT,UAE NT,5,Derby/High,57381,56393,Inma Stadium (ملعب الإنماء),2,North,Home,19:50,4,24,Normal,0,0,31.7,62.7,33.0,16,216,54,28,High
KASC_2025_M16,AFC Qualifier,Saudi NT,UAE NT,5,Derby/High,57381,56393,Inma Stadium (ملعب الإنماء),2,North,Home,19:55,4,24,Normal,0,0,31.7,62.7,33.0,10,135,54,34,High
KASC_2025_M16,AFC Qualifier,Saudi NT,UAE NT,5,Derby/High,57381,56393,Inma Stadium (ملعب الإنماء),2,North,Home,20:00,4,24,Normal,0,0,31.7,62.7,33.0,11,104,38,28,High
KASC_2025_M16,AFC Qualifier,Saudi NT,UAE NT,5,Derby/High,57381,56393,Inma Stadium (ملعب الإنماء),2,North,Home,20:05,4,24,Normal,0,0,31.7,62.7,33.0,7,70,40,25,High
KASC_2025_M16,AFC Qualifier,Saudi NT,UAE NT,5,Derby/High,57381,56393,Inma Stadium (ملعب الإنماء),2,North,Home,20:10,4,24,Normal,0,0,31.7,62.7,33.0,16,180,45,22,High
KASC_2025_M16,AFC Qualifier,Saudi NT,UAE NT,5,Derby/High,57381,56393,Inma Stadium (ملعب الإنماء),2,North,Home,20:15,4,24,Normal,0,0,31.7,62.7,33.0,11,126,46,17,High
KASC_2025_M16,AFC Qualifier,Saudi NT,UAE NT,5,Derby/High,57381,56393,Inma Stadium (ملعب الإنماء),2,North,Home,20:20,4,24,Normal,0,0,31.7,62.7,33.0,12,102,34,19,High
KASC_2025_M16,AFC Qualifier,Saudi NT,UAE NT,5,Derby/High,57381,56393,Inma Stadium (ملعب الإنماء),2,North,Home,20:25,4,24,Normal,0,0,31.7,62.7,33.0,12,87,29,26,Medium
KASC_2025_M16,AFC Qualifier,Saudi NT,UAE NT,5,Derby/High,57381,56393,Inma Stadium (ملعب الإنماء),2,North,Home,20:30,4,24,Normal,0,0,31.7,62.7,33.0,10,85,34,19,High
KASC_2025_M16,AFC Qualifier,Saudi NT,UAE NT,5,Derby/High,57381,56393,Inma Stadium (ملعب الإنماء),2,North,Home,20:35,4,24,Normal,0,0,31.7,62.7,33.0,7,63,36,14,High
KASC_2025_M16,AFC Qualifier,Saudi NT,UAE NT,5,Derby/High,57381,56393,Inma Stadium (ملعب الإنماء),2,North,Home,20:40,4,24,Normal,0,0,31.7,62.7,33.0,13,78,24,11,High
KASC_2025_M16,AFC Qualifier,Saudi NT,UAE NT,5,Derby/High,57381,56393,Inma Stadium (ملعب الإنماء),2,North,Home,20:45,4,24,Normal,0,0,31.7,62.7,33.0,11,52,19,9,High
KASC_2025_M16,AFC Qualifier,Saudi NT,UAE NT,5,Derby/High,57381,56393,Inma Stadium (ملعب الإنماء),2,North,Home,20:50,4,24,Normal,0,0,31.7,62.7,33.0,10,55,22,10,High
KASC_2025_M16,AFC Qualifier,Saudi NT,UAE NT,5,Derby/High,57381,56393,Inma Stadium (ملعب الإنماء),2,North,Home,20:55,4,24,Normal,0,0,31.7,62.7,33.0,10,50,20,13,High
KASC_2025_M16,AFC Qualifier,Saudi NT,UAE NT,5,Derby/High,57381,56393,Inma Stadium (ملعب الإنماء),2,North,Home,21:00,4,24,Normal,0,0,31.7,62.7,33.0,9,31,14,6,High
KASC_2025_M16,AFC Qualifier,Saudi NT,UAE NT,5,Derby/High,57381,56393,Inma Stadium (ملعب الإنماء),2,North,Home,21:05,4,24,Normal,0,0,31.7,62.7,33.0,20,60,12,5,High
KASC_2025_M16,AFC Qualifier,Saudi NT,UAE NT,5,Derby/High,57381,56393,Inma Stadium (ملعب الإنماء),2,North,Home,21:10,4,24,Normal,0,0,31.7,62.7,33.0,13,29,9,3,High
KASC_2025_M16,AFC Qualifier,Saudi NT,UAE NT,5,Derby/High,57381,56393,Inma Stadium (ملعب الإنماء),2,North,Home,21:15,4,24,Normal,0,0,31.7,62.7,33.0,10,30,12,6,High
KASC_2025_M16,AFC Qualifier,Saudi NT,UAE NT,5,Derby/High,57381,56393,Inma Stadium (ملعب الإنماء),2,North,Home,21:20,4,24,Normal,0,0,31.7,62.7,33.0,13,29,9,6,High
KASC_2025_M16,AFC Qualifier,Saudi NT,UAE NT,5,Derby/High,57381,56393,Inma Stadium (ملعب الإنماء),2,North,Home,21:25,4,24,Normal,0,0,31.7,62.7,33.0,15,22,6,5,Medium
KASC_2025_M16,AFC Qualifier,Saudi NT,UAE NT,5,Derby/High,57381,56393,Inma Stadium (ملعب الإنماء),2,North,Home,21:30,4,24,Normal,0,0,31.7,62.7,33.0,9,9,4,4,Medium
KASC_2025_M16,AFC Qualifier,Saudi NT,UAE NT,5,Derby/High,57381,56393,Inma Stadium (ملعب الإنماء),2,North,Home,21:35,4,24,Normal,0,0,31.7,62.7,33.0,11,16,6,1,High
KASC_2025_M16,AFC Qualifier,Saudi NT,UAE NT,5,Derby/High,57381,56393,Inma Stadium (ملعب الإنماء),2,North,Home,21:40,4,24,Normal,0,0,31.7,62.7,33.0,11,11,4,0,High
KASC_2025_M16,AFC Qualifier,Saudi NT,UAE NT,5,Derby/High,57381,56393,Inma Stadium (ملعب الإنماء),2,North,Home,21:45,4,24,Normal,0,0,31.7,62.7,33.0,8,4,2,2,Medium
KASC_2025_M16,AFC Qualifier,Saudi NT,UAE NT,5,Derby/High,57381,56393,Inma Stadium (ملعب الإنماء),2,North,Home,21:50,4,24,Normal,0,0,31.7,62.7,33.0,14,7,2,0,High
KASC_2025_M16,AFC Qualifier,Saudi NT,UAE NT,5,Derby/High,57381,56393,Inma Stadium (ملعب الإنماء),2,North,Home,21:55,4,24,Normal,0,0,31.7,62.7,33.0,21,10,2,2,Medium
KASC_2025_M16,AFC Qualifier,Saudi NT,UAE NT,5,Derby/High,57381,56393,Inma Stadium (ملعب الإنماء),2,North,Home,22:00,4,24,Normal,0,0,31.7,62.7,33.0,18,0,0,1,Low
KASC_2025_M16,AFC Qualifier,Saudi NT,UAE NT,5,Derby/High,57381,56393,Inma Stadium (ملعب الإنماء),2,North,Home,22:05,4,24,Normal,0,0,31.7,62.7,33.0,6,1,1,1,Medium
KASC_2025_M16,AFC Qualifier,Saudi NT,UAE NT,5,Derby/High,57381,56393,Inma Stadium (ملعب الإنماء),2,North,Home,22:10,4,24,Normal,0,0,31.7,62.7,33.0,13,0,0,3,Low
KASC_2025_M16,AFC Qualifier,Saudi NT,UAE NT,5,Derby/High,57381,56393,Inma Stadium (ملعب الإنماء),2,North,Home,22:15,4,24,Normal,0,0,31.7,62.7,33.0,12,0,0,0,Medium
KASC_2025_M16,AFC Qualifier,Saudi NT,UAE NT,5,Derby/High,57381,56393,Inma Stadium (ملعب الإنماء),2,North,Home,22:20,4,24,Normal,0,0,31.7,62.7,33.0,7,3,2,0,High
KASC_2025_M16,AFC Qualifier,Saudi NT,UAE NT,5,Derby/High,57381,56393,Inma Stadium (ملعب الإنماء),2,North,Home,22:25,4,24,Normal,0,0,31.7,62.7,33.0,10,0,0,1,Low
KASC_2025_M16,AFC Qualifier,Saudi NT,UAE NT,5,Derby/High,57381,56393,Inma Stadium (ملعب الإنماء),2,North,Home,22:30,4,24,Normal,0,0,31.7,62.7,33.0,12,0,0,0,Medium
KASC_2025_M16,AFC Qualifier,Saudi NT,UAE NT,5,Derby/High,57381,56393,Inma Stadium (ملعب الإنماء),2,North,Home,22:35,4,24,Normal,0,0,31.7,62.7,33.0,9,0,0,0,Medium
KASC_2025_M16,AFC Qualifier,Saudi NT,UAE NT,5,Derby/High,57381,56393,Inma Stadium (ملعب الإنماء),2,North,Home,22:40,4,24,Normal,0,0,31.7,62.7,33.0,19,0,0,0,Medium
KASC_2025_M16,AFC Qualifier,Saudi NT,UAE NT,5,Derby/High,57381,56393,Inma Stadium (ملعب الإنماء),2,North,Home,22:45,4,24,Normal,0,0,31.7,62.7,33.0,16,0,0,0,Medium
KASC_2025_M16,AFC Qualifier,Saudi NT,UAE NT,5,Derby/High,57381,56393,Inma Stadium (ملعب الإنماء),2,North,Home,22:50,4,24,Normal,0,0,31.7,62.7,33.0,10,0,0,0,Medium
KASC_2025_M16,AFC Qualifier,Saudi NT,UAE NT,5,Derby/High,57381,56393,Inma Stadium (ملعب الإنماء),2,North,Home,22:55,4,24,Normal,0,0,31.7,62.7,33.0,13,0,0,0,Medium
KASC_2025_M16,AFC Qualifier,Saudi NT,UAE NT,5,Derby/High,57381,56393,Inma Stadium (ملعب الإنماء),2,North,Home,23:00,4,24,Normal,0,0,31.7,62.7,33.0,15,0,0,0,Medium
KASC_2025_M16,AFC Qualifier,Saudi NT,UAE NT,5,Derby/High,57381,56393,Inma Stadium (ملعب الإنماء),2,North,Home,23:05,4,24,Normal,0,0,31.7,62.7,33.0,11,0,0,0,Medium
KASC_2025_M16,AFC Qualifier,Saudi NT,UAE NT,5,Derby/High,57381,56393,Inma Stadium (ملعب الإنماء),2,North,Home,23:10,4,24,Normal,0,0,31.7,62.7,33.0,11,0,0,1,Low
KASC_2025_M16,AFC Qualifier,Saudi NT,UAE NT,5,Derby/High,57381,56393,Inma Stadium (ملعب الإنماء),2,North,Home,23:15,4,24,Normal,0,0,31.7,62.7,33.0,9,0,0,0,Medium
KASC_2025_M16,AFC Qualifier,Saudi NT,UAE NT,5,Derby/High,57381,56393,Inma Stadium (ملعب الإنماء),2,North,Home,23:20,4,24,Normal,0,0,31.7,62.7,33.0,14,0,0,0,Medium
KASC_2025_M16,AFC Qualifier,Saudi NT,UAE NT,5,Derby/High,57381,56393,Inma Stadium (ملعب الإنماء),2,North,Home,23:25,4,24,Normal,0,0,31.7,62.7,33.0,11,0,0,0,Medium
KASC_2025_M16,AFC Qualifier,Saudi NT,UAE NT,5,Derby/High,57381,56393,Inma Stadium (ملعب الإنماء),2,North,Home,23:30,4,24,Normal,0,0,31.7,62.7,33.0,6,0,0,0,Medium
KASC_2025_M16,AFC Qualifier,Saudi NT,UAE NT,5,Derby/High,57381,56393,Inma Stadium (ملعب الإنماء),2,North,Home,23:35,4,24,Normal,0,0,31.7,62.7,33.0,14,0,0,0,Medium
KASC_2025_M16,AFC Qualifier,Saudi NT,UAE NT,5,Derby/High,57381,56393,Inma Stadium (ملعب الإنماء),2,North,Home,23:40,4,24,Normal,0,0,31.7,62.7,33.0,11,0,0,0,Medium
KASC_2025_M16,AFC Qualifier,Saudi NT,UAE NT,5,Derby/High,57381,56393,Inma Stadium (ملعب الإنماء),2,North,Home,23:45,4,24,Normal,0,0,31.7,62.7,33.0,12,0,0,0,Medium
KASC_2025_M16,AFC Qualifier,Saudi NT,UAE NT,5,Derby/High,57381,56393,Inma Stadium (ملعب الإنماء),2,North,Home,23:50,4,24,Normal,0,0,31.7,62.7,33.0,13,0,0,0,Medium
KASC_2025_M16,AFC Qualifier,Saudi NT,UAE NT,5,Derby/High,57381,56393,Inma Stadium (ملعب الإنماء),2,North,Home,23:55,4,24,Normal,0,0,31.7,62.7,33.0,8,0,0,0,Medium
KASC_2025_M16,AFC Qualifier,Saudi NT,UAE NT,5,Derby/High,57381,56393,Inma Stadium (ملعب الإنماء),3,East,Home,17:00,9,25,Redirecting,0,0,31.7,62.7,33.0,14,3,2,2,Low
KASC_2025_M16,AFC Qualifier,Saudi NT,UAE NT,5,Derby/High,57381,56393,Inma Stadium (ملعب الإنماء),3,East,Home,17:05,9,25,Redirecting,0,0,31.7,62.7,33.0,9,1,1,2,Low
KASC_2025_M16,AFC Qualifier,Saudi NT,UAE NT,5,Derby/High,57381,56393,Inma Stadium (ملعب الإنماء),3,East,Home,17:10,9,25,Redirecting,0,0,31.7,62.7,33.0,6,4,6,0,High
KASC_2025_M16,AFC Qualifier,Saudi NT,UAE NT,5,Derby/High,57381,56393,Inma Stadium (ملعب الإنماء),3,East,Home,17:15,9,25,Redirecting,0,0,31.7,62.7,33.0,11,7,6,2,High
KASC_2025_M16,AFC Qualifier,Saudi NT,UAE NT,5,Derby/High,57381,56393,Inma Stadium (ملعب الإنماء),3,East,Home,17:20,9,25,Redirecting,0,0,31.7,62.7,33.0,15,20,12,6,Medium
KASC_2025_M16,AFC Qualifier,Saudi NT,UAE NT,5,Derby/High,57381,56393,Inma Stadium (ملعب الإنماء),3,East,Home,17:25,9,25,Redirecting,0,0,31.7,62.7,33.0,11,12,10,1,High
KASC_2025_M16,AFC Qualifier,Saudi NT,UAE NT,5,Derby/High,57381,56393,Inma Stadium (ملعب الإنماء),3,East,Home,17:30,9,25,Redirecting,0,0,31.7,62.7,33.0,14,14,9,5,Medium
KASC_2025_M16,AFC Qualifier,Saudi NT,UAE NT,5,Derby/High,57381,56393,Inma Stadium (ملعب الإنماء),3,East,Home,17:35,9,25,Redirecting,0,0,31.7,62.7,33.0,11,12,10,3,High
KASC_2025_M16,AFC Qualifier,Saudi NT,UAE NT,5,Derby/High,57381,56393,Inma Stadium (ملعب الإنماء),3,East,Home,17:40,9,25,Redirecting,0,0,31.7,62.7,33.0,19,35,17,7,High
KASC_2025_M16,AFC Qualifier,Saudi NT,UAE NT,5,Derby/High,57381,56393,Inma Stadium (ملعب الإنماء),3,East,Home,17:45,9,25,Redirecting,0,0,31.7,62.7,33.0,11,15,13,6,Medium
KASC_2025_M16,AFC Qualifier,Saudi NT,UAE NT,5,Derby/High,57381,56393,Inma Stadium (ملعب الإنماء),3,East,Home,17:50,9,25,Redirecting,0,0,31.7,62.7,33.0,11,33,27,5,High
KASC_2025_M16,AFC Qualifier,Saudi NT,UAE NT,5,Derby/High,57381,56393,Inma Stadium (ملعب الإنماء),3,East,Home,17:55,9,25,Redirecting,0,0,31.7,62.7,33.0,10,35,32,6,High
KASC_2025_M16,AFC Qualifier,Saudi NT,UAE NT,5,Derby/High,57381,56393,Inma Stadium (ملعب الإنماء),3,East,Home,18:00,9,25,Redirecting,0,0,31.7,62.7,33.0,17,52,28,10,High
KASC_2025_M16,AFC Qualifier,Saudi NT,UAE NT,5,Derby/High,57381,56393,Inma Stadium (ملعب الإنماء),3,East,Home,18:05,9,25,Redirecting,0,0,31.7,62.7,33.0,8,42,48,6,High
KASC_2025_M16,AFC Qualifier,Saudi NT,UAE NT,5,Derby/High,57381,56393,Inma Stadium (ملعب الإنماء),3,East,Home,18:10,9,25,Redirecting,0,0,31.7,62.7,33.0,8,41,47,13,High
KASC_2025_M16,AFC Qualifier,Saudi NT,UAE NT,5,Derby/High,57381,56393,Inma Stadium (ملعب الإنماء),3,East,Home,18:15,9,25,Redirecting,0,0,31.7,62.7,33.0,10,54,49,17,High
KASC_2025_M16,AFC Qualifier,Saudi NT,UAE NT,5,Derby/High,57381,56393,Inma Stadium (ملعب الإنماء),3,East,Home,18:20,9,25,Redirecting,0,0,31.7,62.7,33.0,14,54,35,12,High
KASC_2025_M16,AFC Qualifier,Saudi NT,UAE NT,5,Derby/High,57381,56393,Inma Stadium (ملعب الإنماء),3,East,Home,18:25,9,25,Redirecting,0,0,31.7,62.7,33.0,12,109,82,24,High
KASC_2025_M16,AFC Qualifier,Saudi NT,UAE NT,5,Derby/High,57381,56393,Inma Stadium (ملعب الإنماء),3,East,Home,18:30,9,25,Redirecting,0,0,31.7,62.7,33.0,9,55,55,11,High
KASC_2025_M16,AFC Qualifier,Saudi NT,UAE NT,5,Derby/High,57381,56393,Inma Stadium (ملعب الإنماء),3,East,Home,18:35,9,25,Redirecting,0,0,31.7,62.7,33.0,10,78,71,21,High
KASC_2025_M16,AFC Qualifier,Saudi NT,UAE NT,5,Derby/High,57381,56393,Inma Stadium (ملعب الإنماء),3,East,Home,18:40,9,25,Redirecting,0,0,31.7,62.7,33.0,16,133,75,23,High
KASC_2025_M16,AFC Qualifier,Saudi NT,UAE NT,5,Derby/High,57381,56393,Inma Stadium (ملعب الإنماء),3,East,Home,18:45,9,25,Redirecting,0,0,31.7,62.7,33.0,18,164,82,20,High
KASC_2025_M16,AFC Qualifier,Saudi NT,UAE NT,5,Derby/High,57381,56393,Inma Stadium (ملعب الإنماء),3,East,Home,18:50,9,25,Redirecting,0,0,31.7,62.7,33.0,13,141,98,20,High
KASC_2025_M16,AFC Qualifier,Saudi NT,UAE NT,5,Derby/High,57381,56393,Inma Stadium (ملعب الإنماء),3,East,Home,18:55,9,25,Redirecting,0,0,31.7,62.7,33.0,11,144,118,23,High
KASC_2025_M16,AFC Qualifier,Saudi NT,UAE NT,5,Derby/High,57381,56393,Inma Stadium (ملعب الإنماء),3,East,Home,19:00,9,25,Redirecting,0,0,31.7,62.7,33.0,10,101,91,19,High
KASC_2025_M16,AFC Qualifier,Saudi NT,UAE NT,5,Derby/High,57381,56393,Inma Stadium (ملعب الإنماء),3,East,Home,19:05,9,25,Redirecting,0,0,31.7,62.7,33.0,10,122,110,22,High
KASC_2025_M16,AFC Qualifier,Saudi NT,UAE NT,5,Derby/High,57381,56393,Inma Stadium (ملعب الإنماء),3,East,Home,19:10,9,25,Redirecting,0,0,31.7,62.7,33.0,13,122,85,26,High
KASC_2025_M16,AFC Qualifier,Saudi NT,UAE NT,5,Derby/High,57381,56393,Inma Stadium (ملعب الإنماء),3,East,Home,19:15,9,25,Redirecting,0,0,31.7,62.7,33.0,14,186,120,28,High
KASC_2025_M16,AFC Qualifier,Saudi NT,UAE NT,5,Derby/High,57381,56393,Inma Stadium (ملعب الإنماء),3,East,Home,19:20,9,25,Redirecting,0,0,31.7,62.7,33.0,12,130,98,24,High
KASC_2025_M16,AFC Qualifier,Saudi NT,UAE NT,5,Derby/High,57381,56393,Inma Stadium (ملعب الإنماء),3,East,Home,19:25,9,25,Redirecting,0,0,31.7,62.7,33.0,10,151,136,26,High
KASC_2025_M16,AFC Qualifier,Saudi NT,UAE NT,5,Derby/High,57381,56393,Inma Stadium (ملعب الإنماء),3,East,Home,19:30,9,25,Redirecting,0,0,31.7,62.7,33.0,10,151,136,26,High
KASC_2025_M16,AFC Qualifier,Saudi NT,UAE NT,5,Derby/High,57381,56393,Inma Stadium (ملعب الإنماء),3,East,Home,19:35,9,25,Redirecting,0,0,31.7,62.7,33.0,13,173,120,31,High
KASC_2025_M16,AFC Qualifier,Saudi NT,UAE NT,5,Derby/High,57381,56393,Inma Stadium (ملعب الإنماء),3,East,Home,19:40,9,25,Redirecting,0,0,31.7,62.7,33.0,8,118,133,31,High
KASC_2025_M16,AFC Qualifier,Saudi NT,UAE NT,5,Derby/High,57381,56393,Inma Stadium (ملعب الإنماء),3,East,Home,19:45,9,25,Redirecting,0,0,31.7,62.7,33.0,11,158,130,28,High
KASC_2025_M16,AFC Qualifier,Saudi NT,UAE NT,5,Derby/High,57381,56393,Inma Stadium (ملعب الإنماء),3,East,Home,19:50,9,25,Redirecting,0,0,31.7,62.7,33.0,13,143,99,31,High
KASC_2025_M16,AFC Qualifier,Saudi NT,UAE NT,5,Derby/High,57381,56393,Inma Stadium (ملعب الإنماء),3,East,Home,19:55,9,25,Redirecting,0,0,31.7,62.7,33.0,15,158,95,29,High
KASC_2025_M16,AFC Qualifier,Saudi NT,UAE NT,5,Derby/High,57381,56393,Inma Stadium (ملعب الإنماء),3,East,Home,20:00,9,25,Redirecting,0,0,31.7,62.7,33.0,15,125,75,28,High
KASC_2025_M16,AFC Qualifier,Saudi NT,UAE NT,5,Derby/High,57381,56393,Inma Stadium (ملعب الإنماء),3,East,Home,20:05,9,25,Redirecting,0,0,31.7,62.7,33.0,14,147,95,24,High
KASC_2025_M16,AFC Qualifier,Saudi NT,UAE NT,5,Derby/High,57381,56393,Inma Stadium (ملعب الإنماء),3,East,Home,20:10,9,25,Redirecting,0,0,31.7,62.7,33.0,6,64,97,25,High
KASC_2025_M16,AFC Qualifier,Saudi NT,UAE NT,5,Derby/High,57381,56393,Inma Stadium (ملعب الإنماء),3,East,Home,20:15,9,25,Redirecting,0,0,31.7,62.7,33.0,10,83,75,20,High
KASC_2025_M16,AFC Qualifier,Saudi NT,UAE NT,5,Derby/High,57381,56393,Inma Stadium (ملعب الإنماء),3,East,Home,20:20,9,25,Redirecting,0,0,31.7,62.7,33.0,15,123,74,25,High
KASC_2025_M16,AFC Qualifier,Saudi NT,UAE NT,5,Derby/High,57381,56393,Inma Stadium (ملعب الإنماء),3,East,Home,20:25,9,25,Redirecting,0,0,31.7,62.7,33.0,13,104,72,15,High
KASC_2025_M16,AFC Qualifier,Saudi NT,UAE NT,5,Derby/High,57381,56393,Inma Stadium (ملعب الإنماء),3,East,Home,20:30,9,25,Redirecting,0,0,31.7,62.7,33.0,11,96,79,20,High
KASC_2025_M16,AFC Qualifier,Saudi NT,UAE NT,5,Derby/High,57381,56393,Inma Stadium (ملعب الإنماء),3,East,Home,20:35,9,25,Redirecting,0,0,31.7,62.7,33.0,13,91,63,10,High
KASC_2025_M16,AFC Qualifier,Saudi NT,UAE NT,5,Derby/High,57381,56393,Inma Stadium (ملعب الإنماء),3,East,Home,20:40,9,25,Redirecting,0,0,31.7,62.7,33.0,11,83,68,12,High
KASC_2025_M16,AFC Qualifier,Saudi NT,UAE NT,5,Derby/High,57381,56393,Inma Stadium (ملعب الإنماء),3,East,Home,20:45,9,25,Redirecting,0,0,31.7,62.7,33.0,11,58,48,15,High
KASC_2025_M16,AFC Qualifier,Saudi NT,UAE NT,5,Derby/High,57381,56393,Inma Stadium (ملعب الإنماء),3,East,Home,20:50,9,25,Redirecting,0,0,31.7,62.7,33.0,9,35,35,15,High
KASC_2025_M16,AFC Qualifier,Saudi NT,UAE NT,5,Derby/High,57381,56393,Inma Stadium (ملعب الإنماء),3,East,Home,20:55,9,25,Redirecting,0,0,31.7,62.7,33.0,13,52,36,8,High
KASC_2025_M16,AFC Qualifier,Saudi NT,UAE NT,5,Derby/High,57381,56393,Inma Stadium (ملعب الإنماء),3,East,Home,21:00,9,25,Redirecting,0,0,31.7,62.7,33.0,15,23,14,11,Medium
KASC_2025_M16,AFC Qualifier,Saudi NT,UAE NT,5,Derby/High,57381,56393,Inma Stadium (ملعب الإنماء),3,East,Home,21:05,9,25,Redirecting,0,0,31.7,62.7,33.0,13,44,31,11,High
KASC_2025_M16,AFC Qualifier,Saudi NT,UAE NT,5,Derby/High,57381,56393,Inma Stadium (ملعب الإنماء),3,East,Home,21:10,9,25,Redirecting,0,0,31.7,62.7,33.0,13,52,36,7,High
KASC_2025_M16,AFC Qualifier,Saudi NT,UAE NT,5,Derby/High,57381,56393,Inma Stadium (ملعب الإنماء),3,East,Home,21:15,9,25,Redirecting,0,0,31.7,62.7,33.0,7,25,33,8,High
KASC_2025_M16,AFC Qualifier,Saudi NT,UAE NT,5,Derby/High,57381,56393,Inma Stadium (ملعب الإنماء),3,East,Home,21:20,9,25,Redirecting,0,0,31.7,62.7,33.0,13,24,17,4,High
KASC_2025_M16,AFC Qualifier,Saudi NT,UAE NT,5,Derby/High,57381,56393,Inma Stadium (ملعب الإنماء),3,East,Home,21:25,9,25,Redirecting,0,0,31.7,62.7,33.0,16,16,9,6,Medium
KASC_2025_M16,AFC Qualifier,Saudi NT,UAE NT,5,Derby/High,57381,56393,Inma Stadium (ملعب الإنماء),3,East,Home,21:30,9,25,Redirecting,0,0,31.7,62.7,33.0,12,12,9,1,High
KASC_2025_M16,AFC Qualifier,Saudi NT,UAE NT,5,Derby/High,57381,56393,Inma Stadium (ملعب الإنماء),3,East,Home,21:35,9,25,Redirecting,0,0,31.7,62.7,33.0,13,13,9,2,High
KASC_2025_M16,AFC Qualifier,Saudi NT,UAE NT,5,Derby/High,57381,56393,Inma Stadium (ملعب الإنماء),3,East,Home,21:40,9,25,Redirecting,0,0,31.7,62.7,33.0,12,10,8,0,High
KASC_2025_M16,AFC Qualifier,Saudi NT,UAE NT,5,Derby/High,57381,56393,Inma Stadium (ملعب الإنماء),3,East,Home,21:45,9,25,Redirecting,0,0,31.7,62.7,33.0,6,2,4,0,High
KASC_2025_M16,AFC Qualifier,Saudi NT,UAE NT,5,Derby/High,57381,56393,Inma Stadium (ملعب الإنماء),3,East,Home,21:50,9,25,Redirecting,0,0,31.7,62.7,33.0,13,8,6,1,High
KASC_2025_M16,AFC Qualifier,Saudi NT,UAE NT,5,Derby/High,57381,56393,Inma Stadium (ملعب الإنماء),3,East,Home,21:55,9,25,Redirecting,0,0,31.7,62.7,33.0,13,2,2,0,High
KASC_2025_M16,AFC Qualifier,Saudi NT,UAE NT,5,Derby/High,57381,56393,Inma Stadium (ملعب الإنماء),3,East,Home,22:00,9,25,Redirecting,0,0,31.7,62.7,33.0,11,1,1,0,Medium
KASC_2025_M16,AFC Qualifier,Saudi NT,UAE NT,5,Derby/High,57381,56393,Inma Stadium (ملعب الإنماء),3,East,Home,22:05,9,25,Redirecting,0,0,31.7,62.7,33.0,16,7,4,0,High
KASC_2025_M16,AFC Qualifier,Saudi NT,UAE NT,5,Derby/High,57381,56393,Inma Stadium (ملعب الإنماء),3,East,Home,22:10,9,25,Redirecting,0,0,31.7,62.7,33.0,14,0,0,2,Low
KASC_2025_M16,AFC Qualifier,Saudi NT,UAE NT,5,Derby/High,57381,56393,Inma Stadium (ملعب الإنماء),3,East,Home,22:15,9,25,Redirecting,0,0,31.7,62.7,33.0,13,0,0,1,Low
KASC_2025_M16,AFC Qualifier,Saudi NT,UAE NT,5,Derby/High,57381,56393,Inma Stadium (ملعب الإنماء),3,East,Home,22:20,9,25,Redirecting,0,0,31.7,62.7,33.0,15,1,1,0,Medium
KASC_2025_M16,AFC Qualifier,Saudi NT,UAE NT,5,Derby/High,57381,56393,Inma Stadium (ملعب الإنماء),3,East,Home,22:25,9,25,Redirecting,0,0,31.7,62.7,33.0,13,1,1,0,Medium
KASC_2025_M16,AFC Qualifier,Saudi NT,UAE NT,5,Derby/High,57381,56393,Inma Stadium (ملعب الإنماء),3,East,Home,22:30,9,25,Redirecting,0,0,31.7,62.7,33.0,6,2,4,0,High
KASC_2025_M16,AFC Qualifier,Saudi NT,UAE NT,5,Derby/High,57381,56393,Inma Stadium (ملعب الإنماء),3,East,Home,22:35,9,25,Redirecting,0,0,31.7,62.7,33.0,15,1,1,0,Medium
KASC_2025_M16,AFC Qualifier,Saudi NT,UAE NT,5,Derby/High,57381,56393,Inma Stadium (ملعب الإنماء),3,East,Home,22:40,9,25,Redirecting,0,0,31.7,62.7,33.0,12,1,1,0,Medium
KASC_2025_M16,AFC Qualifier,Saudi NT,UAE NT,5,Derby/High,57381,56393,Inma Stadium (ملعب الإنماء),3,East,Home,22:45,9,25,Redirecting,0,0,31.7,62.7,33.0,15,0,0,0,Low
KASC_2025_M16,AFC Qualifier,Saudi NT,UAE NT,5,Derby/High,57381,56393,Inma Stadium (ملعب الإنماء),3,East,Home,22:50,9,25,Redirecting,0,0,31.7,62.7,33.0,14,0,0,0,Low
KASC_2025_M16,AFC Qualifier,Saudi NT,UAE NT,5,Derby/High,57381,56393,Inma Stadium (ملعب الإنماء),3,East,Home,22:55,9,25,Redirecting,0,0,31.7,62.7,33.0,12,0,0,0,Low
KASC_2025_M16,AFC Qualifier,Saudi NT,UAE NT,5,Derby/High,57381,56393,Inma Stadium (ملعب الإنماء),3,East,Home,23:00,9,25,Redirecting,0,0,31.7,62.7,33.0,10,1,1,0,Medium
KASC_2025_M16,AFC Qualifier,Saudi NT,UAE NT,5,Derby/High,57381,56393,Inma Stadium (ملعب الإنماء),3,East,Home,23:05,9,25,Redirecting,0,0,31.7,62.7,33.0,13,0,0,0,Low
KASC_2025_M16,AFC Qualifier,Saudi NT,UAE NT,5,Derby/High,57381,56393,Inma Stadium (ملعب الإنماء),3,East,Home,23:10,9,25,Redirecting,0,0,31.7,62.7,33.0,13,0,0,0,Low
KASC_2025_M16,AFC Qualifier,Saudi NT,UAE NT,5,Derby/High,57381,56393,Inma Stadium (ملعب الإنماء),3,East,Home,23:15,9,25,Redirecting,0,0,31.7,62.7,33.0,10,0,0,0,Low
KASC_2025_M16,AFC Qualifier,Saudi NT,UAE NT,5,Derby/High,57381,56393,Inma Stadium (ملعب الإنماء),3,East,Home,23:20,9,25,Redirecting,0,0,31.7,62.7,33.0,15,0,0,0,Low
KASC_2025_M16,AFC Qualifier,Saudi NT,UAE NT,5,Derby/High,57381,56393,Inma Stadium (ملعب الإنماء),3,East,Home,23:25,9,25,Redirecting,0,0,31.7,62.7,33.0,13,0,0,0,Low
KASC_2025_M16,AFC Qualifier,Saudi NT,UAE NT,5,Derby/High,57381,56393,Inma Stadium (ملعب الإنماء),3,East,Home,23:30,9,25,Redirecting,0,0,31.7,62.7,33.0,11,0,0,0,Low
KASC_2025_M16,AFC Qualifier,Saudi NT,UAE NT,5,Derby/High,57381,56393,Inma Stadium (ملعب الإنماء),3,East,Home,23:35,9,25,Redirecting,0,0,31.7,62.7,33.0,13,0,0,0,Low
KASC_2025_M16,AFC Qualifier,Saudi NT,UAE NT,5,Derby/High,57381,56393,Inma Stadium (ملعب الإنماء),3,East,Home,23:40,9,25,Redirecting,0,0,31.7,62.7,33.0,12,0,0,0,Low
KASC_2025_M16,AFC Qualifier,Saudi NT,UAE NT,5,Derby/High,57381,56393,Inma Stadium (ملعب الإنماء),3,East,Home,23:45,9,25,Redirecting,0,0,31.7,62.7,33.0,11,0,0,0,Low
KASC_2025_M16,AFC Qualifier,Saudi NT,UAE NT,5,Derby/High,57381,56393,Inma Stadium (ملعب الإنماء),3,East,Home,23:50,9,25,Redirecting,0,0,31.7,62.7,33.0,11,0,0,0,Low
KASC_2025_M16,AFC Qualifier,Saudi NT,UAE NT,5,Derby/High,57381,56393,Inma Stadium (ملعب الإنماء),3,East,Home,23:55,9,25,Redirecting,0,0,31.7,62.7,33.0,6,0,0,0,Low
KASC_2025_M16,AFC Qualifier,Saudi NT,UAE NT,5,Derby/High,57381,56393,Inma Stadium (ملعب الإنماء),4,East,Home,17:00,6,24,Normal,0,0,31.7,62.7,33.0,8,2,2,1,Medium
KASC_2025_M16,AFC Qualifier,Saudi NT,UAE NT,5,Derby/High,57381,56393,Inma Stadium (ملعب الإنماء),4,East,Home,17:05,6,24,Normal,0,0,31.7,62.7,33.0,10,3,2,1,Medium
KASC_2025_M16,AFC Qualifier,Saudi NT,UAE NT,5,Derby/High,57381,56393,Inma Stadium (ملعب الإنماء),4,East,Home,17:10,6,24,Normal,0,0,31.7,62.7,33.0,9,1,1,4,Low
KASC_2025_M16,AFC Qualifier,Saudi NT,UAE NT,5,Derby/High,57381,56393,Inma Stadium (ملعب الإنماء),4,East,Home,17:15,6,24,Normal,0,0,31.7,62.7,33.0,10,6,4,3,Medium
KASC_2025_M16,AFC Qualifier,Saudi NT,UAE NT,5,Derby/High,57381,56393,Inma Stadium (ملعب الإنماء),4,East,Home,17:20,6,24,Normal,0,0,31.7,62.7,33.0,11,18,10,3,High
KASC_2025_M16,AFC Qualifier,Saudi NT,UAE NT,5,Derby/High,57381,56393,Inma Stadium (ملعب الإنماء),4,East,Home,17:25,6,24,Normal,0,0,31.7,62.7,33.0,11,14,8,2,High
KASC_2025_M16,AFC Qualifier,Saudi NT,UAE NT,5,Derby/High,57381,56393,Inma Stadium (ملعب الإنماء),4,East,Home,17:30,6,24,Normal,0,0,31.7,62.7,33.0,8,12,9,5,Medium
KASC_2025_M16,AFC Qualifier,Saudi NT,UAE NT,5,Derby/High,57381,56393,Inma Stadium (ملعب الإنماء),4,East,Home,17:35,6,24,Normal,0,0,31.7,62.7,33.0,12,16,8,2,High
KASC_2025_M16,AFC Qualifier,Saudi NT,UAE NT,5,Derby/High,57381,56393,Inma Stadium (ملعب الإنماء),4,East,Home,17:40,6,24,Normal,0,0,31.7,62.7,33.0,10,20,12,3,High
KASC_2025_M16,AFC Qualifier,Saudi NT,UAE NT,5,Derby/High,57381,56393,Inma Stadium (ملعب الإنماء),4,East,Home,17:45,6,24,Normal,0,0,31.7,62.7,33.0,6,14,14,2,High
KASC_2025_M16,AFC Qualifier,Saudi NT,UAE NT,5,Derby/High,57381,56393,Inma Stadium (ملعب الإنماء),4,East,Home,17:50,6,24,Normal,0,0,31.7,62.7,33.0,13,30,14,10,Medium
KASC_2025_M16,AFC Qualifier,Saudi NT,UAE NT,5,Derby/High,57381,56393,Inma Stadium (ملعب الإنماء),4,East,Home,17:55,6,24,Normal,0,0,31.7,62.7,33.0,10,43,26,8,High
KASC_2025_M16,AFC Qualifier,Saudi NT,UAE NT,5,Derby/High,57381,56393,Inma Stadium (ملعب الإنماء),4,East,Home,18:00,6,24,Normal,0,0,31.7,62.7,33.0,7,18,16,10,Medium
KASC_2025_M16,AFC Qualifier,Saudi NT,UAE NT,5,Derby/High,57381,56393,Inma Stadium (ملعب الإنماء),4,East,Home,18:05,6,24,Normal,0,0,31.7,62.7,33.0,15,72,29,11,High
KASC_2025_M16,AFC Qualifier,Saudi NT,UAE NT,5,Derby/High,57381,56393,Inma Stadium (ملعب الإنماء),4,East,Home,18:10,6,24,Normal,0,0,31.7,62.7,33.0,16,85,32,11,High
KASC_2025_M16,AFC Qualifier,Saudi NT,UAE NT,5,Derby/High,57381,56393,Inma Stadium (ملعب الإنماء),4,East,Home,18:15,6,24,Normal,0,0,31.7,62.7,33.0,9,52,35,10,High
KASC_2025_M16,AFC Qualifier,Saudi NT,UAE NT,5,Derby/High,57381,56393,Inma Stadium (ملعب الإنماء),4,East,Home,18:20,6,24,Normal,0,0,31.7,62.7,33.0,16,138,52,11,High
KASC_2025_M16,AFC Qualifier,Saudi NT,UAE NT,5,Derby/High,57381,56393,Inma Stadium (ملعب الإنماء),4,East,Home,18:25,6,24,Normal,0,0,31.7,62.7,33.0,14,119,51,24,High
KASC_2025_M16,AFC Qualifier,Saudi NT,UAE NT,5,Derby/High,57381,56393,Inma Stadium (ملعب الإنماء),4,East,Home,18:30,6,24,Normal,0,0,31.7,62.7,33.0,13,101,47,16,High
KASC_2025_M16,AFC Qualifier,Saudi NT,UAE NT,5,Derby/High,57381,56393,Inma Stadium (ملعب الإنماء),4,East,Home,18:35,6,24,Normal,0,0,31.7,62.7,33.0,8,81,61,14,High
KASC_2025_M16,AFC Qualifier,Saudi NT,UAE NT,5,Derby/High,57381,56393,Inma Stadium (ملعب الإنماء),4,East,Home,18:40,6,24,Normal,0,0,31.7,62.7,33.0,12,136,68,20,High
KASC_2025_M16,AFC Qualifier,Saudi NT,UAE NT,5,Derby/High,57381,56393,Inma Stadium (ملعب الإنماء),4,East,Home,18:45,6,24,Normal,0,0,31.7,62.7,33.0,14,135,58,17,High
KASC_2025_M16,AFC Qualifier,Saudi NT,UAE NT,5,Derby/High,57381,56393,Inma Stadium (ملعب الإنماء),4,East,Home,18:50,6,24,Normal,0,0,31.7,62.7,33.0,10,116,70,22,High
KASC_2025_M16,AFC Qualifier,Saudi NT,UAE NT,5,Derby/High,57381,56393,Inma Stadium (ملعب الإنماء),4,East,Home,18:55,6,24,Normal,0,0,31.7,62.7,33.0,15,207,83,31,High
KASC_2025_M16,AFC Qualifier,Saudi NT,UAE NT,5,Derby/High,57381,56393,Inma Stadium (ملعب الإنماء),4,East,Home,19:00,6,24,Normal,0,0,31.7,62.7,33.0,15,197,79,24,High
KASC_2025_M16,AFC Qualifier,Saudi NT,UAE NT,5,Derby/High,57381,56393,Inma Stadium (ملعب الإنماء),4,East,Home,19:05,6,24,Normal,0,0,31.7,62.7,33.0,11,135,74,22,High
KASC_2025_M16,AFC Qualifier,Saudi NT,UAE NT,5,Derby/High,57381,56393,Inma Stadium (ملعب الإنماء),4,East,Home,19:10,6,24,Normal,0,0,31.7,62.7,33.0,8,96,72,45,Medium
KASC_2025_M16,AFC Qualifier,Saudi NT,UAE NT,5,Derby/High,57381,56393,Inma Stadium (ملعب الإنماء),4,East,Home,19:15,6,24,Normal,0,0,31.7,62.7,33.0,14,168,72,33,High
KASC_2025_M16,AFC Qualifier,Saudi NT,UAE NT,5,Derby/High,57381,56393,Inma Stadium (ملعب الإنماء),4,East,Home,19:20,6,24,Normal,0,0,31.7,62.7,33.0,7,106,91,29,High
KASC_2025_M16,AFC Qualifier,Saudi NT,UAE NT,5,Derby/High,57381,56393,Inma Stadium (ملعب الإنماء),4,East,Home,19:25,6,24,Normal,0,0,31.7,62.7,33.0,14,249,107,23,High
KASC_2025_M16,AFC Qualifier,Saudi NT,UAE NT,5,Derby/High,57381,56393,Inma Stadium (ملعب الإنماء),4,East,Home,19:30,6,24,Normal,0,0,31.7,62.7,33.0,12,174,87,27,High
KASC_2025_M16,AFC Qualifier,Saudi NT,UAE NT,5,Derby/High,57381,56393,Inma Stadium (ملعب الإنماء),4,East,Home,19:35,6,24,Normal,0,0,31.7,62.7,33.0,15,245,98,39,High
KASC_2025_M16,AFC Qualifier,Saudi NT,UAE NT,5,Derby/High,57381,56393,Inma Stadium (ملعب الإنماء),4,East,Home,19:40,6,24,Normal,0,0,31.7,62.7,33.0,14,200,86,27,High
KASC_2025_M16,AFC Qualifier,Saudi NT,UAE NT,5,Derby/High,57381,56393,Inma Stadium (ملعب الإنماء),4,East,Home,19:45,6,24,Normal,0,0,31.7,62.7,33.0,14,228,98,31,High
KASC_2025_M16,AFC Qualifier,Saudi NT,UAE NT,5,Derby/High,57381,56393,Inma Stadium (ملعب الإنماء),4,East,Home,19:50,6,24,Normal,0,0,31.7,62.7,33.0,9,106,71,35,High
KASC_2025_M16,AFC Qualifier,Saudi NT,UAE NT,5,Derby/High,57381,56393,Inma Stadium (ملعب الإنماء),4,East,Home,19:55,6,24,Normal,0,0,31.7,62.7,33.0,10,143,86,25,High
KASC_2025_M16,AFC Qualifier,Saudi NT,UAE NT,5,Derby/High,57381,56393,Inma Stadium (ملعب الإنماء),4,East,Home,20:00,6,24,Normal,0,0,31.7,62.7,33.0,14,184,79,29,High
KASC_2025_M16,AFC Qualifier,Saudi NT,UAE NT,5,Derby/High,57381,56393,Inma Stadium (ملعب الإنماء),4,East,Home,20:05,6,24,Normal,0,0,31.7,62.7,33.0,11,130,71,27,High
KASC_2025_M16,AFC Qualifier,Saudi NT,UAE NT,5,Derby/High,57381,56393,Inma Stadium (ملعب الإنماء),4,East,Home,20:10,6,24,Normal,0,0,31.7,62.7,33.0,16,168,63,25,High
KASC_2025_M16,AFC Qualifier,Saudi NT,UAE NT,5,Derby/High,57381,56393,Inma Stadium (ملعب الإنماء),4,East,Home,20:15,6,24,Normal,0,0,31.7,62.7,33.0,11,128,70,19,High
KASC_2025_M16,AFC Qualifier,Saudi NT,UAE NT,5,Derby/High,57381,56393,Inma Stadium (ملعب الإنماء),4,East,Home,20:20,6,24,Normal,0,0,31.7,62.7,33.0,12,110,55,15,High
KASC_2025_M16,AFC Qualifier,Saudi NT,UAE NT,5,Derby/High,57381,56393,Inma Stadium (ملعب الإنماء),4,East,Home,20:25,6,24,Normal,0,0,31.7,62.7,33.0,13,108,50,25,High
KASC_2025_M16,AFC Qualifier,Saudi NT,UAE NT,5,Derby/High,57381,56393,Inma Stadium (ملعب الإنماء),4,East,Home,20:30,6,24,Normal,0,0,31.7,62.7,33.0,11,95,52,26,High
KASC_2025_M16,AFC Qualifier,Saudi NT,UAE NT,5,Derby/High,57381,56393,Inma Stadium (ملعب الإنماء),4,East,Home,20:35,6,24,Normal,0,0,31.7,62.7,33.0,8,62,47,6,High
KASC_2025_M16,AFC Qualifier,Saudi NT,UAE NT,5,Derby/High,57381,56393,Inma Stadium (ملعب الإنماء),4,East,Home,20:40,6,24,Normal,0,0,31.7,62.7,33.0,11,80,44,14,High
KASC_2025_M16,AFC Qualifier,Saudi NT,UAE NT,5,Derby/High,57381,56393,Inma Stadium (ملعب الإنماء),4,East,Home,20:45,6,24,Normal,0,0,31.7,62.7,33.0,12,56,28,7,High
KASC_2025_M16,AFC Qualifier,Saudi NT,UAE NT,5,Derby/High,57381,56393,Inma Stadium (ملعب الإنماء),4,East,Home,20:50,6,24,Normal,0,0,31.7,62.7,33.0,9,46,31,12,High
KASC_2025_M16,AFC Qualifier,Saudi NT,UAE NT,5,Derby/High,57381,56393,Inma Stadium (ملعب الإنماء),4,East,Home,20:55,6,24,Normal,0,0,31.7,62.7,33.0,13,58,27,7,High
KASC_2025_M16,AFC Qualifier,Saudi NT,UAE NT,5,Derby/High,57381,56393,Inma Stadium (ملعب الإنماء),4,East,Home,21:00,6,24,Normal,0,0,31.7,62.7,33.0,18,75,25,6,High
KASC_2025_M16,AFC Qualifier,Saudi NT,UAE NT,5,Derby/High,57381,56393,Inma Stadium (ملعب الإنماء),4,East,Home,21:05,6,24,Normal,0,0,31.7,62.7,33.0,8,17,13,7,Medium
KASC_2025_M16,AFC Qualifier,Saudi NT,UAE NT,5,Derby/High,57381,56393,Inma Stadium (ملعب الإنماء),4,East,Home,21:10,6,24,Normal,0,0,31.7,62.7,33.0,13,39,18,8,High
KASC_2025_M16,AFC Qualifier,Saudi NT,UAE NT,5,Derby/High,57381,56393,Inma Stadium (ملعب الإنماء),4,East,Home,21:15,6,24,Normal,0,0,31.7,62.7,33.0,12,26,13,9,Medium
KASC_2025_M16,AFC Qualifier,Saudi NT,UAE NT,5,Derby/High,57381,56393,Inma Stadium (ملعب الإنماء),4,East,Home,21:20,6,24,Normal,0,0,31.7,62.7,33.0,7,9,8,2,High
KASC_2025_M16,AFC Qualifier,Saudi NT,UAE NT,5,Derby/High,57381,56393,Inma Stadium (ملعب الإنماء),4,East,Home,21:25,6,24,Normal,0,0,31.7,62.7,33.0,11,12,7,5,Medium
KASC_2025_M16,AFC Qualifier,Saudi NT,UAE NT,5,Derby/High,57381,56393,Inma Stadium (ملعب الإنماء),4,East,Home,21:30,6,24,Normal,0,0,31.7,62.7,33.0,11,12,7,3,High
KASC_2025_M16,AFC Qualifier,Saudi NT,UAE NT,5,Derby/High,57381,56393,Inma Stadium (ملعب الإنماء),4,East,Home,21:35,6,24,Normal,0,0,31.7,62.7,33.0,10,13,8,3,High
KASC_2025_M16,AFC Qualifier,Saudi NT,UAE NT,5,Derby/High,57381,56393,Inma Stadium (ملعب الإنماء),4,East,Home,21:40,6,24,Normal,0,0,31.7,62.7,33.0,12,8,4,1,High
KASC_2025_M16,AFC Qualifier,Saudi NT,UAE NT,5,Derby/High,57381,56393,Inma Stadium (ملعب الإنماء),4,East,Home,21:45,6,24,Normal,0,0,31.7,62.7,33.0,6,6,6,0,High
KASC_2025_M16,AFC Qualifier,Saudi NT,UAE NT,5,Derby/High,57381,56393,Inma Stadium (ملعب الإنماء),4,East,Home,21:50,6,24,Normal,0,0,31.7,62.7,33.0,11,9,5,1,High
KASC_2025_M16,AFC Qualifier,Saudi NT,UAE NT,5,Derby/High,57381,56393,Inma Stadium (ملعب الإنماء),4,East,Home,21:55,6,24,Normal,0,0,31.7,62.7,33.0,11,7,4,1,High
KASC_2025_M16,AFC Qualifier,Saudi NT,UAE NT,5,Derby/High,57381,56393,Inma Stadium (ملعب الإنماء),4,East,Home,22:00,6,24,Normal,0,0,31.7,62.7,33.0,16,5,2,0,High
KASC_2025_M16,AFC Qualifier,Saudi NT,UAE NT,5,Derby/High,57381,56393,Inma Stadium (ملعب الإنماء),4,East,Home,22:05,6,24,Normal,0,0,31.7,62.7,33.0,6,6,6,1,High
KASC_2025_M16,AFC Qualifier,Saudi NT,UAE NT,5,Derby/High,57381,56393,Inma Stadium (ملعب الإنماء),4,East,Home,22:10,6,24,Normal,0,0,31.7,62.7,33.0,6,1,1,1,Medium
KASC_2025_M16,AFC Qualifier,Saudi NT,UAE NT,5,Derby/High,57381,56393,Inma Stadium (ملعب الإنماء),4,East,Home,22:15,6,24,Normal,0,0,31.7,62.7,33.0,14,4,2,0,High
KASC_2025_M16,AFC Qualifier,Saudi NT,UAE NT,5,Derby/High,57381,56393,Inma Stadium (ملعب الإنماء),4,East,Home,22:20,6,24,Normal,0,0,31.7,62.7,33.0,8,2,2,0,High
KASC_2025_M16,AFC Qualifier,Saudi NT,UAE NT,5,Derby/High,57381,56393,Inma Stadium (ملعب الإنماء),4,East,Home,22:25,6,24,Normal,0,0,31.7,62.7,33.0,12,0,0,0,Medium
KASC_2025_M16,AFC Qualifier,Saudi NT,UAE NT,5,Derby/High,57381,56393,Inma Stadium (ملعب الإنماء),4,East,Home,22:30,6,24,Normal,0,0,31.7,62.7,33.0,15,0,0,0,Medium
KASC_2025_M16,AFC Qualifier,Saudi NT,UAE NT,5,Derby/High,57381,56393,Inma Stadium (ملعب الإنماء),4,East,Home,22:35,6,24,Normal,0,0,31.7,62.7,33.0,12,0,0,0,Medium
KASC_2025_M16,AFC Qualifier,Saudi NT,UAE NT,5,Derby/High,57381,56393,Inma Stadium (ملعب الإنماء),4,East,Home,22:40,6,24,Normal,0,0,31.7,62.7,33.0,16,0,0,0,Medium
KASC_2025_M16,AFC Qualifier,Saudi NT,UAE NT,5,Derby/High,57381,56393,Inma Stadium (ملعب الإنماء),4,East,Home,22:45,6,24,Normal,0,0,31.7,62.7,33.0,7,0,0,0,Medium
KASC_2025_M16,AFC Qualifier,Saudi NT,UAE NT,5,Derby/High,57381,56393,Inma Stadium (ملعب الإنماء),4,East,Home,22:50,6,24,Normal,0,0,31.7,62.7,33.0,12,0,0,0,Medium
KASC_2025_M16,AFC Qualifier,Saudi NT,UAE NT,5,Derby/High,57381,56393,Inma Stadium (ملعب الإنماء),4,East,Home,22:55,6,24,Normal,0,0,31.7,62.7,33.0,12,0,0,0,Medium
KASC_2025_M16,AFC Qualifier,Saudi NT,UAE NT,5,Derby/High,57381,56393,Inma Stadium (ملعب الإنماء),4,East,Home,23:00,6,24,Normal,0,0,31.7,62.7,33.0,14,2,1,0,High
KASC_2025_M16,AFC Qualifier,Saudi NT,UAE NT,5,Derby/High,57381,56393,Inma Stadium (ملعب الإنماء),4,East,Home,23:05,6,24,Normal,0,0,31.7,62.7,33.0,11,0,0,0,Medium
KASC_2025_M16,AFC Qualifier,Saudi NT,UAE NT,5,Derby/High,57381,56393,Inma Stadium (ملعب الإنماء),4,East,Home,23:10,6,24,Normal,0,0,31.7,62.7,33.0,11,0,0,0,Medium
KASC_2025_M16,AFC Qualifier,Saudi NT,UAE NT,5,Derby/High,57381,56393,Inma Stadium (ملعب الإنماء),4,East,Home,23:15,6,24,Normal,0,0,31.7,62.7,33.0,11,0,0,0,Medium
KASC_2025_M16,AFC Qualifier,Saudi NT,UAE NT,5,Derby/High,57381,56393,Inma Stadium (ملعب الإنماء),4,East,Home,23:20,6,24,Normal,0,0,31.7,62.7,33.0,8,0,0,0,Medium
KASC_2025_M16,AFC Qualifier,Saudi NT,UAE NT,5,Derby/High,57381,56393,Inma Stadium (ملعب الإنماء),4,East,Home,23:25,6,24,Normal,0,0,31.7,62.7,33.0,12,0,0,0,Medium
KASC_2025_M16,AFC Qualifier,Saudi NT,UAE NT,5,Derby/High,57381,56393,Inma Stadium (ملعب الإنماء),4,East,Home,23:30,6,24,Normal,0,0,31.7,62.7,33.0,10,0,0,0,Medium
KASC_2025_M16,AFC Qualifier,Saudi NT,UAE NT,5,Derby/High,57381,56393,Inma Stadium (ملعب الإنماء),4,East,Home,23:35,6,24,Normal,0,0,31.7,62.7,33.0,10,0,0,0,Medium
KASC_2025_M16,AFC Qualifier,Saudi NT,UAE NT,5,Derby/High,57381,56393,Inma Stadium (ملعب الإنماء),4,East,Home,23:40,6,24,Normal,0,0,31.7,62.7,33.0,11,0,0,0,Medium
KASC_2025_M16,AFC Qualifier,Saudi NT,UAE NT,5,Derby/High,57381,56393,Inma Stadium (ملعب الإنماء),4,East,Home,23:45,6,24,Normal,0,0,31.7,62.7,33.0,8,0,0,0,Medium
KASC_2025_M16,AFC Qualifier,Saudi NT,UAE NT,5,Derby/High,57381,56393,Inma Stadium (ملعب الإنماء),4,East,Home,23:50,6,24,Normal,0,0,31.7,62.7,33.0,10,0,0,0,Medium
KASC_2025_M16,AFC Qualifier,Saudi NT,UAE NT,5,Derby/High,57381,56393,Inma Stadium (ملعب الإنماء),4,East,Home,23:55,6,24,Normal,0,0,31.7,62.7,33.0,7,0,0,0,Medium
KASC_2025_M16,AFC Qualifier,Saudi NT,UAE NT,5,Derby/High,57381,56393,Inma Stadium (ملعب الإنماء),5,South,Away,17:00,4,17,Normal,0,0,31.7,62.7,33.0,11,0,0,0,Medium
KASC_2025_M16,AFC Qualifier,Saudi NT,UAE NT,5,Derby/High,57381,56393,Inma Stadium (ملعب الإنماء),5,South,Away,17:05,4,17,Normal,0,0,31.7,62.7,33.0,13,0,0,1,Low
KASC_2025_M16,AFC Qualifier,Saudi NT,UAE NT,5,Derby/High,57381,56393,Inma Stadium (ملعب الإنماء),5,South,Away,17:10,4,17,Normal,0,0,31.7,62.7,33.0,15,0,0,0,Medium
KASC_2025_M16,AFC Qualifier,Saudi NT,UAE NT,5,Derby/High,57381,56393,Inma Stadium (ملعب الإنماء),5,South,Away,17:15,4,17,Normal,0,0,31.7,62.7,33.0,15,0,0,0,Medium
KASC_2025_M16,AFC Qualifier,Saudi NT,UAE NT,5,Derby/High,57381,56393,Inma Stadium (ملعب الإنماء),5,South,Away,17:20,4,17,Normal,0,0,31.7,62.7,33.0,14,3,1,0,High
KASC_2025_M16,AFC Qualifier,Saudi NT,UAE NT,5,Derby/High,57381,56393,Inma Stadium (ملعب الإنماء),5,South,Away,17:25,4,17,Normal,0,0,31.7,62.7,33.0,10,0,0,1,Low
KASC_2025_M16,AFC Qualifier,Saudi NT,UAE NT,5,Derby/High,57381,56393,Inma Stadium (ملعب الإنماء),5,South,Away,17:30,4,17,Normal,0,0,31.7,62.7,33.0,13,3,1,1,Medium
KASC_2025_M16,AFC Qualifier,Saudi NT,UAE NT,5,Derby/High,57381,56393,Inma Stadium (ملعب الإنماء),5,South,Away,17:35,4,17,Normal,0,0,31.7,62.7,33.0,10,0,0,0,Medium
KASC_2025_M16,AFC Qualifier,Saudi NT,UAE NT,5,Derby/High,57381,56393,Inma Stadium (ملعب الإنماء),5,South,Away,17:40,4,17,Normal,0,0,31.7,62.7,33.0,13,3,1,0,High
KASC_2025_M16,AFC Qualifier,Saudi NT,UAE NT,5,Derby/High,57381,56393,Inma Stadium (ملعب الإنماء),5,South,Away,17:45,4,17,Normal,0,0,31.7,62.7,33.0,9,0,0,3,Low
KASC_2025_M16,AFC Qualifier,Saudi NT,UAE NT,5,Derby/High,57381,56393,Inma Stadium (ملعب الإنماء),5,South,Away,17:50,4,17,Normal,0,0,31.7,62.7,33.0,9,4,2,1,High
KASC_2025_M16,AFC Qualifier,Saudi NT,UAE NT,5,Derby/High,57381,56393,Inma Stadium (ملعب الإنماء),5,South,Away,17:55,4,17,Normal,0,0,31.7,62.7,33.0,13,13,4,0,High
KASC_2025_M16,AFC Qualifier,Saudi NT,UAE NT,5,Derby/High,57381,56393,Inma Stadium (ملعب الإنماء),5,South,Away,18:00,4,17,Normal,0,0,31.7,62.7,33.0,9,9,4,1,High
KASC_2025_M16,AFC Qualifier,Saudi NT,UAE NT,5,Derby/High,57381,56393,Inma Stadium (ملعب الإنماء),5,South,Away,18:05,4,17,Normal,0,0,31.7,62.7,33.0,13,13,4,3,Medium
KASC_2025_M16,AFC Qualifier,Saudi NT,UAE NT,5,Derby/High,57381,56393,Inma Stadium (ملعب الإنماء),5,South,Away,18:10,4,17,Normal,0,0,31.7,62.7,33.0,13,26,8,4,High
KASC_2025_M16,AFC Qualifier,Saudi NT,UAE NT,5,Derby/High,57381,56393,Inma Stadium (ملعب الإنماء),5,South,Away,18:15,4,17,Normal,0,0,31.7,62.7,33.0,10,17,7,7,Medium
KASC_2025_M16,AFC Qualifier,Saudi NT,UAE NT,5,Derby/High,57381,56393,Inma Stadium (ملعب الإنماء),5,South,Away,18:20,4,17,Normal,0,0,31.7,62.7,33.0,10,22,9,11,Medium
KASC_2025_M16,AFC Qualifier,Saudi NT,UAE NT,5,Derby/High,57381,56393,Inma Stadium (ملعب الإنماء),5,South,Away,18:25,4,17,Normal,0,0,31.7,62.7,33.0,15,67,18,9,High
KASC_2025_M16,AFC Qualifier,Saudi NT,UAE NT,5,Derby/High,57381,56393,Inma Stadium (ملعب الإنماء),5,South,Away,18:30,4,17,Normal,0,0,31.7,62.7,33.0,9,22,10,5,High
KASC_2025_M16,AFC Qualifier,Saudi NT,UAE NT,5,Derby/High,57381,56393,Inma Stadium (ملعب الإنماء),5,South,Away,18:35,4,17,Normal,0,0,31.7,62.7,33.0,14,38,11,11,Medium
KASC_2025_M16,AFC Qualifier,Saudi NT,UAE NT,5,Derby/High,57381,56393,Inma Stadium (ملعب الإنماء),5,South,Away,18:40,4,17,Normal,0,0,31.7,62.7,33.0,11,55,20,15,High
KASC_2025_M16,AFC Qualifier,Saudi NT,UAE NT,5,Derby/High,57381,56393,Inma Stadium (ملعب الإنماء),5,South,Away,18:45,4,17,Normal,0,0,31.7,62.7,33.0,11,60,22,8,High
KASC_2025_M16,AFC Qualifier,Saudi NT,UAE NT,5,Derby/High,57381,56393,Inma Stadium (ملعب الإنماء),5,South,Away,18:50,4,17,Normal,0,0,31.7,62.7,33.0,10,60,24,20,Medium
KASC_2025_M16,AFC Qualifier,Saudi NT,UAE NT,5,Derby/High,57381,56393,Inma Stadium (ملعب الإنماء),5,South,Away,18:55,4,17,Normal,0,0,31.7,62.7,33.0,17,148,35,20,High
KASC_2025_M16,AFC Qualifier,Saudi NT,UAE NT,5,Derby/High,57381,56393,Inma Stadium (ملعب الإنماء),5,South,Away,19:00,4,17,Normal,0,0,31.7,62.7,33.0,9,45,20,16,Medium
KASC_2025_M16,AFC Qualifier,Saudi NT,UAE NT,5,Derby/High,57381,56393,Inma Stadium (ملعب الإنماء),5,South,Away,19:05,4,17,Normal,0,0,31.7,62.7,33.0,7,45,26,18,High
KASC_2025_M16,AFC Qualifier,Saudi NT,UAE NT,5,Derby/High,57381,56393,Inma Stadium (ملعب الإنماء),5,South,Away,19:10,4,17,Normal,0,0,31.7,62.7,33.0,8,68,34,23,High
KASC_2025_M16,AFC Qualifier,Saudi NT,UAE NT,5,Derby/High,57381,56393,Inma Stadium (ملعب الإنماء),5,South,Away,19:15,4,17,Normal,0,0,31.7,62.7,33.0,15,127,34,24,High
KASC_2025_M16,AFC Qualifier,Saudi NT,UAE NT,5,Derby/High,57381,56393,Inma Stadium (ملعب الإنماء),5,South,Away,19:20,4,17,Normal,0,0,31.7,62.7,33.0,10,85,34,15,High
KASC_2025_M16,AFC Qualifier,Saudi NT,UAE NT,5,Derby/High,57381,56393,Inma Stadium (ملعب الإنماء),5,South,Away,19:25,4,17,Normal,0,0,31.7,62.7,33.0,15,150,40,29,High
KASC_2025_M16,AFC Qualifier,Saudi NT,UAE NT,5,Derby/High,57381,56393,Inma Stadium (ملعب الإنماء),5,South,Away,19:30,4,17,Normal,0,0,31.7,62.7,33.0,12,120,40,15,High
KASC_2025_M16,AFC Qualifier,Saudi NT,UAE NT,5,Derby/High,57381,56393,Inma Stadium (ملعب الإنماء),5,South,Away,19:35,4,17,Normal,0,0,31.7,62.7,33.0,15,120,32,16,High
KASC_2025_M16,AFC Qualifier,Saudi NT,UAE NT,5,Derby/High,57381,56393,Inma Stadium (ملعب الإنماء),5,South,Away,19:40,4,17,Normal,0,0,31.7,62.7,33.0,12,105,35,20,High
KASC_2025_M16,AFC Qualifier,Saudi NT,UAE NT,5,Derby/High,57381,56393,Inma Stadium (ملعب الإنماء),5,South,Away,19:45,4,17,Normal,0,0,31.7,62.7,33.0,7,45,26,16,High
KASC_2025_M16,AFC Qualifier,Saudi NT,UAE NT,5,Derby/High,57381,56393,Inma Stadium (ملعب الإنماء),5,South,Away,19:50,4,17,Normal,0,0,31.7,62.7,33.0,9,67,30,16,High
KASC_2025_M16,AFC Qualifier,Saudi NT,UAE NT,5,Derby/High,57381,56393,Inma Stadium (ملعب الإنماء),5,South,Away,19:55,4,17,Normal,0,0,31.7,62.7,33.0,10,85,34,15,High
KASC_2025_M16,AFC Qualifier,Saudi NT,UAE NT,5,Derby/High,57381,56393,Inma Stadium (ملعب الإنماء),5,South,Away,20:00,4,17,Normal,0,0,31.7,62.7,33.0,16,112,28,20,High
KASC_2025_M16,AFC Qualifier,Saudi NT,UAE NT,5,Derby/High,57381,56393,Inma Stadium (ملعب الإنماء),5,South,Away,20:05,4,17,Normal,0,0,31.7,62.7,33.0,12,69,23,19,Medium
KASC_2025_M16,AFC Qualifier,Saudi NT,UAE NT,5,Derby/High,57381,56393,Inma Stadium (ملعب الإنماء),5,South,Away,20:10,4,17,Normal,0,0,31.7,62.7,33.0,17,89,21,11,High
KASC_2025_M16,AFC Qualifier,Saudi NT,UAE NT,5,Derby/High,57381,56393,Inma Stadium (ملعب الإنماء),5,South,Away,20:15,4,17,Normal,0,0,31.7,62.7,33.0,13,65,20,13,High
KASC_2025_M16,AFC Qualifier,Saudi NT,UAE NT,5,Derby/High,57381,56393,Inma Stadium (ملعب الإنماء),5,South,Away,20:20,4,17,Normal,0,0,31.7,62.7,33.0,7,42,24,9,High
KASC_2025_M16,AFC Qualifier,Saudi NT,UAE NT,5,Derby/High,57381,56393,Inma Stadium (ملعب الإنماء),5,South,Away,20:25,4,17,Normal,0,0,31.7,62.7,33.0,14,59,17,8,High
KASC_2025_M16,AFC Qualifier,Saudi NT,UAE NT,5,Derby/High,57381,56393,Inma Stadium (ملعب الإنماء),5,South,Away,20:30,4,17,Normal,0,0,31.7,62.7,33.0,6,27,18,7,High
KASC_2025_M16,AFC Qualifier,Saudi NT,UAE NT,5,Derby/High,57381,56393,Inma Stadium (ملعب الإنماء),5,South,Away,20:35,4,17,Normal,0,0,31.7,62.7,33.0,6,19,13,8,High
KASC_2025_M16,AFC Qualifier,Saudi NT,UAE NT,5,Derby/High,57381,56393,Inma Stadium (ملعب الإنماء),5,South,Away,20:40,4,17,Normal,0,0,31.7,62.7,33.0,16,40,10,7,High
KASC_2025_M16,AFC Qualifier,Saudi NT,UAE NT,5,Derby/High,57381,56393,Inma Stadium (ملعب الإنماء),5,South,Away,20:45,4,17,Normal,0,0,31.7,62.7,33.0,8,18,9,5,High
KASC_2025_M16,AFC Qualifier,Saudi NT,UAE NT,5,Derby/High,57381,56393,Inma Stadium (ملعب الإنماء),5,South,Away,20:50,4,17,Normal,0,0,31.7,62.7,33.0,11,16,6,5,Medium
KASC_2025_M16,AFC Qualifier,Saudi NT,UAE NT,5,Derby/High,57381,56393,Inma Stadium (ملعب الإنماء),5,South,Away,20:55,4,17,Normal,0,0,31.7,62.7,33.0,8,6,3,3,Medium
KASC_2025_M16,AFC Qualifier,Saudi NT,UAE NT,5,Derby/High,57381,56393,Inma Stadium (ملعب الإنماء),5,South,Away,21:00,4,17,Normal,0,0,31.7,62.7,33.0,11,13,5,2,High
KASC_2025_M16,AFC Qualifier,Saudi NT,UAE NT,5,Derby/High,57381,56393,Inma Stadium (ملعب الإنماء),5,South,Away,21:05,4,17,Normal,0,0,31.7,62.7,33.0,15,15,4,1,High
KASC_2025_M16,AFC Qualifier,Saudi NT,UAE NT,5,Derby/High,57381,56393,Inma Stadium (ملعب الإنماء),5,South,Away,21:10,4,17,Normal,0,0,31.7,62.7,33.0,8,4,2,1,High
KASC_2025_M16,AFC Qualifier,Saudi NT,UAE NT,5,Derby/High,57381,56393,Inma Stadium (ملعب الإنماء),5,South,Away,21:15,4,17,Normal,0,0,31.7,62.7,33.0,14,14,4,2,High
KASC_2025_M16,AFC Qualifier,Saudi NT,UAE NT,5,Derby/High,57381,56393,Inma Stadium (ملعب الإنماء),5,South,Away,21:20,4,17,Normal,0,0,31.7,62.7,33.0,11,11,4,0,High
KASC_2025_M16,AFC Qualifier,Saudi NT,UAE NT,5,Derby/High,57381,56393,Inma Stadium (ملعب الإنماء),5,South,Away,21:25,4,17,Normal,0,0,31.7,62.7,33.0,11,2,1,1,Medium
KASC_2025_M16,AFC Qualifier,Saudi NT,UAE NT,5,Derby/High,57381,56393,Inma Stadium (ملعب الإنماء),5,South,Away,21:30,4,17,Normal,0,0,31.7,62.7,33.0,10,0,0,1,Low
KASC_2025_M16,AFC Qualifier,Saudi NT,UAE NT,5,Derby/High,57381,56393,Inma Stadium (ملعب الإنماء),5,South,Away,21:35,4,17,Normal,0,0,31.7,62.7,33.0,16,0,0,2,Low
KASC_2025_M16,AFC Qualifier,Saudi NT,UAE NT,5,Derby/High,57381,56393,Inma Stadium (ملعب الإنماء),5,South,Away,21:40,4,17,Normal,0,0,31.7,62.7,33.0,12,0,0,0,Medium
KASC_2025_M16,AFC Qualifier,Saudi NT,UAE NT,5,Derby/High,57381,56393,Inma Stadium (ملعب الإنماء),5,South,Away,21:45,4,17,Normal,0,0,31.7,62.7,33.0,7,0,0,0,Medium
KASC_2025_M16,AFC Qualifier,Saudi NT,UAE NT,5,Derby/High,57381,56393,Inma Stadium (ملعب الإنماء),5,South,Away,21:50,4,17,Normal,0,0,31.7,62.7,33.0,7,0,0,0,Medium
KASC_2025_M16,AFC Qualifier,Saudi NT,UAE NT,5,Derby/High,57381,56393,Inma Stadium (ملعب الإنماء),5,South,Away,21:55,4,17,Normal,0,0,31.7,62.7,33.0,9,0,0,0,Medium
KASC_2025_M16,AFC Qualifier,Saudi NT,UAE NT,5,Derby/High,57381,56393,Inma Stadium (ملعب الإنماء),5,South,Away,22:00,4,17,Normal,0,0,31.7,62.7,33.0,7,0,0,0,Medium
KASC_2025_M16,AFC Qualifier,Saudi NT,UAE NT,5,Derby/High,57381,56393,Inma Stadium (ملعب الإنماء),5,South,Away,22:05,4,17,Normal,0,0,31.7,62.7,33.0,16,0,0,1,Low
KASC_2025_M16,AFC Qualifier,Saudi NT,UAE NT,5,Derby/High,57381,56393,Inma Stadium (ملعب الإنماء),5,South,Away,22:10,4,17,Normal,0,0,31.7,62.7,33.0,17,0,0,0,Medium
KASC_2025_M16,AFC Qualifier,Saudi NT,UAE NT,5,Derby/High,57381,56393,Inma Stadium (ملعب الإنماء),5,South,Away,22:15,4,17,Normal,0,0,31.7,62.7,33.0,12,0,0,0,Medium
KASC_2025_M16,AFC Qualifier,Saudi NT,UAE NT,5,Derby/High,57381,56393,Inma Stadium (ملعب الإنماء),5,South,Away,22:20,4,17,Normal,0,0,31.7,62.7,33.0,16,0,0,0,Medium
KASC_2025_M16,AFC Qualifier,Saudi NT,UAE NT,5,Derby/High,57381,56393,Inma Stadium (ملعب الإنماء),5,South,Away,22:25,4,17,Normal,0,0,31.7,62.7,33.0,8,0,0,0,Medium
KASC_2025_M16,AFC Qualifier,Saudi NT,UAE NT,5,Derby/High,57381,56393,Inma Stadium (ملعب الإنماء),5,South,Away,22:30,4,17,Normal,0,0,31.7,62.7,33.0,14,0,0,0,Medium
KASC_2025_M16,AFC Qualifier,Saudi NT,UAE NT,5,Derby/High,57381,56393,Inma Stadium (ملعب الإنماء),5,South,Away,22:35,4,17,Normal,0,0,31.7,62.7,33.0,12,0,0,0,Medium
KASC_2025_M16,AFC Qualifier,Saudi NT,UAE NT,5,Derby/High,57381,56393,Inma Stadium (ملعب الإنماء),5,South,Away,22:40,4,17,Normal,0,0,31.7,62.7,33.0,10,0,0,0,Medium
KASC_2025_M16,AFC Qualifier,Saudi NT,UAE NT,5,Derby/High,57381,56393,Inma Stadium (ملعب الإنماء),5,South,Away,22:45,4,17,Normal,0,0,31.7,62.7,33.0,15,0,0,0,Medium
KASC_2025_M16,AFC Qualifier,Saudi NT,UAE NT,5,Derby/High,57381,56393,Inma Stadium (ملعب الإنماء),5,South,Away,22:50,4,17,Normal,0,0,31.7,62.7,33.0,7,0,0,0,Medium
KASC_2025_M16,AFC Qualifier,Saudi NT,UAE NT,5,Derby/High,57381,56393,Inma Stadium (ملعب الإنماء),5,South,Away,22:55,4,17,Normal,0,0,31.7,62.7,33.0,13,0,0,0,Medium
KASC_2025_M16,AFC Qualifier,Saudi NT,UAE NT,5,Derby/High,57381,56393,Inma Stadium (ملعب الإنماء),5,South,Away,23:00,4,17,Normal,0,0,31.7,62.7,33.0,15,0,0,0,Medium
KASC_2025_M16,AFC Qualifier,Saudi NT,UAE NT,5,Derby/High,57381,56393,Inma Stadium (ملعب الإنماء),5,South,Away,23:05,4,17,Normal,0,0,31.7,62.7,33.0,7,0,0,0,Medium
KASC_2025_M16,AFC Qualifier,Saudi NT,UAE NT,5,Derby/High,57381,56393,Inma Stadium (ملعب الإنماء),5,South,Away,23:10,4,17,Normal,0,0,31.7,62.7,33.0,6,0,0,0,Medium
KASC_2025_M16,AFC Qualifier,Saudi NT,UAE NT,5,Derby/High,57381,56393,Inma Stadium (ملعب الإنماء),5,South,Away,23:15,4,17,Normal,0,0,31.7,62.7,33.0,13,0,0,0,Medium
KASC_2025_M16,AFC Qualifier,Saudi NT,UAE NT,5,Derby/High,57381,56393,Inma Stadium (ملعب الإنماء),5,South,Away,23:20,4,17,Normal,0,0,31.7,62.7,33.0,6,0,0,0,Medium
KASC_2025_M16,AFC Qualifier,Saudi NT,UAE NT,5,Derby/High,57381,56393,Inma Stadium (ملعب الإنماء),5,South,Away,23:25,4,17,Normal,0,0,31.7,62.7,33.0,13,0,0,0,Medium
KASC_2025_M16,AFC Qualifier,Saudi NT,UAE NT,5,Derby/High,57381,56393,Inma Stadium (ملعب الإنماء),5,South,Away,23:30,4,17,Normal,0,0,31.7,62.7,33.0,15,0,0,0,Medium
KASC_2025_M16,AFC Qualifier,Saudi NT,UAE NT,5,Derby/High,57381,56393,Inma Stadium (ملعب الإنماء),5,South,Away,23:35,4,17,Normal,0,0,31.7,62.7,33.0,11,0,0,0,Medium
KASC_2025_M16,AFC Qualifier,Saudi NT,UAE NT,5,Derby/High,57381,56393,Inma Stadium (ملعب الإنماء),5,South,Away,23:40,4,17,Normal,0,0,31.7,62.7,33.0,10,0,0,0,Medium
KASC_2025_M16,AFC Qualifier,Saudi NT,UAE NT,5,Derby/High,57381,56393,Inma Stadium (ملعب الإنماء),5,South,Away,23:45,4,17,Normal,0,0,31.7,62.7,33.0,11,0,0,0,Medium
KASC_2025_M16,AFC Qualifier,Saudi NT,UAE NT,5,Derby/High,57381,56393,Inma Stadium (ملعب الإنماء),5,South,Away,23:50,4,17,Normal,0,0,31.7,62.7,33.0,14,0,0,0,Medium
KASC_2025_M16,AFC Qualifier,Saudi NT,UAE NT,5,Derby/High,57381,56393,Inma Stadium (ملعب الإنماء),5,South,Away,23:55,4,17,Normal,0,0,31.7,62.7,33.0,12,0,0,0,Medium
KASC_2025_M16,AFC Qualifier,Saudi NT,UAE NT,5,Derby/High,57381,56393,Inma Stadium (ملعب الإنماء),6,West,VIP,17:00,5,21,Normal,1,7,31.7,62.7,33.0,11,0,0,0,Medium
KASC_2025_M16,AFC Qualifier,Saudi NT,UAE NT,5,Derby/High,57381,56393,Inma Stadium (ملعب الإنماء),6,West,VIP,17:05,5,21,Normal,1,7,31.7,62.7,33.0,15,0,0,0,Medium
KASC_2025_M16,AFC Qualifier,Saudi NT,UAE NT,5,Derby/High,57381,56393,Inma Stadium (ملعب الإنماء),6,West,VIP,17:10,5,21,Normal,1,7,31.7,62.7,33.0,17,0,0,0,Medium
KASC_2025_M16,AFC Qualifier,Saudi NT,UAE NT,5,Derby/High,57381,56393,Inma Stadium (ملعب الإنماء),6,West,VIP,17:15,5,21,Normal,1,7,31.7,62.7,33.0,13,0,0,0,Medium
KASC_2025_M16,AFC Qualifier,Saudi NT,UAE NT,5,Derby/High,57381,56393,Inma Stadium (ملعب الإنماء),6,West,VIP,17:20,5,21,Normal,1,7,31.7,62.7,33.0,12,0,0,0,Medium
KASC_2025_M16,AFC Qualifier,Saudi NT,UAE NT,5,Derby/High,57381,56393,Inma Stadium (ملعب الإنماء),6,West,VIP,17:25,5,21,Normal,1,7,31.7,62.7,33.0,16,0,0,1,Low
KASC_2025_M16,AFC Qualifier,Saudi NT,UAE NT,5,Derby/High,57381,56393,Inma Stadium (ملعب الإنماء),6,West,VIP,17:30,5,21,Normal,1,7,31.7,62.7,33.0,11,0,0,0,Medium
KASC_2025_M16,AFC Qualifier,Saudi NT,UAE NT,5,Derby/High,57381,56393,Inma Stadium (ملعب الإنماء),6,West,VIP,17:35,5,21,Normal,1,7,31.7,62.7,33.0,18,0,0,0,Medium
KASC_2025_M16,AFC Qualifier,Saudi NT,UAE NT,5,Derby/High,57381,56393,Inma Stadium (ملعب الإنماء),6,West,VIP,17:40,5,21,Normal,1,7,31.7,62.7,33.0,12,0,0,0,Medium
KASC_2025_M16,AFC Qualifier,Saudi NT,UAE NT,5,Derby/High,57381,56393,Inma Stadium (ملعب الإنماء),6,West,VIP,17:45,5,21,Normal,1,7,31.7,62.7,33.0,12,0,0,0,Medium
KASC_2025_M16,AFC Qualifier,Saudi NT,UAE NT,5,Derby/High,57381,56393,Inma Stadium (ملعب الإنماء),6,West,VIP,17:50,5,21,Normal,1,7,31.7,62.7,33.0,13,0,0,0,Medium
KASC_2025_M16,AFC Qualifier,Saudi NT,UAE NT,5,Derby/High,57381,56393,Inma Stadium (ملعب الإنماء),6,West,VIP,17:55,5,21,Normal,1,7,31.7,62.7,33.0,7,1,1,1,Medium
KASC_2025_M16,AFC Qualifier,Saudi NT,UAE NT,5,Derby/High,57381,56393,Inma Stadium (ملعب الإنماء),6,West,VIP,18:00,5,21,Normal,1,7,31.7,62.7,33.0,13,0,0,2,Low
KASC_2025_M16,AFC Qualifier,Saudi NT,UAE NT,5,Derby/High,57381,56393,Inma Stadium (ملعب الإنماء),6,West,VIP,18:05,5,21,Normal,1,7,31.7,62.7,33.0,14,5,2,0,High
KASC_2025_M16,AFC Qualifier,Saudi NT,UAE NT,5,Derby/High,57381,56393,Inma Stadium (ملعب الإنماء),6,West,VIP,18:10,5,21,Normal,1,7,31.7,62.7,33.0,7,0,0,2,Low
KASC_2025_M16,AFC Qualifier,Saudi NT,UAE NT,5,Derby/High,57381,56393,Inma Stadium (ملعب الإنماء),6,West,VIP,18:15,5,21,Normal,1,7,31.7,62.7,33.0,6,3,3,5,Medium
KASC_2025_M16,AFC Qualifier,Saudi NT,UAE NT,5,Derby/High,57381,56393,Inma Stadium (ملعب الإنماء),6,West,VIP,18:20,5,21,Normal,1,7,31.7,62.7,33.0,10,6,3,0,High
KASC_2025_M16,AFC Qualifier,Saudi NT,UAE NT,5,Derby/High,57381,56393,Inma Stadium (ملعب الإنماء),6,West,VIP,18:25,5,21,Normal,1,7,31.7,62.7,33.0,11,17,8,2,High
KASC_2025_M16,AFC Qualifier,Saudi NT,UAE NT,5,Derby/High,57381,56393,Inma Stadium (ملعب الإنماء),6,West,VIP,18:30,5,21,Normal,1,7,31.7,62.7,33.0,8,6,4,4,Medium
KASC_2025_M16,AFC Qualifier,Saudi NT,UAE NT,5,Derby/High,57381,56393,Inma Stadium (ملعب الإنماء),6,West,VIP,18:35,5,21,Normal,1,7,31.7,62.7,33.0,9,18,10,3,High
KASC_2025_M16,AFC Qualifier,Saudi NT,UAE NT,5,Derby/High,57381,56393,Inma Stadium (ملعب الإنماء),6,West,VIP,18:40,5,21,Normal,1,7,31.7,62.7,33.0,15,33,11,6,High
KASC_2025_M16,AFC Qualifier,Saudi NT,UAE NT,5,Derby/High,57381,56393,Inma Stadium (ملعب الإنماء),6,West,VIP,18:45,5,21,Normal,1,7,31.7,62.7,33.0,8,12,8,5,High
KASC_2025_M16,AFC Qualifier,Saudi NT,UAE NT,5,Derby/High,57381,56393,Inma Stadium (ملعب الإنماء),6,West,VIP,18:50,5,21,Normal,1,7,31.7,62.7,33.0,11,24,11,5,High
KASC_2025_M16,AFC Qualifier,Saudi NT,UAE NT,5,Derby/High,57381,56393,Inma Stadium (ملعب الإنماء),6,West,VIP,18:55,5,21,Normal,1,7,31.7,62.7,33.0,12,48,20,5,High
KASC_2025_M16,AFC Qualifier,Saudi NT,UAE NT,5,Derby/High,57381,56393,Inma Stadium (ملعب الإنماء),6,West,VIP,19:00,5,21,Normal,1,7,31.7,62.7,33.0,10,42,21,7,High
KASC_2025_M16,AFC Qualifier,Saudi NT,UAE NT,5,Derby/High,57381,56393,Inma Stadium (ملعب الإنماء),6,West,VIP,19:05,5,21,Normal,1,7,31.7,62.7,33.0,16,60,19,4,High
KASC_2025_M16,AFC Qualifier,Saudi NT,UAE NT,5,Derby/High,57381,56393,Inma Stadium (ملعب الإنماء),6,West,VIP,19:10,5,21,Normal,1,7,31.7,62.7,33.0,10,40,20,15,High
KASC_2025_M16,AFC Qualifier,Saudi NT,UAE NT,5,Derby/High,57381,56393,Inma Stadium (ملعب الإنماء),6,West,VIP,19:15,5,21,Normal,1,7,31.7,62.7,33.0,10,48,24,10,High
KASC_2025_M16,AFC Qualifier,Saudi NT,UAE NT,5,Derby/High,57381,56393,Inma Stadium (ملعب الإنماء),6,West,VIP,19:20,5,21,Normal,1,7,31.7,62.7,33.0,9,36,20,8,High
KASC_2025_M16,AFC Qualifier,Saudi NT,UAE NT,5,Derby/High,57381,56393,Inma Stadium (ملعب الإنماء),6,West,VIP,19:25,5,21,Normal,1,7,31.7,62.7,33.0,7,29,21,8,High
KASC_2025_M16,AFC Qualifier,Saudi NT,UAE NT,5,Derby/High,57381,56393,Inma Stadium (ملعب الإنماء),6,West,VIP,19:30,5,21,Normal,1,7,31.7,62.7,33.0,7,21,15,6,High
KASC_2025_M16,AFC Qualifier,Saudi NT,UAE NT,5,Derby/High,57381,56393,Inma Stadium (ملعب الإنماء),6,West,VIP,19:35,5,21,Normal,1,7,31.7,62.7,33.0,12,55,23,14,High
KASC_2025_M16,AFC Qualifier,Saudi NT,UAE NT,5,Derby/High,57381,56393,Inma Stadium (ملعب الإنماء),6,West,VIP,19:40,5,21,Normal,1,7,31.7,62.7,33.0,12,38,16,8,High
KASC_2025_M16,AFC Qualifier,Saudi NT,UAE NT,5,Derby/High,57381,56393,Inma Stadium (ملعب الإنماء),6,West,VIP,19:45,5,21,Normal,1,7,31.7,62.7,33.0,10,38,19,4,High
KASC_2025_M16,AFC Qualifier,Saudi NT,UAE NT,5,Derby/High,57381,56393,Inma Stadium (ملعب الإنماء),6,West,VIP,19:50,5,21,Normal,1,7,31.7,62.7,33.0,13,36,14,10,High
KASC_2025_M16,AFC Qualifier,Saudi NT,UAE NT,5,Derby/High,57381,56393,Inma Stadium (ملعب الإنماء),6,West,VIP,19:55,5,21,Normal,1,7,31.7,62.7,33.0,7,29,21,5,High
KASC_2025_M16,AFC Qualifier,Saudi NT,UAE NT,5,Derby/High,57381,56393,Inma Stadium (ملعب الإنماء),6,West,VIP,20:00,5,21,Normal,1,7,31.7,62.7,33.0,10,30,15,3,High
KASC_2025_M16,AFC Qualifier,Saudi NT,UAE NT,5,Derby/High,57381,56393,Inma Stadium (ملعب الإنماء),6,West,VIP,20:05,5,21,Normal,1,7,31.7,62.7,33.0,9,36,20,4,High
KASC_2025_M16,AFC Qualifier,Saudi NT,UAE NT,5,Derby/High,57381,56393,Inma Stadium (ملعب الإنماء),6,West,VIP,20:10,5,21,Normal,1,7,31.7,62.7,33.0,18,43,12,5,High
KASC_2025_M16,AFC Qualifier,Saudi NT,UAE NT,5,Derby/High,57381,56393,Inma Stadium (ملعب الإنماء),6,West,VIP,20:15,5,21,Normal,1,7,31.7,62.7,33.0,12,24,10,0,High
KASC_2025_M16,AFC Qualifier,Saudi NT,UAE NT,5,Derby/High,57381,56393,Inma Stadium (ملعب الإنماء),6,West,VIP,20:20,5,21,Normal,1,7,31.7,62.7,33.0,16,28,9,2,High
KASC_2025_M16,AFC Qualifier,Saudi NT,UAE NT,5,Derby/High,57381,56393,Inma Stadium (ملعب الإنماء),6,West,VIP,20:25,5,21,Normal,1,7,31.7,62.7,33.0,6,13,11,4,High
KASC_2025_M16,AFC Qualifier,Saudi NT,UAE NT,5,Derby/High,57381,56393,Inma Stadium (ملعب الإنماء),6,West,VIP,20:30,5,21,Normal,1,7,31.7,62.7,33.0,13,10,4,2,High
KASC_2025_M16,AFC Qualifier,Saudi NT,UAE NT,5,Derby/High,57381,56393,Inma Stadium (ملعب الإنماء),6,West,VIP,20:35,5,21,Normal,1,7,31.7,62.7,33.0,6,7,6,3,High
KASC_2025_M16,AFC Qualifier,Saudi NT,UAE NT,5,Derby/High,57381,56393,Inma Stadium (ملعب الإنماء),6,West,VIP,20:40,5,21,Normal,1,7,31.7,62.7,33.0,18,25,7,1,High
KASC_2025_M16,AFC Qualifier,Saudi NT,UAE NT,5,Derby/High,57381,56393,Inma Stadium (ملعب الإنماء),6,West,VIP,20:45,5,21,Normal,1,7,31.7,62.7,33.0,12,2,1,2,Medium
KASC_2025_M16,AFC Qualifier,Saudi NT,UAE NT,5,Derby/High,57381,56393,Inma Stadium (ملعب الإنماء),6,West,VIP,20:50,5,21,Normal,1,7,31.7,62.7,33.0,10,6,3,2,High
KASC_2025_M16,AFC Qualifier,Saudi NT,UAE NT,5,Derby/High,57381,56393,Inma Stadium (ملعب الإنماء),6,West,VIP,20:55,5,21,Normal,1,7,31.7,62.7,33.0,12,4,2,1,High
KASC_2025_M16,AFC Qualifier,Saudi NT,UAE NT,5,Derby/High,57381,56393,Inma Stadium (ملعب الإنماء),6,West,VIP,21:00,5,21,Normal,1,7,31.7,62.7,33.0,12,0,0,1,Low
KASC_2025_M16,AFC Qualifier,Saudi NT,UAE NT,5,Derby/High,57381,56393,Inma Stadium (ملعب الإنماء),6,West,VIP,21:05,5,21,Normal,1,7,31.7,62.7,33.0,6,3,3,0,High
KASC_2025_M16,AFC Qualifier,Saudi NT,UAE NT,5,Derby/High,57381,56393,Inma Stadium (ملعب الإنماء),6,West,VIP,21:10,5,21,Normal,1,7,31.7,62.7,33.0,8,0,0,0,Medium
KASC_2025_M16,AFC Qualifier,Saudi NT,UAE NT,5,Derby/High,57381,56393,Inma Stadium (ملعب الإنماء),6,West,VIP,21:15,5,21,Normal,1,7,31.7,62.7,33.0,14,2,1,1,Medium
KASC_2025_M16,AFC Qualifier,Saudi NT,UAE NT,5,Derby/High,57381,56393,Inma Stadium (ملعب الإنماء),6,West,VIP,21:20,5,21,Normal,1,7,31.7,62.7,33.0,9,3,2,1,High
KASC_2025_M16,AFC Qualifier,Saudi NT,UAE NT,5,Derby/High,57381,56393,Inma Stadium (ملعب الإنماء),6,West,VIP,21:25,5,21,Normal,1,7,31.7,62.7,33.0,13,0,0,1,Low
KASC_2025_M16,AFC Qualifier,Saudi NT,UAE NT,5,Derby/High,57381,56393,Inma Stadium (ملعب الإنماء),6,West,VIP,21:30,5,21,Normal,1,7,31.7,62.7,33.0,12,0,0,0,Medium
KASC_2025_M16,AFC Qualifier,Saudi NT,UAE NT,5,Derby/High,57381,56393,Inma Stadium (ملعب الإنماء),6,West,VIP,21:35,5,21,Normal,1,7,31.7,62.7,33.0,14,0,0,0,Medium
KASC_2025_M16,AFC Qualifier,Saudi NT,UAE NT,5,Derby/High,57381,56393,Inma Stadium (ملعب الإنماء),6,West,VIP,21:40,5,21,Normal,1,7,31.7,62.7,33.0,9,0,0,0,Medium
KASC_2025_M16,AFC Qualifier,Saudi NT,UAE NT,5,Derby/High,57381,56393,Inma Stadium (ملعب الإنماء),6,West,VIP,21:45,5,21,Normal,1,7,31.7,62.7,33.0,9,0,0,0,Medium
KASC_2025_M16,AFC Qualifier,Saudi NT,UAE NT,5,Derby/High,57381,56393,Inma Stadium (ملعب الإنماء),6,West,VIP,21:50,5,21,Normal,1,7,31.7,62.7,33.0,9,0,0,0,Medium
KASC_2025_M16,AFC Qualifier,Saudi NT,UAE NT,5,Derby/High,57381,56393,Inma Stadium (ملعب الإنماء),6,West,VIP,21:55,5,21,Normal,1,7,31.7,62.7,33.0,8,0,0,0,Medium
KASC_2025_M16,AFC Qualifier,Saudi NT,UAE NT,5,Derby/High,57381,56393,Inma Stadium (ملعب الإنماء),6,West,VIP,22:00,5,21,Normal,1,7,31.7,62.7,33.0,10,0,0,0,Medium
KASC_2025_M16,AFC Qualifier,Saudi NT,UAE NT,5,Derby/High,57381,56393,Inma Stadium (ملعب الإنماء),6,West,VIP,22:05,5,21,Normal,1,7,31.7,62.7,33.0,10,0,0,0,Medium
KASC_2025_M16,AFC Qualifier,Saudi NT,UAE NT,5,Derby/High,57381,56393,Inma Stadium (ملعب الإنماء),6,West,VIP,22:10,5,21,Normal,1,7,31.7,62.7,33.0,7,0,0,0,Medium
KASC_2025_M16,AFC Qualifier,Saudi NT,UAE NT,5,Derby/High,57381,56393,Inma Stadium (ملعب الإنماء),6,West,VIP,22:15,5,21,Normal,1,7,31.7,62.7,33.0,12,0,0,0,Medium
KASC_2025_M16,AFC Qualifier,Saudi NT,UAE NT,5,Derby/High,57381,56393,Inma Stadium (ملعب الإنماء),6,West,VIP,22:20,5,21,Normal,1,7,31.7,62.7,33.0,10,0,0,0,Medium
KASC_2025_M16,AFC Qualifier,Saudi NT,UAE NT,5,Derby/High,57381,56393,Inma Stadium (ملعب الإنماء),6,West,VIP,22:25,5,21,Normal,1,7,31.7,62.7,33.0,10,0,0,0,Medium
KASC_2025_M16,AFC Qualifier,Saudi NT,UAE NT,5,Derby/High,57381,56393,Inma Stadium (ملعب الإنماء),6,West,VIP,22:30,5,21,Normal,1,7,31.7,62.7,33.0,11,0,0,0,Medium
KASC_2025_M16,AFC Qualifier,Saudi NT,UAE NT,5,Derby/High,57381,56393,Inma Stadium (ملعب الإنماء),6,West,VIP,22:35,5,21,Normal,1,7,31.7,62.7,33.0,10,0,0,0,Medium
KASC_2025_M16,AFC Qualifier,Saudi NT,UAE NT,5,Derby/High,57381,56393,Inma Stadium (ملعب الإنماء),6,West,VIP,22:40,5,21,Normal,1,7,31.7,62.7,33.0,8,0,0,0,Medium
KASC_2025_M16,AFC Qualifier,Saudi NT,UAE NT,5,Derby/High,57381,56393,Inma Stadium (ملعب الإنماء),6,West,VIP,22:45,5,21,Normal,1,7,31.7,62.7,33.0,10,0,0,0,Medium
KASC_2025_M16,AFC Qualifier,Saudi NT,UAE NT,5,Derby/High,57381,56393,Inma Stadium (ملعب الإنماء),6,West,VIP,22:50,5,21,Normal,1,7,31.7,62.7,33.0,6,0,0,0,Medium
KASC_2025_M16,AFC Qualifier,Saudi NT,UAE NT,5,Derby/High,57381,56393,Inma Stadium (ملعب الإنماء),6,West,VIP,22:55,5,21,Normal,1,7,31.7,62.7,33.0,13,0,0,0,Medium
KASC_2025_M16,AFC Qualifier,Saudi NT,UAE NT,5,Derby/High,57381,56393,Inma Stadium (ملعب الإنماء),6,West,VIP,23:00,5,21,Normal,1,7,31.7,62.7,33.0,7,0,0,0,Medium
KASC_2025_M16,AFC Qualifier,Saudi NT,UAE NT,5,Derby/High,57381,56393,Inma Stadium (ملعب الإنماء),6,West,VIP,23:05,5,21,Normal,1,7,31.7,62.7,33.0,10,0,0,0,Medium
KASC_2025_M16,AFC Qualifier,Saudi NT,UAE NT,5,Derby/High,57381,56393,Inma Stadium (ملعب الإنماء),6,West,VIP,23:10,5,21,Normal,1,7,31.7,62.7,33.0,13,0,0,0,Medium
KASC_2025_M16,AFC Qualifier,Saudi NT,UAE NT,5,Derby/High,57381,56393,Inma Stadium (ملعب الإنماء),6,West,VIP,23:15,5,21,Normal,1,7,31.7,62.7,33.0,13,0,0,0,Medium
KASC_2025_M16,AFC Qualifier,Saudi NT,UAE NT,5,Derby/High,57381,56393,Inma Stadium (ملعب الإنماء),6,West,VIP,23:20,5,21,Normal,1,7,31.7,62.7,33.0,12,0,0,0,Medium
KASC_2025_M16,AFC Qualifier,Saudi NT,UAE NT,5,Derby/High,57381,56393,Inma Stadium (ملعب الإنماء),6,West,VIP,23:25,5,21,Normal,1,7,31.7,62.7,33.0,9,0,0,0,Medium
KASC_2025_M16,AFC Qualifier,Saudi NT,UAE NT,5,Derby/High,57381,56393,Inma Stadium (ملعب الإنماء),6,West,VIP,23:30,5,21,Normal,1,7,31.7,62.7,33.0,13,0,0,0,Medium
KASC_2025_M16,AFC Qualifier,Saudi NT,UAE NT,5,Derby/High,57381,56393,Inma Stadium (ملعب الإنماء),6,West,VIP,23:35,5,21,Normal,1,7,31.7,62.7,33.0,16,0,0,0,Medium
KASC_2025_M16,AFC Qualifier,Saudi NT,UAE NT,5,Derby/High,57381,56393,Inma Stadium (ملعب الإنماء),6,West,VIP,23:40,5,21,Normal,1,7,31.7,62.7,33.0,9,0,0,0,Medium
KASC_2025_M16,AFC Qualifier,Saudi NT,UAE NT,5,Derby/High,57381,56393,Inma Stadium (ملعب الإنماء),6,West,VIP,23:45,5,21,Normal,1,7,31.7,62.7,33.0,9,0,0,0,Medium
KASC_2025_M16,AFC Qualifier,Saudi NT,UAE NT,5,Derby/High,57381,56393,Inma Stadium (ملعب الإنماء),6,West,VIP,23:50,5,21,Normal,1,7,31.7,62.7,33.0,9,0,0,0,Medium
KASC_2025_M16,AFC Qualifier,Saudi NT,UAE NT,5,Derby/High,57381,56393,Inma Stadium (ملعب الإنماء),6,West,VIP,23:55,5,21,Normal,1,7,31.7,62.7,33.0,12,0,0,0,Medium
KASC_2025_M17,League,Al-Ahli,Al-Khaleej,3,Normal,41841,39541,Inma Stadium (ملعب الإنماء),1,North,Home,17:00,7,22,Normal,0,0,32.3,36.8,33.0,13,7,4,0,High
KASC_2025_M17,League,Al-Ahli,Al-Khaleej,3,Normal,41841,39541,Inma Stadium (ملعب الإنماء),1,North,Home,17:05,7,22,Normal,0,0,32.3,36.8,33.0,12,6,4,0,High
KASC_2025_M17,League,Al-Ahli,Al-Khaleej,3,Normal,41841,39541,Inma Stadium (ملعب الإنماء),1,North,Home,17:10,7,22,Normal,0,0,32.3,36.8,33.0,9,6,5,0,High
KASC_2025_M17,League,Al-Ahli,Al-Khaleej,3,Normal,41841,39541,Inma Stadium (ملعب الإنماء),1,North,Home,17:15,7,22,Normal,0,0,32.3,36.8,33.0,16,11,5,3,Medium
KASC_2025_M17,League,Al-Ahli,Al-Khaleej,3,Normal,41841,39541,Inma Stadium (ملعب الإنماء),1,North,Home,17:20,7,22,Normal,0,0,32.3,36.8,33.0,11,7,5,0,High
KASC_2025_M17,League,Al-Ahli,Al-Khaleej,3,Normal,41841,39541,Inma Stadium (ملعب الإنماء),1,North,Home,17:25,7,22,Normal,0,0,32.3,36.8,33.0,10,14,10,2,High
KASC_2025_M17,League,Al-Ahli,Al-Khaleej,3,Normal,41841,39541,Inma Stadium (ملعب الإنماء),1,North,Home,17:30,7,22,Normal,0,0,32.3,36.8,33.0,10,20,14,2,High
KASC_2025_M17,League,Al-Ahli,Al-Khaleej,3,Normal,41841,39541,Inma Stadium (ملعب الإنماء),1,North,Home,17:35,7,22,Normal,0,0,32.3,36.8,33.0,7,16,16,3,High
KASC_2025_M17,League,Al-Ahli,Al-Khaleej,3,Normal,41841,39541,Inma Stadium (ملعب الإنماء),1,North,Home,17:40,7,22,Normal,0,0,32.3,36.8,33.0,8,24,21,2,High
KASC_2025_M17,League,Al-Ahli,Al-Khaleej,3,Normal,41841,39541,Inma Stadium (ملعب الإنماء),1,North,Home,17:45,7,22,Normal,0,0,32.3,36.8,33.0,12,39,23,8,High
KASC_2025_M17,League,Al-Ahli,Al-Khaleej,3,Normal,41841,39541,Inma Stadium (ملعب الإنماء),1,North,Home,17:50,7,22,Normal,0,0,32.3,36.8,33.0,6,20,24,8,High
KASC_2025_M17,League,Al-Ahli,Al-Khaleej,3,Normal,41841,39541,Inma Stadium (ملعب الإنماء),1,North,Home,17:55,7,22,Normal,0,0,32.3,36.8,33.0,14,46,23,11,Medium
KASC_2025_M17,League,Al-Ahli,Al-Khaleej,3,Normal,41841,39541,Inma Stadium (ملعب الإنماء),1,North,Home,18:00,7,22,Normal,0,0,32.3,36.8,33.0,12,51,30,8,High
KASC_2025_M17,League,Al-Ahli,Al-Khaleej,3,Normal,41841,39541,Inma Stadium (ملعب الإنماء),1,North,Home,18:05,7,22,Normal,0,0,32.3,36.8,33.0,18,77,30,10,High
KASC_2025_M17,League,Al-Ahli,Al-Khaleej,3,Normal,41841,39541,Inma Stadium (ملعب الإنماء),1,North,Home,18:10,7,22,Normal,0,0,32.3,36.8,33.0,9,46,36,8,High
KASC_2025_M17,League,Al-Ahli,Al-Khaleej,3,Normal,41841,39541,Inma Stadium (ملعب الإنماء),1,North,Home,18:15,7,22,Normal,0,0,32.3,36.8,33.0,8,66,58,16,High
KASC_2025_M17,League,Al-Ahli,Al-Khaleej,3,Normal,41841,39541,Inma Stadium (ملعب الإنماء),1,North,Home,18:20,7,22,Normal,0,0,32.3,36.8,33.0,6,38,45,15,High
KASC_2025_M17,League,Al-Ahli,Al-Khaleej,3,Normal,41841,39541,Inma Stadium (ملعب الإنماء),1,North,Home,18:25,7,22,Normal,0,0,32.3,36.8,33.0,11,78,50,18,High
KASC_2025_M17,League,Al-Ahli,Al-Khaleej,3,Normal,41841,39541,Inma Stadium (ملعب الإنماء),1,North,Home,18:30,7,22,Normal,0,0,32.3,36.8,33.0,13,113,61,21,High
KASC_2025_M17,League,Al-Ahli,Al-Khaleej,3,Normal,41841,39541,Inma Stadium (ملعب الإنماء),1,North,Home,18:35,7,22,Normal,0,0,32.3,36.8,33.0,10,100,70,27,High
KASC_2025_M17,League,Al-Ahli,Al-Khaleej,3,Normal,41841,39541,Inma Stadium (ملعب الإنماء),1,North,Home,18:40,7,22,Normal,0,0,32.3,36.8,33.0,15,154,72,24,High
KASC_2025_M17,League,Al-Ahli,Al-Khaleej,3,Normal,41841,39541,Inma Stadium (ملعب الإنماء),1,North,Home,18:45,7,22,Normal,0,0,32.3,36.8,33.0,11,117,75,20,High
KASC_2025_M17,League,Al-Ahli,Al-Khaleej,3,Normal,41841,39541,Inma Stadium (ملعب الإنماء),1,North,Home,18:50,7,22,Normal,0,0,32.3,36.8,33.0,12,133,78,23,High
KASC_2025_M17,League,Al-Ahli,Al-Khaleej,3,Normal,41841,39541,Inma Stadium (ملعب الإنماء),1,North,Home,18:55,7,22,Normal,0,0,32.3,36.8,33.0,6,67,79,23,High
KASC_2025_M17,League,Al-Ahli,Al-Khaleej,3,Normal,41841,39541,Inma Stadium (ملعب الإنماء),1,North,Home,19:00,7,22,Normal,0,0,32.3,36.8,33.0,13,161,87,28,High
KASC_2025_M17,League,Al-Ahli,Al-Khaleej,3,Normal,41841,39541,Inma Stadium (ملعب الإنماء),1,North,Home,19:05,7,22,Normal,0,0,32.3,36.8,33.0,10,135,95,30,High
KASC_2025_M17,League,Al-Ahli,Al-Khaleej,3,Normal,41841,39541,Inma Stadium (ملعب الإنماء),1,North,Home,19:10,7,22,Normal,0,0,32.3,36.8,33.0,15,225,105,42,High
KASC_2025_M17,League,Al-Ahli,Al-Khaleej,3,Normal,41841,39541,Inma Stadium (ملعب الإنماء),1,North,Home,19:15,7,22,Normal,0,0,32.3,36.8,33.0,13,176,95,40,High
KASC_2025_M17,League,Al-Ahli,Al-Khaleej,3,Normal,41841,39541,Inma Stadium (ملعب الإنماء),1,North,Home,19:20,7,22,Normal,0,0,32.3,36.8,33.0,12,169,99,28,High
KASC_2025_M17,League,Al-Ahli,Al-Khaleej,3,Normal,41841,39541,Inma Stadium (ملعب الإنماء),1,North,Home,19:25,7,22,Normal,0,0,32.3,36.8,33.0,6,78,91,30,High
KASC_2025_M17,League,Al-Ahli,Al-Khaleej,3,Normal,41841,39541,Inma Stadium (ملعب الإنماء),1,North,Home,19:30,7,22,Normal,0,0,32.3,36.8,33.0,11,154,98,27,High
KASC_2025_M17,League,Al-Ahli,Al-Khaleej,3,Normal,41841,39541,Inma Stadium (ملعب الإنماء),1,North,Home,19:35,7,22,Normal,0,0,32.3,36.8,33.0,14,186,93,37,High
KASC_2025_M17,League,Al-Ahli,Al-Khaleej,3,Normal,41841,39541,Inma Stadium (ملعب الإنماء),1,North,Home,19:40,7,22,Normal,0,0,32.3,36.8,33.0,13,183,99,32,High
KASC_2025_M17,League,Al-Ahli,Al-Khaleej,3,Normal,41841,39541,Inma Stadium (ملعب الإنماء),1,North,Home,19:45,7,22,Normal,0,0,32.3,36.8,33.0,13,157,85,26,High
KASC_2025_M17,League,Al-Ahli,Al-Khaleej,3,Normal,41841,39541,Inma Stadium (ملعب الإنماء),1,North,Home,19:50,7,22,Normal,0,0,32.3,36.8,33.0,12,162,95,23,High
KASC_2025_M17,League,Al-Ahli,Al-Khaleej,3,Normal,41841,39541,Inma Stadium (ملعب الإنماء),1,North,Home,19:55,7,22,Normal,0,0,32.3,36.8,33.0,8,117,103,24,High
KASC_2025_M17,League,Al-Ahli,Al-Khaleej,3,Normal,41841,39541,Inma Stadium (ملعب الإنماء),1,North,Home,20:00,7,22,Normal,0,0,32.3,36.8,33.0,19,233,86,30,High
KASC_2025_M17,League,Al-Ahli,Al-Khaleej,3,Normal,41841,39541,Inma Stadium (ملعب الإنماء),1,North,Home,20:05,7,22,Normal,0,0,32.3,36.8,33.0,15,186,87,23,High
KASC_2025_M17,League,Al-Ahli,Al-Khaleej,3,Normal,41841,39541,Inma Stadium (ملعب الإنماء),1,North,Home,20:10,7,22,Normal,0,0,32.3,36.8,33.0,13,157,85,25,High
KASC_2025_M17,League,Al-Ahli,Al-Khaleej,3,Normal,41841,39541,Inma Stadium (ملعب الإنماء),1,North,Home,20:15,7,22,Normal,0,0,32.3,36.8,33.0,10,107,75,20,High
KASC_2025_M17,League,Al-Ahli,Al-Khaleej,3,Normal,41841,39541,Inma Stadium (ملعب الإنماء),1,North,Home,20:20,7,22,Normal,0,0,32.3,36.8,33.0,8,88,77,16,High
KASC_2025_M17,League,Al-Ahli,Al-Khaleej,3,Normal,41841,39541,Inma Stadium (ملعب الإنماء),1,North,Home,20:25,7,22,Normal,0,0,32.3,36.8,33.0,10,90,63,23,High
KASC_2025_M17,League,Al-Ahli,Al-Khaleej,3,Normal,41841,39541,Inma Stadium (ملعب الإنماء),1,North,Home,20:30,7,22,Normal,0,0,32.3,36.8,33.0,11,92,59,16,High
KASC_2025_M17,League,Al-Ahli,Al-Khaleej,3,Normal,41841,39541,Inma Stadium (ملعب الإنماء),1,North,Home,20:35,7,22,Normal,0,0,32.3,36.8,33.0,8,60,53,17,High
KASC_2025_M17,League,Al-Ahli,Al-Khaleej,3,Normal,41841,39541,Inma Stadium (ملعب الإنماء),1,North,Home,20:40,7,22,Normal,0,0,32.3,36.8,33.0,14,88,44,15,High
KASC_2025_M17,League,Al-Ahli,Al-Khaleej,3,Normal,41841,39541,Inma Stadium (ملعب الإنماء),1,North,Home,20:45,7,22,Normal,0,0,32.3,36.8,33.0,14,60,30,9,High
KASC_2025_M17,League,Al-Ahli,Al-Khaleej,3,Normal,41841,39541,Inma Stadium (ملعب الإنماء),1,North,Home,20:50,7,22,Normal,0,0,32.3,36.8,33.0,15,66,31,14,High
KASC_2025_M17,League,Al-Ahli,Al-Khaleej,3,Normal,41841,39541,Inma Stadium (ملعب الإنماء),1,North,Home,20:55,7,22,Normal,0,0,32.3,36.8,33.0,9,42,33,11,High
KASC_2025_M17,League,Al-Ahli,Al-Khaleej,3,Normal,41841,39541,Inma Stadium (ملعب الإنماء),1,North,Home,21:00,7,22,Normal,0,0,32.3,36.8,33.0,14,64,32,7,High
KASC_2025_M17,League,Al-Ahli,Al-Khaleej,3,Normal,41841,39541,Inma Stadium (ملعب الإنماء),1,North,Home,21:05,7,22,Normal,0,0,32.3,36.8,33.0,10,27,19,7,High
KASC_2025_M17,League,Al-Ahli,Al-Khaleej,3,Normal,41841,39541,Inma Stadium (ملعب الإنماء),1,North,Home,21:10,7,22,Normal,0,0,32.3,36.8,33.0,10,35,25,5,High
KASC_2025_M17,League,Al-Ahli,Al-Khaleej,3,Normal,41841,39541,Inma Stadium (ملعب الإنماء),1,North,Home,21:15,7,22,Normal,0,0,32.3,36.8,33.0,11,37,24,6,High
KASC_2025_M17,League,Al-Ahli,Al-Khaleej,3,Normal,41841,39541,Inma Stadium (ملعب الإنماء),1,North,Home,21:20,7,22,Normal,0,0,32.3,36.8,33.0,12,20,12,2,High
KASC_2025_M17,League,Al-Ahli,Al-Khaleej,3,Normal,41841,39541,Inma Stadium (ملعب الإنماء),1,North,Home,21:25,7,22,Normal,0,0,32.3,36.8,33.0,10,10,7,3,Medium
KASC_2025_M17,League,Al-Ahli,Al-Khaleej,3,Normal,41841,39541,Inma Stadium (ملعب الإنماء),1,North,Home,21:30,7,22,Normal,0,0,32.3,36.8,33.0,11,12,8,4,Medium
KASC_2025_M17,League,Al-Ahli,Al-Khaleej,3,Normal,41841,39541,Inma Stadium (ملعب الإنماء),1,North,Home,21:35,7,22,Normal,0,0,32.3,36.8,33.0,11,12,8,6,Medium
KASC_2025_M17,League,Al-Ahli,Al-Khaleej,3,Normal,41841,39541,Inma Stadium (ملعب الإنماء),1,North,Home,21:40,7,22,Normal,0,0,32.3,36.8,33.0,13,14,8,3,High
KASC_2025_M17,League,Al-Ahli,Al-Khaleej,3,Normal,41841,39541,Inma Stadium (ملعب الإنماء),1,North,Home,21:45,7,22,Normal,0,0,32.3,36.8,33.0,12,5,3,1,Medium
KASC_2025_M17,League,Al-Ahli,Al-Khaleej,3,Normal,41841,39541,Inma Stadium (ملعب الإنماء),1,North,Home,21:50,7,22,Normal,0,0,32.3,36.8,33.0,11,7,5,3,Medium
KASC_2025_M17,League,Al-Ahli,Al-Khaleej,3,Normal,41841,39541,Inma Stadium (ملعب الإنماء),1,North,Home,21:55,7,22,Normal,0,0,32.3,36.8,33.0,10,1,1,0,Medium
KASC_2025_M17,League,Al-Ahli,Al-Khaleej,3,Normal,41841,39541,Inma Stadium (ملعب الإنماء),1,North,Home,22:00,7,22,Normal,0,0,32.3,36.8,33.0,10,4,3,2,Medium
KASC_2025_M17,League,Al-Ahli,Al-Khaleej,3,Normal,41841,39541,Inma Stadium (ملعب الإنماء),1,North,Home,22:05,7,22,Normal,0,0,32.3,36.8,33.0,11,1,1,1,Low
KASC_2025_M17,League,Al-Ahli,Al-Khaleej,3,Normal,41841,39541,Inma Stadium (ملعب الإنماء),1,North,Home,22:10,7,22,Normal,0,0,32.3,36.8,33.0,10,2,2,2,Low
KASC_2025_M17,League,Al-Ahli,Al-Khaleej,3,Normal,41841,39541,Inma Stadium (ملعب الإنماء),1,North,Home,22:15,7,22,Normal,0,0,32.3,36.8,33.0,14,2,1,0,Medium
KASC_2025_M17,League,Al-Ahli,Al-Khaleej,3,Normal,41841,39541,Inma Stadium (ملعب الإنماء),1,North,Home,22:20,7,22,Normal,0,0,32.3,36.8,33.0,11,0,0,0,Low
KASC_2025_M17,League,Al-Ahli,Al-Khaleej,3,Normal,41841,39541,Inma Stadium (ملعب الإنماء),1,North,Home,22:25,7,22,Normal,0,0,32.3,36.8,33.0,14,0,0,0,Low
KASC_2025_M17,League,Al-Ahli,Al-Khaleej,3,Normal,41841,39541,Inma Stadium (ملعب الإنماء),1,North,Home,22:30,7,22,Normal,0,0,32.3,36.8,33.0,8,0,0,0,Low
KASC_2025_M17,League,Al-Ahli,Al-Khaleej,3,Normal,41841,39541,Inma Stadium (ملعب الإنماء),1,North,Home,22:35,7,22,Normal,0,0,32.3,36.8,33.0,12,0,0,0,Low
KASC_2025_M17,League,Al-Ahli,Al-Khaleej,3,Normal,41841,39541,Inma Stadium (ملعب الإنماء),1,North,Home,22:40,7,22,Normal,0,0,32.3,36.8,33.0,12,1,1,0,Medium
KASC_2025_M17,League,Al-Ahli,Al-Khaleej,3,Normal,41841,39541,Inma Stadium (ملعب الإنماء),1,North,Home,22:45,7,22,Normal,0,0,32.3,36.8,33.0,7,0,0,0,Low
KASC_2025_M17,League,Al-Ahli,Al-Khaleej,3,Normal,41841,39541,Inma Stadium (ملعب الإنماء),1,North,Home,22:50,7,22,Normal,0,0,32.3,36.8,33.0,11,0,0,0,Low
KASC_2025_M17,League,Al-Ahli,Al-Khaleej,3,Normal,41841,39541,Inma Stadium (ملعب الإنماء),1,North,Home,22:55,7,22,Normal,0,0,32.3,36.8,33.0,12,0,0,0,Low
KASC_2025_M17,League,Al-Ahli,Al-Khaleej,3,Normal,41841,39541,Inma Stadium (ملعب الإنماء),1,North,Home,23:00,7,22,Normal,0,0,32.3,36.8,33.0,10,0,0,0,Low
KASC_2025_M17,League,Al-Ahli,Al-Khaleej,3,Normal,41841,39541,Inma Stadium (ملعب الإنماء),1,North,Home,23:05,7,22,Normal,0,0,32.3,36.8,33.0,11,0,0,0,Low
KASC_2025_M17,League,Al-Ahli,Al-Khaleej,3,Normal,41841,39541,Inma Stadium (ملعب الإنماء),1,North,Home,23:10,7,22,Normal,0,0,32.3,36.8,33.0,16,0,0,0,Low
KASC_2025_M17,League,Al-Ahli,Al-Khaleej,3,Normal,41841,39541,Inma Stadium (ملعب الإنماء),1,North,Home,23:15,7,22,Normal,0,0,32.3,36.8,33.0,9,0,0,0,Low
KASC_2025_M17,League,Al-Ahli,Al-Khaleej,3,Normal,41841,39541,Inma Stadium (ملعب الإنماء),1,North,Home,23:20,7,22,Normal,0,0,32.3,36.8,33.0,14,0,0,0,Low
KASC_2025_M17,League,Al-Ahli,Al-Khaleej,3,Normal,41841,39541,Inma Stadium (ملعب الإنماء),1,North,Home,23:25,7,22,Normal,0,0,32.3,36.8,33.0,11,0,0,0,Low
KASC_2025_M17,League,Al-Ahli,Al-Khaleej,3,Normal,41841,39541,Inma Stadium (ملعب الإنماء),1,North,Home,23:30,7,22,Normal,0,0,32.3,36.8,33.0,10,0,0,0,Low
KASC_2025_M17,League,Al-Ahli,Al-Khaleej,3,Normal,41841,39541,Inma Stadium (ملعب الإنماء),1,North,Home,23:35,7,22,Normal,0,0,32.3,36.8,33.0,17,0,0,0,Low
KASC_2025_M17,League,Al-Ahli,Al-Khaleej,3,Normal,41841,39541,Inma Stadium (ملعب الإنماء),1,North,Home,23:40,7,22,Normal,0,0,32.3,36.8,33.0,16,0,0,0,Low
KASC_2025_M17,League,Al-Ahli,Al-Khaleej,3,Normal,41841,39541,Inma Stadium (ملعب الإنماء),1,North,Home,23:45,7,22,Normal,0,0,32.3,36.8,33.0,13,0,0,0,Low
KASC_2025_M17,League,Al-Ahli,Al-Khaleej,3,Normal,41841,39541,Inma Stadium (ملعب الإنماء),1,North,Home,23:50,7,22,Normal,0,0,32.3,36.8,33.0,11,0,0,0,Low
KASC_2025_M17,League,Al-Ahli,Al-Khaleej,3,Normal,41841,39541,Inma Stadium (ملعب الإنماء),1,North,Home,23:55,7,22,Normal,0,0,32.3,36.8,33.0,12,0,0,0,Low
KASC_2025_M17,League,Al-Ahli,Al-Khaleej,3,Normal,41841,39541,Inma Stadium (ملعب الإنماء),2,North,Home,17:00,5,13,Normal,0,0,32.3,36.8,33.0,11,4,2,0,High
KASC_2025_M17,League,Al-Ahli,Al-Khaleej,3,Normal,41841,39541,Inma Stadium (ملعب الإنماء),2,North,Home,17:05,5,13,Normal,0,0,32.3,36.8,33.0,10,6,3,0,High
KASC_2025_M17,League,Al-Ahli,Al-Khaleej,3,Normal,41841,39541,Inma Stadium (ملعب الإنماء),2,North,Home,17:10,5,13,Normal,0,0,32.3,36.8,33.0,13,10,4,2,High
KASC_2025_M17,League,Al-Ahli,Al-Khaleej,3,Normal,41841,39541,Inma Stadium (ملعب الإنماء),2,North,Home,17:15,5,13,Normal,0,0,32.3,36.8,33.0,14,11,4,1,High
KASC_2025_M17,League,Al-Ahli,Al-Khaleej,3,Normal,41841,39541,Inma Stadium (ملعب الإنماء),2,North,Home,17:20,5,13,Normal,0,0,32.3,36.8,33.0,12,4,2,2,Medium
KASC_2025_M17,League,Al-Ahli,Al-Khaleej,3,Normal,41841,39541,Inma Stadium (ملعب الإنماء),2,North,Home,17:25,5,13,Normal,0,0,32.3,36.8,33.0,9,9,5,1,High
KASC_2025_M17,League,Al-Ahli,Al-Khaleej,3,Normal,41841,39541,Inma Stadium (ملعب الإنماء),2,North,Home,17:30,5,13,Normal,0,0,32.3,36.8,33.0,12,14,6,4,Medium
KASC_2025_M17,League,Al-Ahli,Al-Khaleej,3,Normal,41841,39541,Inma Stadium (ملعب الإنماء),2,North,Home,17:35,5,13,Normal,0,0,32.3,36.8,33.0,9,14,8,2,High
KASC_2025_M17,League,Al-Ahli,Al-Khaleej,3,Normal,41841,39541,Inma Stadium (ملعب الإنماء),2,North,Home,17:40,5,13,Normal,0,0,32.3,36.8,33.0,10,14,7,4,High
KASC_2025_M17,League,Al-Ahli,Al-Khaleej,3,Normal,41841,39541,Inma Stadium (ملعب الإنماء),2,North,Home,17:45,5,13,Normal,0,0,32.3,36.8,33.0,11,19,9,8,Medium
KASC_2025_M17,League,Al-Ahli,Al-Khaleej,3,Normal,41841,39541,Inma Stadium (ملعب الإنماء),2,North,Home,17:50,5,13,Normal,0,0,32.3,36.8,33.0,11,39,18,2,High
KASC_2025_M17,League,Al-Ahli,Al-Khaleej,3,Normal,41841,39541,Inma Stadium (ملعب الإنماء),2,North,Home,17:55,5,13,Normal,0,0,32.3,36.8,33.0,17,40,12,8,Medium
KASC_2025_M17,League,Al-Ahli,Al-Khaleej,3,Normal,41841,39541,Inma Stadium (ملعب الإنماء),2,North,Home,18:00,5,13,Normal,0,0,32.3,36.8,33.0,10,34,17,9,High
KASC_2025_M17,League,Al-Ahli,Al-Khaleej,3,Normal,41841,39541,Inma Stadium (ملعب الإنماء),2,North,Home,18:05,5,13,Normal,0,0,32.3,36.8,33.0,11,33,15,6,High
KASC_2025_M17,League,Al-Ahli,Al-Khaleej,3,Normal,41841,39541,Inma Stadium (ملعب الإنماء),2,North,Home,18:10,5,13,Normal,0,0,32.3,36.8,33.0,13,70,27,6,High
KASC_2025_M17,League,Al-Ahli,Al-Khaleej,3,Normal,41841,39541,Inma Stadium (ملعب الإنماء),2,North,Home,18:15,5,13,Normal,0,0,32.3,36.8,33.0,10,48,24,14,High
KASC_2025_M17,League,Al-Ahli,Al-Khaleej,3,Normal,41841,39541,Inma Stadium (ملعب الإنماء),2,North,Home,18:20,5,13,Normal,0,0,32.3,36.8,33.0,9,59,33,18,High
KASC_2025_M17,League,Al-Ahli,Al-Khaleej,3,Normal,41841,39541,Inma Stadium (ملعب الإنماء),2,North,Home,18:25,5,13,Normal,0,0,32.3,36.8,33.0,9,46,26,17,Medium
KASC_2025_M17,League,Al-Ahli,Al-Khaleej,3,Normal,41841,39541,Inma Stadium (ملعب الإنماء),2,North,Home,18:30,5,13,Normal,0,0,32.3,36.8,33.0,13,85,33,13,High
KASC_2025_M17,League,Al-Ahli,Al-Khaleej,3,Normal,41841,39541,Inma Stadium (ملعب الإنماء),2,North,Home,18:35,5,13,Normal,0,0,32.3,36.8,33.0,9,97,54,15,High
KASC_2025_M17,League,Al-Ahli,Al-Khaleej,3,Normal,41841,39541,Inma Stadium (ملعب الإنماء),2,North,Home,18:40,5,13,Normal,0,0,32.3,36.8,33.0,9,73,41,25,High
KASC_2025_M17,League,Al-Ahli,Al-Khaleej,3,Normal,41841,39541,Inma Stadium (ملعب الإنماء),2,North,Home,18:45,5,13,Normal,0,0,32.3,36.8,33.0,6,69,58,25,High
KASC_2025_M17,League,Al-Ahli,Al-Khaleej,3,Normal,41841,39541,Inma Stadium (ملعب الإنماء),2,North,Home,18:50,5,13,Normal,0,0,32.3,36.8,33.0,11,116,53,22,High
KASC_2025_M17,League,Al-Ahli,Al-Khaleej,3,Normal,41841,39541,Inma Stadium (ملعب الإنماء),2,North,Home,18:55,5,13,Normal,0,0,32.3,36.8,33.0,10,134,67,21,High
KASC_2025_M17,League,Al-Ahli,Al-Khaleej,3,Normal,41841,39541,Inma Stadium (ملعب الإنماء),2,North,Home,19:00,5,13,Normal,0,0,32.3,36.8,33.0,11,147,67,19,High
KASC_2025_M17,League,Al-Ahli,Al-Khaleej,3,Normal,41841,39541,Inma Stadium (ملعب الإنماء),2,North,Home,19:05,5,13,Normal,0,0,32.3,36.8,33.0,10,110,55,23,High
KASC_2025_M17,League,Al-Ahli,Al-Khaleej,3,Normal,41841,39541,Inma Stadium (ملعب الإنماء),2,North,Home,19:10,5,13,Normal,0,0,32.3,36.8,33.0,7,99,71,22,High
KASC_2025_M17,League,Al-Ahli,Al-Khaleej,3,Normal,41841,39541,Inma Stadium (ملعب الإنماء),2,North,Home,19:15,5,13,Normal,0,0,32.3,36.8,33.0,14,215,77,33,High
KASC_2025_M17,League,Al-Ahli,Al-Khaleej,3,Normal,41841,39541,Inma Stadium (ملعب الإنماء),2,North,Home,19:20,5,13,Normal,0,0,32.3,36.8,33.0,10,152,76,29,High
KASC_2025_M17,League,Al-Ahli,Al-Khaleej,3,Normal,41841,39541,Inma Stadium (ملعب الإنماء),2,North,Home,19:25,5,13,Normal,0,0,32.3,36.8,33.0,10,134,67,31,High
KASC_2025_M17,League,Al-Ahli,Al-Khaleej,3,Normal,41841,39541,Inma Stadium (ملعب الإنماء),2,North,Home,19:30,5,13,Normal,0,0,32.3,36.8,33.0,15,261,87,25,High
KASC_2025_M17,League,Al-Ahli,Al-Khaleej,3,Normal,41841,39541,Inma Stadium (ملعب الإنماء),2,North,Home,19:35,5,13,Normal,0,0,32.3,36.8,33.0,12,192,80,30,High
KASC_2025_M17,League,Al-Ahli,Al-Khaleej,3,Normal,41841,39541,Inma Stadium (ملعب الإنماء),2,North,Home,19:40,5,13,Normal,0,0,32.3,36.8,33.0,6,82,69,44,High
KASC_2025_M17,League,Al-Ahli,Al-Khaleej,3,Normal,41841,39541,Inma Stadium (ملعب الإنماء),2,North,Home,19:45,5,13,Normal,0,0,32.3,36.8,33.0,12,175,73,31,High
KASC_2025_M17,League,Al-Ahli,Al-Khaleej,3,Normal,41841,39541,Inma Stadium (ملعب الإنماء),2,North,Home,19:50,5,13,Normal,0,0,32.3,36.8,33.0,6,96,80,29,High
KASC_2025_M17,League,Al-Ahli,Al-Khaleej,3,Normal,41841,39541,Inma Stadium (ملعب الإنماء),2,North,Home,19:55,5,13,Normal,0,0,32.3,36.8,33.0,15,180,60,27,High
KASC_2025_M17,League,Al-Ahli,Al-Khaleej,3,Normal,41841,39541,Inma Stadium (ملعب الإنماء),2,North,Home,20:00,5,13,Normal,0,0,32.3,36.8,33.0,16,224,70,23,High
KASC_2025_M17,League,Al-Ahli,Al-Khaleej,3,Normal,41841,39541,Inma Stadium (ملعب الإنماء),2,North,Home,20:05,5,13,Normal,0,0,32.3,36.8,33.0,19,201,53,18,High
KASC_2025_M17,League,Al-Ahli,Al-Khaleej,3,Normal,41841,39541,Inma Stadium (ملعب الإنماء),2,North,Home,20:10,5,13,Normal,0,0,32.3,36.8,33.0,15,195,65,30,High
KASC_2025_M17,League,Al-Ahli,Al-Khaleej,3,Normal,41841,39541,Inma Stadium (ملعب الإنماء),2,North,Home,20:15,5,13,Normal,0,0,32.3,36.8,33.0,12,120,50,27,High
KASC_2025_M17,League,Al-Ahli,Al-Khaleej,3,Normal,41841,39541,Inma Stadium (ملعب الإنماء),2,North,Home,20:20,5,13,Normal,0,0,32.3,36.8,33.0,13,135,52,17,High
KASC_2025_M17,League,Al-Ahli,Al-Khaleej,3,Normal,41841,39541,Inma Stadium (ملعب الإنماء),2,North,Home,20:25,5,13,Normal,0,0,32.3,36.8,33.0,10,76,38,18,High
KASC_2025_M17,League,Al-Ahli,Al-Khaleej,3,Normal,41841,39541,Inma Stadium (ملعب الإنماء),2,North,Home,20:30,5,13,Normal,0,0,32.3,36.8,33.0,9,63,35,12,High
KASC_2025_M17,League,Al-Ahli,Al-Khaleej,3,Normal,41841,39541,Inma Stadium (ملعب الإنماء),2,North,Home,20:35,5,13,Normal,0,0,32.3,36.8,33.0,11,57,26,17,Medium
KASC_2025_M17,League,Al-Ahli,Al-Khaleej,3,Normal,41841,39541,Inma Stadium (ملعب الإنماء),2,North,Home,20:40,5,13,Normal,0,0,32.3,36.8,33.0,13,104,40,9,High
KASC_2025_M17,League,Al-Ahli,Al-Khaleej,3,Normal,41841,39541,Inma Stadium (ملعب الإنماء),2,North,Home,20:45,5,13,Normal,0,0,32.3,36.8,33.0,11,81,37,16,High
KASC_2025_M17,League,Al-Ahli,Al-Khaleej,3,Normal,41841,39541,Inma Stadium (ملعب الإنماء),2,North,Home,20:50,5,13,Normal,0,0,32.3,36.8,33.0,15,93,31,9,High
KASC_2025_M17,League,Al-Ahli,Al-Khaleej,3,Normal,41841,39541,Inma Stadium (ملعب الإنماء),2,North,Home,20:55,5,13,Normal,0,0,32.3,36.8,33.0,11,46,21,4,High
KASC_2025_M17,League,Al-Ahli,Al-Khaleej,3,Normal,41841,39541,Inma Stadium (ملعب الإنماء),2,North,Home,21:00,5,13,Normal,0,0,32.3,36.8,33.0,16,80,25,5,High
KASC_2025_M17,League,Al-Ahli,Al-Khaleej,3,Normal,41841,39541,Inma Stadium (ملعب الإنماء),2,North,Home,21:05,5,13,Normal,0,0,32.3,36.8,33.0,13,52,20,11,High
KASC_2025_M17,League,Al-Ahli,Al-Khaleej,3,Normal,41841,39541,Inma Stadium (ملعب الإنماء),2,North,Home,21:10,5,13,Normal,0,0,32.3,36.8,33.0,6,20,17,2,High
KASC_2025_M17,League,Al-Ahli,Al-Khaleej,3,Normal,41841,39541,Inma Stadium (ملعب الإنماء),2,North,Home,21:15,5,13,Normal,0,0,32.3,36.8,33.0,9,21,12,6,High
KASC_2025_M17,League,Al-Ahli,Al-Khaleej,3,Normal,41841,39541,Inma Stadium (ملعب الإنماء),2,North,Home,21:20,5,13,Normal,0,0,32.3,36.8,33.0,9,19,11,5,High
KASC_2025_M17,League,Al-Ahli,Al-Khaleej,3,Normal,41841,39541,Inma Stadium (ملعب الإنماء),2,North,Home,21:25,5,13,Normal,0,0,32.3,36.8,33.0,14,14,5,2,High
KASC_2025_M17,League,Al-Ahli,Al-Khaleej,3,Normal,41841,39541,Inma Stadium (ملعب الإنماء),2,North,Home,21:30,5,13,Normal,0,0,32.3,36.8,33.0,14,16,6,6,Medium
KASC_2025_M17,League,Al-Ahli,Al-Khaleej,3,Normal,41841,39541,Inma Stadium (ملعب الإنماء),2,North,Home,21:35,5,13,Normal,0,0,32.3,36.8,33.0,6,3,3,1,High
KASC_2025_M17,League,Al-Ahli,Al-Khaleej,3,Normal,41841,39541,Inma Stadium (ملعب الإنماء),2,North,Home,21:40,5,13,Normal,0,0,32.3,36.8,33.0,6,7,6,1,High
KASC_2025_M17,League,Al-Ahli,Al-Khaleej,3,Normal,41841,39541,Inma Stadium (ملعب الإنماء),2,North,Home,21:45,5,13,Normal,0,0,32.3,36.8,33.0,10,4,2,3,Low
KASC_2025_M17,League,Al-Ahli,Al-Khaleej,3,Normal,41841,39541,Inma Stadium (ملعب الإنماء),2,North,Home,21:50,5,13,Normal,0,0,32.3,36.8,33.0,10,10,5,2,High
KASC_2025_M17,League,Al-Ahli,Al-Khaleej,3,Normal,41841,39541,Inma Stadium (ملعب الإنماء),2,North,Home,21:55,5,13,Normal,0,0,32.3,36.8,33.0,8,0,0,1,Low
KASC_2025_M17,League,Al-Ahli,Al-Khaleej,3,Normal,41841,39541,Inma Stadium (ملعب الإنماء),2,North,Home,22:00,5,13,Normal,0,0,32.3,36.8,33.0,9,0,0,1,Low
KASC_2025_M17,League,Al-Ahli,Al-Khaleej,3,Normal,41841,39541,Inma Stadium (ملعب الإنماء),2,North,Home,22:05,5,13,Normal,0,0,32.3,36.8,33.0,9,7,4,1,High
KASC_2025_M17,League,Al-Ahli,Al-Khaleej,3,Normal,41841,39541,Inma Stadium (ملعب الإنماء),2,North,Home,22:10,5,13,Normal,0,0,32.3,36.8,33.0,13,0,0,0,Medium
KASC_2025_M17,League,Al-Ahli,Al-Khaleej,3,Normal,41841,39541,Inma Stadium (ملعب الإنماء),2,North,Home,22:15,5,13,Normal,0,0,32.3,36.8,33.0,14,0,0,0,Medium
KASC_2025_M17,League,Al-Ahli,Al-Khaleej,3,Normal,41841,39541,Inma Stadium (ملعب الإنماء),2,North,Home,22:20,5,13,Normal,0,0,32.3,36.8,33.0,11,0,0,1,Low
KASC_2025_M17,League,Al-Ahli,Al-Khaleej,3,Normal,41841,39541,Inma Stadium (ملعب الإنماء),2,North,Home,22:25,5,13,Normal,0,0,32.3,36.8,33.0,11,0,0,0,Medium
KASC_2025_M17,League,Al-Ahli,Al-Khaleej,3,Normal,41841,39541,Inma Stadium (ملعب الإنماء),2,North,Home,22:30,5,13,Normal,0,0,32.3,36.8,33.0,10,0,0,0,Medium
KASC_2025_M17,League,Al-Ahli,Al-Khaleej,3,Normal,41841,39541,Inma Stadium (ملعب الإنماء),2,North,Home,22:35,5,13,Normal,0,0,32.3,36.8,33.0,8,0,0,0,Medium
KASC_2025_M17,League,Al-Ahli,Al-Khaleej,3,Normal,41841,39541,Inma Stadium (ملعب الإنماء),2,North,Home,22:40,5,13,Normal,0,0,32.3,36.8,33.0,10,0,0,0,Medium
KASC_2025_M17,League,Al-Ahli,Al-Khaleej,3,Normal,41841,39541,Inma Stadium (ملعب الإنماء),2,North,Home,22:45,5,13,Normal,0,0,32.3,36.8,33.0,10,0,0,0,Medium
KASC_2025_M17,League,Al-Ahli,Al-Khaleej,3,Normal,41841,39541,Inma Stadium (ملعب الإنماء),2,North,Home,22:50,5,13,Normal,0,0,32.3,36.8,33.0,12,0,0,0,Medium
KASC_2025_M17,League,Al-Ahli,Al-Khaleej,3,Normal,41841,39541,Inma Stadium (ملعب الإنماء),2,North,Home,22:55,5,13,Normal,0,0,32.3,36.8,33.0,12,0,0,0,Medium
KASC_2025_M17,League,Al-Ahli,Al-Khaleej,3,Normal,41841,39541,Inma Stadium (ملعب الإنماء),2,North,Home,23:00,5,13,Normal,0,0,32.3,36.8,33.0,12,0,0,0,Medium
KASC_2025_M17,League,Al-Ahli,Al-Khaleej,3,Normal,41841,39541,Inma Stadium (ملعب الإنماء),2,North,Home,23:05,5,13,Normal,0,0,32.3,36.8,33.0,12,0,0,0,Medium
KASC_2025_M17,League,Al-Ahli,Al-Khaleej,3,Normal,41841,39541,Inma Stadium (ملعب الإنماء),2,North,Home,23:10,5,13,Normal,0,0,32.3,36.8,33.0,9,0,0,0,Medium
KASC_2025_M17,League,Al-Ahli,Al-Khaleej,3,Normal,41841,39541,Inma Stadium (ملعب الإنماء),2,North,Home,23:15,5,13,Normal,0,0,32.3,36.8,33.0,9,0,0,0,Medium
KASC_2025_M17,League,Al-Ahli,Al-Khaleej,3,Normal,41841,39541,Inma Stadium (ملعب الإنماء),2,North,Home,23:20,5,13,Normal,0,0,32.3,36.8,33.0,10,0,0,0,Medium
KASC_2025_M17,League,Al-Ahli,Al-Khaleej,3,Normal,41841,39541,Inma Stadium (ملعب الإنماء),2,North,Home,23:25,5,13,Normal,0,0,32.3,36.8,33.0,12,0,0,0,Medium
KASC_2025_M17,League,Al-Ahli,Al-Khaleej,3,Normal,41841,39541,Inma Stadium (ملعب الإنماء),2,North,Home,23:30,5,13,Normal,0,0,32.3,36.8,33.0,9,0,0,0,Medium
KASC_2025_M17,League,Al-Ahli,Al-Khaleej,3,Normal,41841,39541,Inma Stadium (ملعب الإنماء),2,North,Home,23:35,5,13,Normal,0,0,32.3,36.8,33.0,12,0,0,0,Medium
KASC_2025_M17,League,Al-Ahli,Al-Khaleej,3,Normal,41841,39541,Inma Stadium (ملعب الإنماء),2,North,Home,23:40,5,13,Normal,0,0,32.3,36.8,33.0,12,0,0,0,Medium
KASC_2025_M17,League,Al-Ahli,Al-Khaleej,3,Normal,41841,39541,Inma Stadium (ملعب الإنماء),2,North,Home,23:45,5,13,Normal,0,0,32.3,36.8,33.0,6,0,0,0,Medium
KASC_2025_M17,League,Al-Ahli,Al-Khaleej,3,Normal,41841,39541,Inma Stadium (ملعب الإنماء),2,North,Home,23:50,5,13,Normal,0,0,32.3,36.8,33.0,15,0,0,0,Medium
KASC_2025_M17,League,Al-Ahli,Al-Khaleej,3,Normal,41841,39541,Inma Stadium (ملعب الإنماء),2,North,Home,23:55,5,13,Normal,0,0,32.3,36.8,33.0,13,0,0,0,Medium
KASC_2025_M17,League,Al-Ahli,Al-Khaleej,3,Normal,41841,39541,Inma Stadium (ملعب الإنماء),3,East,Home,17:00,5,14,Normal,0,0,32.3,36.8,33.0,11,0,0,0,Medium
KASC_2025_M17,League,Al-Ahli,Al-Khaleej,3,Normal,41841,39541,Inma Stadium (ملعب الإنماء),3,East,Home,17:05,5,14,Normal,0,0,32.3,36.8,33.0,11,8,4,2,High
KASC_2025_M17,League,Al-Ahli,Al-Khaleej,3,Normal,41841,39541,Inma Stadium (ملعب الإنماء),3,East,Home,17:10,5,14,Normal,0,0,32.3,36.8,33.0,11,2,1,1,Medium
KASC_2025_M17,League,Al-Ahli,Al-Khaleej,3,Normal,41841,39541,Inma Stadium (ملعب الإنماء),3,East,Home,17:15,5,14,Normal,0,0,32.3,36.8,33.0,13,0,0,0,Medium
KASC_2025_M17,League,Al-Ahli,Al-Khaleej,3,Normal,41841,39541,Inma Stadium (ملعب الإنماء),3,East,Home,17:20,5,14,Normal,0,0,32.3,36.8,33.0,15,12,4,1,High
KASC_2025_M17,League,Al-Ahli,Al-Khaleej,3,Normal,41841,39541,Inma Stadium (ملعب الإنماء),3,East,Home,17:25,5,14,Normal,0,0,32.3,36.8,33.0,16,25,8,1,High
KASC_2025_M17,League,Al-Ahli,Al-Khaleej,3,Normal,41841,39541,Inma Stadium (ملعب الإنماء),3,East,Home,17:30,5,14,Normal,0,0,32.3,36.8,33.0,11,15,7,4,High
KASC_2025_M17,League,Al-Ahli,Al-Khaleej,3,Normal,41841,39541,Inma Stadium (ملعب الإنماء),3,East,Home,17:35,5,14,Normal,0,0,32.3,36.8,33.0,10,14,7,5,Medium
KASC_2025_M17,League,Al-Ahli,Al-Khaleej,3,Normal,41841,39541,Inma Stadium (ملعب الإنماء),3,East,Home,17:40,5,14,Normal,0,0,32.3,36.8,33.0,10,16,8,5,Medium
KASC_2025_M17,League,Al-Ahli,Al-Khaleej,3,Normal,41841,39541,Inma Stadium (ملعب الإنماء),3,East,Home,17:45,5,14,Normal,0,0,32.3,36.8,33.0,9,23,13,6,High
KASC_2025_M17,League,Al-Ahli,Al-Khaleej,3,Normal,41841,39541,Inma Stadium (ملعب الإنماء),3,East,Home,17:50,5,14,Normal,0,0,32.3,36.8,33.0,12,40,17,9,High
KASC_2025_M17,League,Al-Ahli,Al-Khaleej,3,Normal,41841,39541,Inma Stadium (ملعب الإنماء),3,East,Home,17:55,5,14,Normal,0,0,32.3,36.8,33.0,11,33,15,9,High
KASC_2025_M17,League,Al-Ahli,Al-Khaleej,3,Normal,41841,39541,Inma Stadium (ملعب الإنماء),3,East,Home,18:00,5,14,Normal,0,0,32.3,36.8,33.0,12,38,16,13,Medium
KASC_2025_M17,League,Al-Ahli,Al-Khaleej,3,Normal,41841,39541,Inma Stadium (ملعب الإنماء),3,East,Home,18:05,5,14,Normal,0,0,32.3,36.8,33.0,9,34,19,12,High
KASC_2025_M17,League,Al-Ahli,Al-Khaleej,3,Normal,41841,39541,Inma Stadium (ملعب الإنماء),3,East,Home,18:10,5,14,Normal,0,0,32.3,36.8,33.0,8,36,23,11,High
KASC_2025_M17,League,Al-Ahli,Al-Khaleej,3,Normal,41841,39541,Inma Stadium (ملعب الإنماء),3,East,Home,18:15,5,14,Normal,0,0,32.3,36.8,33.0,10,58,29,11,High
KASC_2025_M17,League,Al-Ahli,Al-Khaleej,3,Normal,41841,39541,Inma Stadium (ملعب الإنماء),3,East,Home,18:20,5,14,Normal,0,0,32.3,36.8,33.0,10,70,35,10,High
KASC_2025_M17,League,Al-Ahli,Al-Khaleej,3,Normal,41841,39541,Inma Stadium (ملعب الإنماء),3,East,Home,18:25,5,14,Normal,0,0,32.3,36.8,33.0,13,80,31,12,High
KASC_2025_M17,League,Al-Ahli,Al-Khaleej,3,Normal,41841,39541,Inma Stadium (ملعب الإنماء),3,East,Home,18:30,5,14,Normal,0,0,32.3,36.8,33.0,14,126,45,23,High
KASC_2025_M17,League,Al-Ahli,Al-Khaleej,3,Normal,41841,39541,Inma Stadium (ملعب الإنماء),3,East,Home,18:35,5,14,Normal,0,0,32.3,36.8,33.0,15,141,47,27,High
KASC_2025_M17,League,Al-Ahli,Al-Khaleej,3,Normal,41841,39541,Inma Stadium (ملعب الإنماء),3,East,Home,18:40,5,14,Normal,0,0,32.3,36.8,33.0,15,126,42,27,High
KASC_2025_M17,League,Al-Ahli,Al-Khaleej,3,Normal,41841,39541,Inma Stadium (ملعب الإنماء),3,East,Home,18:45,5,14,Normal,0,0,32.3,36.8,33.0,8,76,48,15,High
KASC_2025_M17,League,Al-Ahli,Al-Khaleej,3,Normal,41841,39541,Inma Stadium (ملعب الإنماء),3,East,Home,18:50,5,14,Normal,0,0,32.3,36.8,33.0,12,129,54,26,High
KASC_2025_M17,League,Al-Ahli,Al-Khaleej,3,Normal,41841,39541,Inma Stadium (ملعب الإنماء),3,East,Home,18:55,5,14,Normal,0,0,32.3,36.8,33.0,12,148,62,24,High
KASC_2025_M17,League,Al-Ahli,Al-Khaleej,3,Normal,41841,39541,Inma Stadium (ملعب الإنماء),3,East,Home,19:00,5,14,Normal,0,0,32.3,36.8,33.0,13,158,61,21,High
KASC_2025_M17,League,Al-Ahli,Al-Khaleej,3,Normal,41841,39541,Inma Stadium (ملعب الإنماء),3,East,Home,19:05,5,14,Normal,0,0,32.3,36.8,33.0,14,193,69,19,High
KASC_2025_M17,League,Al-Ahli,Al-Khaleej,3,Normal,41841,39541,Inma Stadium (ملعب الإنماء),3,East,Home,19:10,5,14,Normal,0,0,32.3,36.8,33.0,8,108,68,26,High
KASC_2025_M17,League,Al-Ahli,Al-Khaleej,3,Normal,41841,39541,Inma Stadium (ملعب الإنماء),3,East,Home,19:15,5,14,Normal,0,0,32.3,36.8,33.0,6,90,75,22,High
KASC_2025_M17,League,Al-Ahli,Al-Khaleej,3,Normal,41841,39541,Inma Stadium (ملعب الإنماء),3,East,Home,19:20,5,14,Normal,0,0,32.3,36.8,33.0,11,171,78,20,High
KASC_2025_M17,League,Al-Ahli,Al-Khaleej,3,Normal,41841,39541,Inma Stadium (ملعب الإنماء),3,East,Home,19:25,5,14,Normal,0,0,32.3,36.8,33.0,14,204,73,25,High
KASC_2025_M17,League,Al-Ahli,Al-Khaleej,3,Normal,41841,39541,Inma Stadium (ملعب الإنماء),3,East,Home,19:30,5,14,Normal,0,0,32.3,36.8,33.0,9,126,70,21,High
KASC_2025_M17,League,Al-Ahli,Al-Khaleej,3,Normal,41841,39541,Inma Stadium (ملعب الإنماء),3,East,Home,19:35,5,14,Normal,0,0,32.3,36.8,33.0,11,149,68,48,Medium
KASC_2025_M17,League,Al-Ahli,Al-Khaleej,3,Normal,41841,39541,Inma Stadium (ملعب الإنماء),3,East,Home,19:40,5,14,Normal,0,0,32.3,36.8,33.0,9,135,75,30,High
KASC_2025_M17,League,Al-Ahli,Al-Khaleej,3,Normal,41841,39541,Inma Stadium (ملعب الإنماء),3,East,Home,19:45,5,14,Normal,0,0,32.3,36.8,33.0,10,126,63,29,High
KASC_2025_M17,League,Al-Ahli,Al-Khaleej,3,Normal,41841,39541,Inma Stadium (ملعب الإنماء),3,East,Home,19:50,5,14,Normal,0,0,32.3,36.8,33.0,16,179,56,24,High
KASC_2025_M17,League,Al-Ahli,Al-Khaleej,3,Normal,41841,39541,Inma Stadium (ملعب الإنماء),3,East,Home,19:55,5,14,Normal,0,0,32.3,36.8,33.0,11,145,66,27,High
KASC_2025_M17,League,Al-Ahli,Al-Khaleej,3,Normal,41841,39541,Inma Stadium (ملعب الإنماء),3,East,Home,20:00,5,14,Normal,0,0,32.3,36.8,33.0,13,197,76,21,High
KASC_2025_M17,League,Al-Ahli,Al-Khaleej,3,Normal,41841,39541,Inma Stadium (ملعب الإنماء),3,East,Home,20:05,5,14,Normal,0,0,32.3,36.8,33.0,11,129,59,28,High
KASC_2025_M17,League,Al-Ahli,Al-Khaleej,3,Normal,41841,39541,Inma Stadium (ملعب الإنماء),3,East,Home,20:10,5,14,Normal,0,0,32.3,36.8,33.0,10,118,59,23,High
KASC_2025_M17,League,Al-Ahli,Al-Khaleej,3,Normal,41841,39541,Inma Stadium (ملعب الإنماء),3,East,Home,20:15,5,14,Normal,0,0,32.3,36.8,33.0,9,115,64,29,High
KASC_2025_M17,League,Al-Ahli,Al-Khaleej,3,Normal,41841,39541,Inma Stadium (ملعب الإنماء),3,East,Home,20:20,5,14,Normal,0,0,32.3,36.8,33.0,17,170,50,24,High
KASC_2025_M17,League,Al-Ahli,Al-Khaleej,3,Normal,41841,39541,Inma Stadium (ملعب الإنماء),3,East,Home,20:25,5,14,Normal,0,0,32.3,36.8,33.0,9,77,43,17,High
KASC_2025_M17,League,Al-Ahli,Al-Khaleej,3,Normal,41841,39541,Inma Stadium (ملعب الإنماء),3,East,Home,20:30,5,14,Normal,0,0,32.3,36.8,33.0,17,115,34,23,Medium
KASC_2025_M17,League,Al-Ahli,Al-Khaleej,3,Normal,41841,39541,Inma Stadium (ملعب الإنماء),3,East,Home,20:35,5,14,Normal,0,0,32.3,36.8,33.0,15,120,40,16,High
KASC_2025_M17,League,Al-Ahli,Al-Khaleej,3,Normal,41841,39541,Inma Stadium (ملعب الإنماء),3,East,Home,20:40,5,14,Normal,0,0,32.3,36.8,33.0,19,117,31,22,Medium
KASC_2025_M17,League,Al-Ahli,Al-Khaleej,3,Normal,41841,39541,Inma Stadium (ملعب الإنماء),3,East,Home,20:45,5,14,Normal,0,0,32.3,36.8,33.0,9,43,24,15,High
KASC_2025_M17,League,Al-Ahli,Al-Khaleej,3,Normal,41841,39541,Inma Stadium (ملعب الإنماء),3,East,Home,20:50,5,14,Normal,0,0,32.3,36.8,33.0,14,84,30,10,High
KASC_2025_M17,League,Al-Ahli,Al-Khaleej,3,Normal,41841,39541,Inma Stadium (ملعب الإنماء),3,East,Home,20:55,5,14,Normal,0,0,32.3,36.8,33.0,13,54,21,7,High
KASC_2025_M17,League,Al-Ahli,Al-Khaleej,3,Normal,41841,39541,Inma Stadium (ملعب الإنماء),3,East,Home,21:00,5,14,Normal,0,0,32.3,36.8,33.0,8,33,21,7,High
KASC_2025_M17,League,Al-Ahli,Al-Khaleej,3,Normal,41841,39541,Inma Stadium (ملعب الإنماء),3,East,Home,21:05,5,14,Normal,0,0,32.3,36.8,33.0,10,32,16,8,High
KASC_2025_M17,League,Al-Ahli,Al-Khaleej,3,Normal,41841,39541,Inma Stadium (ملعب الإنماء),3,East,Home,21:10,5,14,Normal,0,0,32.3,36.8,33.0,13,59,23,4,High
KASC_2025_M17,League,Al-Ahli,Al-Khaleej,3,Normal,41841,39541,Inma Stadium (ملعب الإنماء),3,East,Home,21:15,5,14,Normal,0,0,32.3,36.8,33.0,14,33,12,2,High
KASC_2025_M17,League,Al-Ahli,Al-Khaleej,3,Normal,41841,39541,Inma Stadium (ملعب الإنماء),3,East,Home,21:20,5,14,Normal,0,0,32.3,36.8,33.0,11,22,10,5,High
KASC_2025_M17,League,Al-Ahli,Al-Khaleej,3,Normal,41841,39541,Inma Stadium (ملعب الإنماء),3,East,Home,21:25,5,14,Normal,0,0,32.3,36.8,33.0,12,12,5,5,Medium
KASC_2025_M17,League,Al-Ahli,Al-Khaleej,3,Normal,41841,39541,Inma Stadium (ملعب الإنماء),3,East,Home,21:30,5,14,Normal,0,0,32.3,36.8,33.0,11,15,7,3,High
KASC_2025_M17,League,Al-Ahli,Al-Khaleej,3,Normal,41841,39541,Inma Stadium (ملعب الإنماء),3,East,Home,21:35,5,14,Normal,0,0,32.3,36.8,33.0,15,24,8,2,High
KASC_2025_M17,League,Al-Ahli,Al-Khaleej,3,Normal,41841,39541,Inma Stadium (ملعب الإنماء),3,East,Home,21:40,5,14,Normal,0,0,32.3,36.8,33.0,16,9,3,5,Low
KASC_2025_M17,League,Al-Ahli,Al-Khaleej,3,Normal,41841,39541,Inma Stadium (ملعب الإنماء),3,East,Home,21:45,5,14,Normal,0,0,32.3,36.8,33.0,12,7,3,3,Medium
KASC_2025_M17,League,Al-Ahli,Al-Khaleej,3,Normal,41841,39541,Inma Stadium (ملعب الإنماء),3,East,Home,21:50,5,14,Normal,0,0,32.3,36.8,33.0,7,2,2,2,Medium
KASC_2025_M17,League,Al-Ahli,Al-Khaleej,3,Normal,41841,39541,Inma Stadium (ملعب الإنماء),3,East,Home,21:55,5,14,Normal,0,0,32.3,36.8,33.0,6,2,2,0,High
KASC_2025_M17,League,Al-Ahli,Al-Khaleej,3,Normal,41841,39541,Inma Stadium (ملعب الإنماء),3,East,Home,22:00,5,14,Normal,0,0,32.3,36.8,33.0,13,5,2,2,Medium
KASC_2025_M17,League,Al-Ahli,Al-Khaleej,3,Normal,41841,39541,Inma Stadium (ملعب الإنماء),3,East,Home,22:05,5,14,Normal,0,0,32.3,36.8,33.0,9,0,0,1,Low
KASC_2025_M17,League,Al-Ahli,Al-Khaleej,3,Normal,41841,39541,Inma Stadium (ملعب الإنماء),3,East,Home,22:10,5,14,Normal,0,0,32.3,36.8,33.0,13,2,1,1,Medium
KASC_2025_M17,League,Al-Ahli,Al-Khaleej,3,Normal,41841,39541,Inma Stadium (ملعب الإنماء),3,East,Home,22:15,5,14,Normal,0,0,32.3,36.8,33.0,9,0,0,0,Medium
KASC_2025_M17,League,Al-Ahli,Al-Khaleej,3,Normal,41841,39541,Inma Stadium (ملعب الإنماء),3,East,Home,22:20,5,14,Normal,0,0,32.3,36.8,33.0,16,0,0,0,Medium
KASC_2025_M17,League,Al-Ahli,Al-Khaleej,3,Normal,41841,39541,Inma Stadium (ملعب الإنماء),3,East,Home,22:25,5,14,Normal,0,0,32.3,36.8,33.0,8,0,0,0,Medium
KASC_2025_M17,League,Al-Ahli,Al-Khaleej,3,Normal,41841,39541,Inma Stadium (ملعب الإنماء),3,East,Home,22:30,5,14,Normal,0,0,32.3,36.8,33.0,12,0,0,0,Medium
KASC_2025_M17,League,Al-Ahli,Al-Khaleej,3,Normal,41841,39541,Inma Stadium (ملعب الإنماء),3,East,Home,22:35,5,14,Normal,0,0,32.3,36.8,33.0,14,0,0,0,Medium
KASC_2025_M17,League,Al-Ahli,Al-Khaleej,3,Normal,41841,39541,Inma Stadium (ملعب الإنماء),3,East,Home,22:40,5,14,Normal,0,0,32.3,36.8,33.0,12,0,0,0,Medium
KASC_2025_M17,League,Al-Ahli,Al-Khaleej,3,Normal,41841,39541,Inma Stadium (ملعب الإنماء),3,East,Home,22:45,5,14,Normal,0,0,32.3,36.8,33.0,12,0,0,0,Medium
KASC_2025_M17,League,Al-Ahli,Al-Khaleej,3,Normal,41841,39541,Inma Stadium (ملعب الإنماء),3,East,Home,22:50,5,14,Normal,0,0,32.3,36.8,33.0,14,0,0,0,Medium
KASC_2025_M17,League,Al-Ahli,Al-Khaleej,3,Normal,41841,39541,Inma Stadium (ملعب الإنماء),3,East,Home,22:55,5,14,Normal,0,0,32.3,36.8,33.0,8,0,0,0,Medium
KASC_2025_M17,League,Al-Ahli,Al-Khaleej,3,Normal,41841,39541,Inma Stadium (ملعب الإنماء),3,East,Home,23:00,5,14,Normal,0,0,32.3,36.8,33.0,9,0,0,0,Medium
KASC_2025_M17,League,Al-Ahli,Al-Khaleej,3,Normal,41841,39541,Inma Stadium (ملعب الإنماء),3,East,Home,23:05,5,14,Normal,0,0,32.3,36.8,33.0,11,0,0,0,Medium
KASC_2025_M17,League,Al-Ahli,Al-Khaleej,3,Normal,41841,39541,Inma Stadium (ملعب الإنماء),3,East,Home,23:10,5,14,Normal,0,0,32.3,36.8,33.0,14,0,0,0,Medium
KASC_2025_M17,League,Al-Ahli,Al-Khaleej,3,Normal,41841,39541,Inma Stadium (ملعب الإنماء),3,East,Home,23:15,5,14,Normal,0,0,32.3,36.8,33.0,13,0,0,0,Medium
KASC_2025_M17,League,Al-Ahli,Al-Khaleej,3,Normal,41841,39541,Inma Stadium (ملعب الإنماء),3,East,Home,23:20,5,14,Normal,0,0,32.3,36.8,33.0,8,0,0,0,Medium
KASC_2025_M17,League,Al-Ahli,Al-Khaleej,3,Normal,41841,39541,Inma Stadium (ملعب الإنماء),3,East,Home,23:25,5,14,Normal,0,0,32.3,36.8,33.0,8,0,0,0,Medium
KASC_2025_M17,League,Al-Ahli,Al-Khaleej,3,Normal,41841,39541,Inma Stadium (ملعب الإنماء),3,East,Home,23:30,5,14,Normal,0,0,32.3,36.8,33.0,12,0,0,0,Medium
KASC_2025_M17,League,Al-Ahli,Al-Khaleej,3,Normal,41841,39541,Inma Stadium (ملعب الإنماء),3,East,Home,23:35,5,14,Normal,0,0,32.3,36.8,33.0,12,0,0,0,Medium
KASC_2025_M17,League,Al-Ahli,Al-Khaleej,3,Normal,41841,39541,Inma Stadium (ملعب الإنماء),3,East,Home,23:40,5,14,Normal,0,0,32.3,36.8,33.0,14,0,0,0,Medium
KASC_2025_M17,League,Al-Ahli,Al-Khaleej,3,Normal,41841,39541,Inma Stadium (ملعب الإنماء),3,East,Home,23:45,5,14,Normal,0,0,32.3,36.8,33.0,13,0,0,0,Medium
KASC_2025_M17,League,Al-Ahli,Al-Khaleej,3,Normal,41841,39541,Inma Stadium (ملعب الإنماء),3,East,Home,23:50,5,14,Normal,0,0,32.3,36.8,33.0,8,0,0,0,Medium
KASC_2025_M17,League,Al-Ahli,Al-Khaleej,3,Normal,41841,39541,Inma Stadium (ملعب الإنماء),3,East,Home,23:55,5,14,Normal,0,0,32.3,36.8,33.0,15,0,0,0,Medium
KASC_2025_M17,League,Al-Ahli,Al-Khaleej,3,Normal,41841,39541,Inma Stadium (ملعب الإنماء),4,East,Home,17:00,4,17,Normal,0,0,32.3,36.8,33.0,12,0,0,1,Low
KASC_2025_M17,League,Al-Ahli,Al-Khaleej,3,Normal,41841,39541,Inma Stadium (ملعب الإنماء),4,East,Home,17:05,4,17,Normal,0,0,32.3,36.8,33.0,12,0,0,1,Low
KASC_2025_M17,League,Al-Ahli,Al-Khaleej,3,Normal,41841,39541,Inma Stadium (ملعب الإنماء),4,East,Home,17:10,4,17,Normal,0,0,32.3,36.8,33.0,11,5,2,0,High
KASC_2025_M17,League,Al-Ahli,Al-Khaleej,3,Normal,41841,39541,Inma Stadium (ملعب الإنماء),4,East,Home,17:15,4,17,Normal,0,0,32.3,36.8,33.0,14,10,3,0,High
KASC_2025_M17,League,Al-Ahli,Al-Khaleej,3,Normal,41841,39541,Inma Stadium (ملعب الإنماء),4,East,Home,17:20,4,17,Normal,0,0,32.3,36.8,33.0,10,7,3,0,High
KASC_2025_M17,League,Al-Ahli,Al-Khaleej,3,Normal,41841,39541,Inma Stadium (ملعب الإنماء),4,East,Home,17:25,4,17,Normal,0,0,32.3,36.8,33.0,10,10,4,3,Medium
KASC_2025_M17,League,Al-Ahli,Al-Khaleej,3,Normal,41841,39541,Inma Stadium (ملعب الإنماء),4,East,Home,17:30,4,17,Normal,0,0,32.3,36.8,33.0,9,15,7,1,High
KASC_2025_M17,League,Al-Ahli,Al-Khaleej,3,Normal,41841,39541,Inma Stadium (ملعب الإنماء),4,East,Home,17:35,4,17,Normal,0,0,32.3,36.8,33.0,14,17,5,3,High
KASC_2025_M17,League,Al-Ahli,Al-Khaleej,3,Normal,41841,39541,Inma Stadium (ملعب الإنماء),4,East,Home,17:40,4,17,Normal,0,0,32.3,36.8,33.0,12,24,8,6,High
KASC_2025_M17,League,Al-Ahli,Al-Khaleej,3,Normal,41841,39541,Inma Stadium (ملعب الإنماء),4,East,Home,17:45,4,17,Normal,0,0,32.3,36.8,33.0,12,21,7,6,Medium
KASC_2025_M17,League,Al-Ahli,Al-Khaleej,3,Normal,41841,39541,Inma Stadium (ملعب الإنماء),4,East,Home,17:50,4,17,Normal,0,0,32.3,36.8,33.0,14,31,9,3,High
KASC_2025_M17,League,Al-Ahli,Al-Khaleej,3,Normal,41841,39541,Inma Stadium (ملعب الإنماء),4,East,Home,17:55,4,17,Normal,0,0,32.3,36.8,33.0,13,39,12,3,High
KASC_2025_M17,League,Al-Ahli,Al-Khaleej,3,Normal,41841,39541,Inma Stadium (ملعب الإنماء),4,East,Home,18:00,4,17,Normal,0,0,32.3,36.8,33.0,12,39,13,9,High
KASC_2025_M17,League,Al-Ahli,Al-Khaleej,3,Normal,41841,39541,Inma Stadium (ملعب الإنماء),4,East,Home,18:05,4,17,Normal,0,0,32.3,36.8,33.0,8,46,23,11,High
KASC_2025_M17,League,Al-Ahli,Al-Khaleej,3,Normal,41841,39541,Inma Stadium (ملعب الإنماء),4,East,Home,18:10,4,17,Normal,0,0,32.3,36.8,33.0,12,66,22,10,High
KASC_2025_M17,League,Al-Ahli,Al-Khaleej,3,Normal,41841,39541,Inma Stadium (ملعب الإنماء),4,East,Home,18:15,4,17,Normal,0,0,32.3,36.8,33.0,13,78,24,10,High
KASC_2025_M17,League,Al-Ahli,Al-Khaleej,3,Normal,41841,39541,Inma Stadium (ملعب الإنماء),4,East,Home,18:20,4,17,Normal,0,0,32.3,36.8,33.0,17,102,24,17,High
KASC_2025_M17,League,Al-Ahli,Al-Khaleej,3,Normal,41841,39541,Inma Stadium (ملعب الإنماء),4,East,Home,18:25,4,17,Normal,0,0,32.3,36.8,33.0,14,108,31,12,High
KASC_2025_M17,League,Al-Ahli,Al-Khaleej,3,Normal,41841,39541,Inma Stadium (ملعب الإنماء),4,East,Home,18:30,4,17,Normal,0,0,32.3,36.8,33.0,10,102,41,21,High
KASC_2025_M17,League,Al-Ahli,Al-Khaleej,3,Normal,41841,39541,Inma Stadium (ملعب الإنماء),4,East,Home,18:35,4,17,Normal,0,0,32.3,36.8,33.0,8,84,42,20,High
KASC_2025_M17,League,Al-Ahli,Al-Khaleej,3,Normal,41841,39541,Inma Stadium (ملعب الإنماء),4,East,Home,18:40,4,17,Normal,0,0,32.3,36.8,33.0,14,161,46,25,High
KASC_2025_M17,League,Al-Ahli,Al-Khaleej,3,Normal,41841,39541,Inma Stadium (ملعب الإنماء),4,East,Home,18:45,4,17,Normal,0,0,32.3,36.8,33.0,9,92,41,25,High
KASC_2025_M17,League,Al-Ahli,Al-Khaleej,3,Normal,41841,39541,Inma Stadium (ملعب الإنماء),4,East,Home,18:50,4,17,Normal,0,0,32.3,36.8,33.0,10,122,49,27,High
KASC_2025_M17,League,Al-Ahli,Al-Khaleej,3,Normal,41841,39541,Inma Stadium (ملعب الإنماء),4,East,Home,18:55,4,17,Normal,0,0,32.3,36.8,33.0,10,110,44,27,High
KASC_2025_M17,League,Al-Ahli,Al-Khaleej,3,Normal,41841,39541,Inma Stadium (ملعب الإنماء),4,East,Home,19:00,4,17,Normal,0,0,32.3,36.8,33.0,14,161,46,31,High
KASC_2025_M17,League,Al-Ahli,Al-Khaleej,3,Normal,41841,39541,Inma Stadium (ملعب الإنماء),4,East,Home,19:05,4,17,Normal,0,0,32.3,36.8,33.0,8,106,53,30,High
KASC_2025_M17,League,Al-Ahli,Al-Khaleej,3,Normal,41841,39541,Inma Stadium (ملعب الإنماء),4,East,Home,19:10,4,17,Normal,0,0,32.3,36.8,33.0,9,117,52,32,High
KASC_2025_M17,League,Al-Ahli,Al-Khaleej,3,Normal,41841,39541,Inma Stadium (ملعب الإنماء),4,East,Home,19:15,4,17,Normal,0,0,32.3,36.8,33.0,10,130,52,31,High
KASC_2025_M17,League,Al-Ahli,Al-Khaleej,3,Normal,41841,39541,Inma Stadium (ملعب الإنماء),4,East,Home,19:20,4,17,Normal,0,0,32.3,36.8,33.0,10,147,59,20,High
KASC_2025_M17,League,Al-Ahli,Al-Khaleej,3,Normal,41841,39541,Inma Stadium (ملعب الإنماء),4,East,Home,19:25,4,17,Normal,0,0,32.3,36.8,33.0,12,201,67,41,High
KASC_2025_M17,League,Al-Ahli,Al-Khaleej,3,Normal,41841,39541,Inma Stadium (ملعب الإنماء),4,East,Home,19:30,4,17,Normal,0,0,32.3,36.8,33.0,12,171,57,38,High
KASC_2025_M17,League,Al-Ahli,Al-Khaleej,3,Normal,41841,39541,Inma Stadium (ملعب الإنماء),4,East,Home,19:35,4,17,Normal,0,0,32.3,36.8,33.0,7,105,60,33,High
KASC_2025_M17,League,Al-Ahli,Al-Khaleej,3,Normal,41841,39541,Inma Stadium (ملعب الإنماء),4,East,Home,19:40,4,17,Normal,0,0,32.3,36.8,33.0,11,132,48,39,Medium
KASC_2025_M17,League,Al-Ahli,Al-Khaleej,3,Normal,41841,39541,Inma Stadium (ملعب الإنماء),4,East,Home,19:45,4,17,Normal,0,0,32.3,36.8,33.0,8,128,64,29,High
KASC_2025_M17,League,Al-Ahli,Al-Khaleej,3,Normal,41841,39541,Inma Stadium (ملعب الإنماء),4,East,Home,19:50,4,17,Normal,0,0,32.3,36.8,33.0,8,106,53,41,High
KASC_2025_M17,League,Al-Ahli,Al-Khaleej,3,Normal,41841,39541,Inma Stadium (ملعب الإنماء),4,East,Home,19:55,4,17,Normal,0,0,32.3,36.8,33.0,14,206,59,29,High
KASC_2025_M17,League,Al-Ahli,Al-Khaleej,3,Normal,41841,39541,Inma Stadium (ملعب الإنماء),4,East,Home,20:00,4,17,Normal,0,0,32.3,36.8,33.0,12,129,43,35,Medium
KASC_2025_M17,League,Al-Ahli,Al-Khaleej,3,Normal,41841,39541,Inma Stadium (ملعب الإنماء),4,East,Home,20:05,4,17,Normal,0,0,32.3,36.8,33.0,8,102,51,21,High
KASC_2025_M17,League,Al-Ahli,Al-Khaleej,3,Normal,41841,39541,Inma Stadium (ملعب الإنماء),4,East,Home,20:10,4,17,Normal,0,0,32.3,36.8,33.0,7,82,47,28,High
KASC_2025_M17,League,Al-Ahli,Al-Khaleej,3,Normal,41841,39541,Inma Stadium (ملعب الإنماء),4,East,Home,20:15,4,17,Normal,0,0,32.3,36.8,33.0,13,126,39,26,High
KASC_2025_M17,League,Al-Ahli,Al-Khaleej,3,Normal,41841,39541,Inma Stadium (ملعب الإنماء),4,East,Home,20:20,4,17,Normal,0,0,32.3,36.8,33.0,16,172,43,19,High
KASC_2025_M17,League,Al-Ahli,Al-Khaleej,3,Normal,41841,39541,Inma Stadium (ملعب الإنماء),4,East,Home,20:25,4,17,Normal,0,0,32.3,36.8,33.0,14,140,40,17,High
KASC_2025_M17,League,Al-Ahli,Al-Khaleej,3,Normal,41841,39541,Inma Stadium (ملعب الإنماء),4,East,Home,20:30,4,17,Normal,0,0,32.3,36.8,33.0,14,105,30,19,High
KASC_2025_M17,League,Al-Ahli,Al-Khaleej,3,Normal,41841,39541,Inma Stadium (ملعب الإنماء),4,East,Home,20:35,4,17,Normal,0,0,32.3,36.8,33.0,14,119,34,14,High
KASC_2025_M17,League,Al-Ahli,Al-Khaleej,3,Normal,41841,39541,Inma Stadium (ملعب الإنماء),4,East,Home,20:40,4,17,Normal,0,0,32.3,36.8,33.0,10,60,24,16,High
KASC_2025_M17,League,Al-Ahli,Al-Khaleej,3,Normal,41841,39541,Inma Stadium (ملعب الإنماء),4,East,Home,20:45,4,17,Normal,0,0,32.3,36.8,33.0,14,119,34,16,High
KASC_2025_M17,League,Al-Ahli,Al-Khaleej,3,Normal,41841,39541,Inma Stadium (ملعب الإنماء),4,East,Home,20:50,4,17,Normal,0,0,32.3,36.8,33.0,11,55,20,12,High
KASC_2025_M17,League,Al-Ahli,Al-Khaleej,3,Normal,41841,39541,Inma Stadium (ملعب الإنماء),4,East,Home,20:55,4,17,Normal,0,0,32.3,36.8,33.0,11,49,18,5,High
KASC_2025_M17,League,Al-Ahli,Al-Khaleej,3,Normal,41841,39541,Inma Stadium (ملعب الإنماء),4,East,Home,21:00,4,17,Normal,0,0,32.3,36.8,33.0,10,45,18,8,High
KASC_2025_M17,League,Al-Ahli,Al-Khaleej,3,Normal,41841,39541,Inma Stadium (ملعب الإنماء),4,East,Home,21:05,4,17,Normal,0,0,32.3,36.8,33.0,14,38,11,9,Medium
KASC_2025_M17,League,Al-Ahli,Al-Khaleej,3,Normal,41841,39541,Inma Stadium (ملعب الإنماء),4,East,Home,21:10,4,17,Normal,0,0,32.3,36.8,33.0,8,26,13,5,High
KASC_2025_M17,League,Al-Ahli,Al-Khaleej,3,Normal,41841,39541,Inma Stadium (ملعب الإنماء),4,East,Home,21:15,4,17,Normal,0,0,32.3,36.8,33.0,15,37,10,0,High
KASC_2025_M17,League,Al-Ahli,Al-Khaleej,3,Normal,41841,39541,Inma Stadium (ملعب الإنماء),4,East,Home,21:20,4,17,Normal,0,0,32.3,36.8,33.0,12,24,8,3,High
KASC_2025_M17,League,Al-Ahli,Al-Khaleej,3,Normal,41841,39541,Inma Stadium (ملعب الإنماء),4,East,Home,21:25,4,17,Normal,0,0,32.3,36.8,33.0,9,9,4,4,Medium
KASC_2025_M17,League,Al-Ahli,Al-Khaleej,3,Normal,41841,39541,Inma Stadium (ملعب الإنماء),4,East,Home,21:30,4,17,Normal,0,0,32.3,36.8,33.0,13,16,5,2,High
KASC_2025_M17,League,Al-Ahli,Al-Khaleej,3,Normal,41841,39541,Inma Stadium (ملعب الإنماء),4,East,Home,21:35,4,17,Normal,0,0,32.3,36.8,33.0,18,18,4,3,Medium
KASC_2025_M17,League,Al-Ahli,Al-Khaleej,3,Normal,41841,39541,Inma Stadium (ملعب الإنماء),4,East,Home,21:40,4,17,Normal,0,0,32.3,36.8,33.0,13,13,4,4,Medium
KASC_2025_M17,League,Al-Ahli,Al-Khaleej,3,Normal,41841,39541,Inma Stadium (ملعب الإنماء),4,East,Home,21:45,4,17,Normal,0,0,32.3,36.8,33.0,12,0,0,3,Low
KASC_2025_M17,League,Al-Ahli,Al-Khaleej,3,Normal,41841,39541,Inma Stadium (ملعب الإنماء),4,East,Home,21:50,4,17,Normal,0,0,32.3,36.8,33.0,12,6,2,0,High
KASC_2025_M17,League,Al-Ahli,Al-Khaleej,3,Normal,41841,39541,Inma Stadium (ملعب الإنماء),4,East,Home,21:55,4,17,Normal,0,0,32.3,36.8,33.0,15,0,0,1,Low
KASC_2025_M17,League,Al-Ahli,Al-Khaleej,3,Normal,41841,39541,Inma Stadium (ملعب الإنماء),4,East,Home,22:00,4,17,Normal,0,0,32.3,36.8,33.0,6,3,2,0,High
KASC_2025_M17,League,Al-Ahli,Al-Khaleej,3,Normal,41841,39541,Inma Stadium (ملعب الإنماء),4,East,Home,22:05,4,17,Normal,0,0,32.3,36.8,33.0,13,0,0,0,Medium
KASC_2025_M17,League,Al-Ahli,Al-Khaleej,3,Normal,41841,39541,Inma Stadium (ملعب الإنماء),4,East,Home,22:10,4,17,Normal,0,0,32.3,36.8,33.0,15,7,2,2,Medium
KASC_2025_M17,League,Al-Ahli,Al-Khaleej,3,Normal,41841,39541,Inma Stadium (ملعب الإنماء),4,East,Home,22:15,4,17,Normal,0,0,32.3,36.8,33.0,14,7,2,0,High
KASC_2025_M17,League,Al-Ahli,Al-Khaleej,3,Normal,41841,39541,Inma Stadium (ملعب الإنماء),4,East,Home,22:20,4,17,Normal,0,0,32.3,36.8,33.0,14,3,1,0,High
KASC_2025_M17,League,Al-Ahli,Al-Khaleej,3,Normal,41841,39541,Inma Stadium (ملعب الإنماء),4,East,Home,22:25,4,17,Normal,0,0,32.3,36.8,33.0,13,0,0,1,Low
KASC_2025_M17,League,Al-Ahli,Al-Khaleej,3,Normal,41841,39541,Inma Stadium (ملعب الإنماء),4,East,Home,22:30,4,17,Normal,0,0,32.3,36.8,33.0,16,0,0,0,Medium
KASC_2025_M17,League,Al-Ahli,Al-Khaleej,3,Normal,41841,39541,Inma Stadium (ملعب الإنماء),4,East,Home,22:35,4,17,Normal,0,0,32.3,36.8,33.0,18,0,0,0,Medium
KASC_2025_M17,League,Al-Ahli,Al-Khaleej,3,Normal,41841,39541,Inma Stadium (ملعب الإنماء),4,East,Home,22:40,4,17,Normal,0,0,32.3,36.8,33.0,15,0,0,0,Medium
KASC_2025_M17,League,Al-Ahli,Al-Khaleej,3,Normal,41841,39541,Inma Stadium (ملعب الإنماء),4,East,Home,22:45,4,17,Normal,0,0,32.3,36.8,33.0,8,0,0,0,Medium
KASC_2025_M17,League,Al-Ahli,Al-Khaleej,3,Normal,41841,39541,Inma Stadium (ملعب الإنماء),4,East,Home,22:50,4,17,Normal,0,0,32.3,36.8,33.0,11,0,0,0,Medium
KASC_2025_M17,League,Al-Ahli,Al-Khaleej,3,Normal,41841,39541,Inma Stadium (ملعب الإنماء),4,East,Home,22:55,4,17,Normal,0,0,32.3,36.8,33.0,10,0,0,0,Medium
KASC_2025_M17,League,Al-Ahli,Al-Khaleej,3,Normal,41841,39541,Inma Stadium (ملعب الإنماء),4,East,Home,23:00,4,17,Normal,0,0,32.3,36.8,33.0,14,0,0,0,Medium
KASC_2025_M17,League,Al-Ahli,Al-Khaleej,3,Normal,41841,39541,Inma Stadium (ملعب الإنماء),4,East,Home,23:05,4,17,Normal,0,0,32.3,36.8,33.0,13,0,0,0,Medium
KASC_2025_M17,League,Al-Ahli,Al-Khaleej,3,Normal,41841,39541,Inma Stadium (ملعب الإنماء),4,East,Home,23:10,4,17,Normal,0,0,32.3,36.8,33.0,15,0,0,0,Medium
KASC_2025_M17,League,Al-Ahli,Al-Khaleej,3,Normal,41841,39541,Inma Stadium (ملعب الإنماء),4,East,Home,23:15,4,17,Normal,0,0,32.3,36.8,33.0,12,0,0,0,Medium
KASC_2025_M17,League,Al-Ahli,Al-Khaleej,3,Normal,41841,39541,Inma Stadium (ملعب الإنماء),4,East,Home,23:20,4,17,Normal,0,0,32.3,36.8,33.0,12,0,0,0,Medium
KASC_2025_M17,League,Al-Ahli,Al-Khaleej,3,Normal,41841,39541,Inma Stadium (ملعب الإنماء),4,East,Home,23:25,4,17,Normal,0,0,32.3,36.8,33.0,15,0,0,0,Medium
KASC_2025_M17,League,Al-Ahli,Al-Khaleej,3,Normal,41841,39541,Inma Stadium (ملعب الإنماء),4,East,Home,23:30,4,17,Normal,0,0,32.3,36.8,33.0,12,0,0,0,Medium
KASC_2025_M17,League,Al-Ahli,Al-Khaleej,3,Normal,41841,39541,Inma Stadium (ملعب الإنماء),4,East,Home,23:35,4,17,Normal,0,0,32.3,36.8,33.0,10,0,0,0,Medium
KASC_2025_M17,League,Al-Ahli,Al-Khaleej,3,Normal,41841,39541,Inma Stadium (ملعب الإنماء),4,East,Home,23:40,4,17,Normal,0,0,32.3,36.8,33.0,14,0,0,0,Medium
KASC_2025_M17,League,Al-Ahli,Al-Khaleej,3,Normal,41841,39541,Inma Stadium (ملعب الإنماء),4,East,Home,23:45,4,17,Normal,0,0,32.3,36.8,33.0,6,0,0,0,Medium
KASC_2025_M17,League,Al-Ahli,Al-Khaleej,3,Normal,41841,39541,Inma Stadium (ملعب الإنماء),4,East,Home,23:50,4,17,Normal,0,0,32.3,36.8,33.0,6,0,0,0,Medium
KASC_2025_M17,League,Al-Ahli,Al-Khaleej,3,Normal,41841,39541,Inma Stadium (ملعب الإنماء),4,East,Home,23:55,4,17,Normal,0,0,32.3,36.8,33.0,14,0,0,0,Medium
KASC_2025_M17,League,Al-Ahli,Al-Khaleej,3,Normal,41841,39541,Inma Stadium (ملعب الإنماء),5,South,Away,17:00,6,16,Normal,0,0,32.3,36.8,33.0,11,0,0,0,Medium
KASC_2025_M17,League,Al-Ahli,Al-Khaleej,3,Normal,41841,39541,Inma Stadium (ملعب الإنماء),5,South,Away,17:05,6,16,Normal,0,0,32.3,36.8,33.0,12,2,1,0,High
KASC_2025_M17,League,Al-Ahli,Al-Khaleej,3,Normal,41841,39541,Inma Stadium (ملعب الإنماء),5,South,Away,17:10,6,16,Normal,0,0,32.3,36.8,33.0,14,2,1,0,High
KASC_2025_M17,League,Al-Ahli,Al-Khaleej,3,Normal,41841,39541,Inma Stadium (ملعب الإنماء),5,South,Away,17:15,6,16,Normal,0,0,32.3,36.8,33.0,10,1,1,0,High
KASC_2025_M17,League,Al-Ahli,Al-Khaleej,3,Normal,41841,39541,Inma Stadium (ملعب الإنماء),5,South,Away,17:20,6,16,Normal,0,0,32.3,36.8,33.0,11,1,1,1,Medium
KASC_2025_M17,League,Al-Ahli,Al-Khaleej,3,Normal,41841,39541,Inma Stadium (ملعب الإنماء),5,South,Away,17:25,6,16,Normal,0,0,32.3,36.8,33.0,11,0,0,1,Low
KASC_2025_M17,League,Al-Ahli,Al-Khaleej,3,Normal,41841,39541,Inma Stadium (ملعب الإنماء),5,South,Away,17:30,6,16,Normal,0,0,32.3,36.8,33.0,15,0,0,1,Low
KASC_2025_M17,League,Al-Ahli,Al-Khaleej,3,Normal,41841,39541,Inma Stadium (ملعب الإنماء),5,South,Away,17:35,6,16,Normal,0,0,32.3,36.8,33.0,14,2,1,0,High
KASC_2025_M17,League,Al-Ahli,Al-Khaleej,3,Normal,41841,39541,Inma Stadium (ملعب الإنماء),5,South,Away,17:40,6,16,Normal,0,0,32.3,36.8,33.0,11,5,3,0,High
KASC_2025_M17,League,Al-Ahli,Al-Khaleej,3,Normal,41841,39541,Inma Stadium (ملعب الإنماء),5,South,Away,17:45,6,16,Normal,0,0,32.3,36.8,33.0,11,1,1,1,Medium
KASC_2025_M17,League,Al-Ahli,Al-Khaleej,3,Normal,41841,39541,Inma Stadium (ملعب الإنماء),5,South,Away,17:50,6,16,Normal,0,0,32.3,36.8,33.0,12,10,5,1,High
KASC_2025_M17,League,Al-Ahli,Al-Khaleej,3,Normal,41841,39541,Inma Stadium (ملعب الإنماء),5,South,Away,17:55,6,16,Normal,0,0,32.3,36.8,33.0,16,13,5,3,Medium
KASC_2025_M17,League,Al-Ahli,Al-Khaleej,3,Normal,41841,39541,Inma Stadium (ملعب الإنماء),5,South,Away,18:00,6,16,Normal,0,0,32.3,36.8,33.0,11,14,8,1,High
KASC_2025_M17,League,Al-Ahli,Al-Khaleej,3,Normal,41841,39541,Inma Stadium (ملعب الإنماء),5,South,Away,18:05,6,16,Normal,0,0,32.3,36.8,33.0,12,28,14,0,High
KASC_2025_M17,League,Al-Ahli,Al-Khaleej,3,Normal,41841,39541,Inma Stadium (ملعب الإنماء),5,South,Away,18:10,6,16,Normal,0,0,32.3,36.8,33.0,9,19,13,7,Medium
KASC_2025_M17,League,Al-Ahli,Al-Khaleej,3,Normal,41841,39541,Inma Stadium (ملعب الإنماء),5,South,Away,18:15,6,16,Normal,0,0,32.3,36.8,33.0,11,36,20,4,High
KASC_2025_M17,League,Al-Ahli,Al-Khaleej,3,Normal,41841,39541,Inma Stadium (ملعب الإنماء),5,South,Away,18:20,6,16,Normal,0,0,32.3,36.8,33.0,12,26,13,6,High
KASC_2025_M17,League,Al-Ahli,Al-Khaleej,3,Normal,41841,39541,Inma Stadium (ملعب الإنماء),5,South,Away,18:25,6,16,Normal,0,0,32.3,36.8,33.0,12,40,20,10,High
KASC_2025_M17,League,Al-Ahli,Al-Khaleej,3,Normal,41841,39541,Inma Stadium (ملعب الإنماء),5,South,Away,18:30,6,16,Normal,0,0,32.3,36.8,33.0,13,39,18,8,High
KASC_2025_M17,League,Al-Ahli,Al-Khaleej,3,Normal,41841,39541,Inma Stadium (ملعب الإنماء),5,South,Away,18:35,6,16,Normal,0,0,32.3,36.8,33.0,14,63,27,2,High
KASC_2025_M17,League,Al-Ahli,Al-Khaleej,3,Normal,41841,39541,Inma Stadium (ملعب الإنماء),5,South,Away,18:40,6,16,Normal,0,0,32.3,36.8,33.0,9,37,25,10,High
KASC_2025_M17,League,Al-Ahli,Al-Khaleej,3,Normal,41841,39541,Inma Stadium (ملعب الإنماء),5,South,Away,18:45,6,16,Normal,0,0,32.3,36.8,33.0,7,38,33,12,High
KASC_2025_M17,League,Al-Ahli,Al-Khaleej,3,Normal,41841,39541,Inma Stadium (ملعب الإنماء),5,South,Away,18:50,6,16,Normal,0,0,32.3,36.8,33.0,6,37,37,8,High
KASC_2025_M17,League,Al-Ahli,Al-Khaleej,3,Normal,41841,39541,Inma Stadium (ملعب الإنماء),5,South,Away,18:55,6,16,Normal,0,0,32.3,36.8,33.0,11,77,42,18,High
KASC_2025_M17,League,Al-Ahli,Al-Khaleej,3,Normal,41841,39541,Inma Stadium (ملعب الإنماء),5,South,Away,19:00,6,16,Normal,0,0,32.3,36.8,33.0,11,113,62,16,High
KASC_2025_M17,League,Al-Ahli,Al-Khaleej,3,Normal,41841,39541,Inma Stadium (ملعب الإنماء),5,South,Away,19:05,6,16,Normal,0,0,32.3,36.8,33.0,14,93,40,24,Medium
KASC_2025_M17,League,Al-Ahli,Al-Khaleej,3,Normal,41841,39541,Inma Stadium (ملعب الإنماء),5,South,Away,19:10,6,16,Normal,0,0,32.3,36.8,33.0,15,140,56,21,High
KASC_2025_M17,League,Al-Ahli,Al-Khaleej,3,Normal,41841,39541,Inma Stadium (ملعب الإنماء),5,South,Away,19:15,6,16,Normal,0,0,32.3,36.8,33.0,14,130,56,16,High
KASC_2025_M17,League,Al-Ahli,Al-Khaleej,3,Normal,41841,39541,Inma Stadium (ملعب الإنماء),5,South,Away,19:20,6,16,Normal,0,0,32.3,36.8,33.0,13,119,55,14,High
KASC_2025_M17,League,Al-Ahli,Al-Khaleej,3,Normal,41841,39541,Inma Stadium (ملعب الإنماء),5,South,Away,19:25,6,16,Normal,0,0,32.3,36.8,33.0,14,123,53,26,High
KASC_2025_M17,League,Al-Ahli,Al-Khaleej,3,Normal,41841,39541,Inma Stadium (ملعب الإنماء),5,South,Away,19:30,6,16,Normal,0,0,32.3,36.8,33.0,11,80,44,22,High
KASC_2025_M17,League,Al-Ahli,Al-Khaleej,3,Normal,41841,39541,Inma Stadium (ملعب الإنماء),5,South,Away,19:35,6,16,Normal,0,0,32.3,36.8,33.0,9,69,46,16,High
KASC_2025_M17,League,Al-Ahli,Al-Khaleej,3,Normal,41841,39541,Inma Stadium (ملعب الإنماء),5,South,Away,19:40,6,16,Normal,0,0,32.3,36.8,33.0,19,155,49,13,High
KASC_2025_M17,League,Al-Ahli,Al-Khaleej,3,Normal,41841,39541,Inma Stadium (ملعب الإنماء),5,South,Away,19:45,6,16,Normal,0,0,32.3,36.8,33.0,13,108,50,15,High
KASC_2025_M17,League,Al-Ahli,Al-Khaleej,3,Normal,41841,39541,Inma Stadium (ملعب الإنماء),5,South,Away,19:50,6,16,Normal,0,0,32.3,36.8,33.0,15,107,43,27,Medium
KASC_2025_M17,League,Al-Ahli,Al-Khaleej,3,Normal,41841,39541,Inma Stadium (ملعب الإنماء),5,South,Away,19:55,6,16,Normal,0,0,32.3,36.8,33.0,15,90,36,11,High
KASC_2025_M17,League,Al-Ahli,Al-Khaleej,3,Normal,41841,39541,Inma Stadium (ملعب الإنماء),5,South,Away,20:00,6,16,Normal,0,0,32.3,36.8,33.0,13,93,43,12,High
KASC_2025_M17,League,Al-Ahli,Al-Khaleej,3,Normal,41841,39541,Inma Stadium (ملعب الإنماء),5,South,Away,20:05,6,16,Normal,0,0,32.3,36.8,33.0,10,66,40,16,High
KASC_2025_M17,League,Al-Ahli,Al-Khaleej,3,Normal,41841,39541,Inma Stadium (ملعب الإنماء),5,South,Away,20:10,6,16,Normal,0,0,32.3,36.8,33.0,13,80,37,14,High
KASC_2025_M17,League,Al-Ahli,Al-Khaleej,3,Normal,41841,39541,Inma Stadium (ملعب الإنماء),5,South,Away,20:15,6,16,Normal,0,0,32.3,36.8,33.0,12,64,32,14,High
KASC_2025_M17,League,Al-Ahli,Al-Khaleej,3,Normal,41841,39541,Inma Stadium (ملعب الإنماء),5,South,Away,20:20,6,16,Normal,0,0,32.3,36.8,33.0,10,36,22,5,High
KASC_2025_M17,League,Al-Ahli,Al-Khaleej,3,Normal,41841,39541,Inma Stadium (ملعب الإنماء),5,South,Away,20:25,6,16,Normal,0,0,32.3,36.8,33.0,11,64,35,10,High
KASC_2025_M17,League,Al-Ahli,Al-Khaleej,3,Normal,41841,39541,Inma Stadium (ملعب الإنماء),5,South,Away,20:30,6,16,Normal,0,0,32.3,36.8,33.0,17,34,12,12,Medium
KASC_2025_M17,League,Al-Ahli,Al-Khaleej,3,Normal,41841,39541,Inma Stadium (ملعب الإنماء),5,South,Away,20:35,6,16,Normal,0,0,32.3,36.8,33.0,15,32,13,3,High
KASC_2025_M17,League,Al-Ahli,Al-Khaleej,3,Normal,41841,39541,Inma Stadium (ملعب الإنماء),5,South,Away,20:40,6,16,Normal,0,0,32.3,36.8,33.0,12,34,17,10,Medium
KASC_2025_M17,League,Al-Ahli,Al-Khaleej,3,Normal,41841,39541,Inma Stadium (ملعب الإنماء),5,South,Away,20:45,6,16,Normal,0,0,32.3,36.8,33.0,12,36,18,4,High
KASC_2025_M17,League,Al-Ahli,Al-Khaleej,3,Normal,41841,39541,Inma Stadium (ملعب الإنماء),5,South,Away,20:50,6,16,Normal,0,0,32.3,36.8,33.0,16,40,15,7,High
KASC_2025_M17,League,Al-Ahli,Al-Khaleej,3,Normal,41841,39541,Inma Stadium (ملعب الإنماء),5,South,Away,20:55,6,16,Normal,0,0,32.3,36.8,33.0,15,12,5,5,Medium
KASC_2025_M17,League,Al-Ahli,Al-Khaleej,3,Normal,41841,39541,Inma Stadium (ملعب الإنماء),5,South,Away,21:00,6,16,Normal,0,0,32.3,36.8,33.0,13,13,6,1,High
KASC_2025_M17,League,Al-Ahli,Al-Khaleej,3,Normal,41841,39541,Inma Stadium (ملعب الإنماء),5,South,Away,21:05,6,16,Normal,0,0,32.3,36.8,33.0,10,11,7,1,High
KASC_2025_M17,League,Al-Ahli,Al-Khaleej,3,Normal,41841,39541,Inma Stadium (ملعب الإنماء),5,South,Away,21:10,6,16,Normal,0,0,32.3,36.8,33.0,18,9,3,2,Medium
KASC_2025_M17,League,Al-Ahli,Al-Khaleej,3,Normal,41841,39541,Inma Stadium (ملعب الإنماء),5,South,Away,21:15,6,16,Normal,0,0,32.3,36.8,33.0,16,21,8,1,High
KASC_2025_M17,League,Al-Ahli,Al-Khaleej,3,Normal,41841,39541,Inma Stadium (ملعب الإنماء),5,South,Away,21:20,6,16,Normal,0,0,32.3,36.8,33.0,10,5,3,3,Medium
KASC_2025_M17,League,Al-Ahli,Al-Khaleej,3,Normal,41841,39541,Inma Stadium (ملعب الإنماء),5,South,Away,21:25,6,16,Normal,0,0,32.3,36.8,33.0,10,3,2,2,Medium
KASC_2025_M17,League,Al-Ahli,Al-Khaleej,3,Normal,41841,39541,Inma Stadium (ملعب الإنماء),5,South,Away,21:30,6,16,Normal,0,0,32.3,36.8,33.0,16,0,0,1,Low
KASC_2025_M17,League,Al-Ahli,Al-Khaleej,3,Normal,41841,39541,Inma Stadium (ملعب الإنماء),5,South,Away,21:35,6,16,Normal,0,0,32.3,36.8,33.0,11,0,0,0,Medium
KASC_2025_M17,League,Al-Ahli,Al-Khaleej,3,Normal,41841,39541,Inma Stadium (ملعب الإنماء),5,South,Away,21:40,6,16,Normal,0,0,32.3,36.8,33.0,9,4,3,0,High
KASC_2025_M17,League,Al-Ahli,Al-Khaleej,3,Normal,41841,39541,Inma Stadium (ملعب الإنماء),5,South,Away,21:45,6,16,Normal,0,0,32.3,36.8,33.0,10,0,0,0,Medium
KASC_2025_M17,League,Al-Ahli,Al-Khaleej,3,Normal,41841,39541,Inma Stadium (ملعب الإنماء),5,South,Away,21:50,6,16,Normal,0,0,32.3,36.8,33.0,12,0,0,1,Low
KASC_2025_M17,League,Al-Ahli,Al-Khaleej,3,Normal,41841,39541,Inma Stadium (ملعب الإنماء),5,South,Away,21:55,6,16,Normal,0,0,32.3,36.8,33.0,11,1,1,0,High
KASC_2025_M17,League,Al-Ahli,Al-Khaleej,3,Normal,41841,39541,Inma Stadium (ملعب الإنماء),5,South,Away,22:00,6,16,Normal,0,0,32.3,36.8,33.0,13,0,0,0,Medium
KASC_2025_M17,League,Al-Ahli,Al-Khaleej,3,Normal,41841,39541,Inma Stadium (ملعب الإنماء),5,South,Away,22:05,6,16,Normal,0,0,32.3,36.8,33.0,14,0,0,0,Medium
KASC_2025_M17,League,Al-Ahli,Al-Khaleej,3,Normal,41841,39541,Inma Stadium (ملعب الإنماء),5,South,Away,22:10,6,16,Normal,0,0,32.3,36.8,33.0,10,0,0,0,Medium
KASC_2025_M17,League,Al-Ahli,Al-Khaleej,3,Normal,41841,39541,Inma Stadium (ملعب الإنماء),5,South,Away,22:15,6,16,Normal,0,0,32.3,36.8,33.0,13,0,0,0,Medium
KASC_2025_M17,League,Al-Ahli,Al-Khaleej,3,Normal,41841,39541,Inma Stadium (ملعب الإنماء),5,South,Away,22:20,6,16,Normal,0,0,32.3,36.8,33.0,15,0,0,0,Medium
KASC_2025_M17,League,Al-Ahli,Al-Khaleej,3,Normal,41841,39541,Inma Stadium (ملعب الإنماء),5,South,Away,22:25,6,16,Normal,0,0,32.3,36.8,33.0,11,0,0,0,Medium
KASC_2025_M17,League,Al-Ahli,Al-Khaleej,3,Normal,41841,39541,Inma Stadium (ملعب الإنماء),5,South,Away,22:30,6,16,Normal,0,0,32.3,36.8,33.0,8,0,0,0,Medium
KASC_2025_M17,League,Al-Ahli,Al-Khaleej,3,Normal,41841,39541,Inma Stadium (ملعب الإنماء),5,South,Away,22:35,6,16,Normal,0,0,32.3,36.8,33.0,15,0,0,0,Medium
KASC_2025_M17,League,Al-Ahli,Al-Khaleej,3,Normal,41841,39541,Inma Stadium (ملعب الإنماء),5,South,Away,22:40,6,16,Normal,0,0,32.3,36.8,33.0,13,0,0,0,Medium
KASC_2025_M17,League,Al-Ahli,Al-Khaleej,3,Normal,41841,39541,Inma Stadium (ملعب الإنماء),5,South,Away,22:45,6,16,Normal,0,0,32.3,36.8,33.0,14,0,0,0,Medium
KASC_2025_M17,League,Al-Ahli,Al-Khaleej,3,Normal,41841,39541,Inma Stadium (ملعب الإنماء),5,South,Away,22:50,6,16,Normal,0,0,32.3,36.8,33.0,16,0,0,0,Medium
KASC_2025_M17,League,Al-Ahli,Al-Khaleej,3,Normal,41841,39541,Inma Stadium (ملعب الإنماء),5,South,Away,22:55,6,16,Normal,0,0,32.3,36.8,33.0,7,0,0,0,Medium
KASC_2025_M17,League,Al-Ahli,Al-Khaleej,3,Normal,41841,39541,Inma Stadium (ملعب الإنماء),5,South,Away,23:00,6,16,Normal,0,0,32.3,36.8,33.0,10,0,0,0,Medium
KASC_2025_M17,League,Al-Ahli,Al-Khaleej,3,Normal,41841,39541,Inma Stadium (ملعب الإنماء),5,South,Away,23:05,6,16,Normal,0,0,32.3,36.8,33.0,11,0,0,0,Medium
KASC_2025_M17,League,Al-Ahli,Al-Khaleej,3,Normal,41841,39541,Inma Stadium (ملعب الإنماء),5,South,Away,23:10,6,16,Normal,0,0,32.3,36.8,33.0,12,0,0,0,Medium
KASC_2025_M17,League,Al-Ahli,Al-Khaleej,3,Normal,41841,39541,Inma Stadium (ملعب الإنماء),5,South,Away,23:15,6,16,Normal,0,0,32.3,36.8,33.0,7,0,0,0,Medium
KASC_2025_M17,League,Al-Ahli,Al-Khaleej,3,Normal,41841,39541,Inma Stadium (ملعب الإنماء),5,South,Away,23:20,6,16,Normal,0,0,32.3,36.8,33.0,9,0,0,0,Medium
KASC_2025_M17,League,Al-Ahli,Al-Khaleej,3,Normal,41841,39541,Inma Stadium (ملعب الإنماء),5,South,Away,23:25,6,16,Normal,0,0,32.3,36.8,33.0,11,0,0,0,Medium
KASC_2025_M17,League,Al-Ahli,Al-Khaleej,3,Normal,41841,39541,Inma Stadium (ملعب الإنماء),5,South,Away,23:30,6,16,Normal,0,0,32.3,36.8,33.0,11,0,0,0,Medium
KASC_2025_M17,League,Al-Ahli,Al-Khaleej,3,Normal,41841,39541,Inma Stadium (ملعب الإنماء),5,South,Away,23:35,6,16,Normal,0,0,32.3,36.8,33.0,11,0,0,0,Medium
KASC_2025_M17,League,Al-Ahli,Al-Khaleej,3,Normal,41841,39541,Inma Stadium (ملعب الإنماء),5,South,Away,23:40,6,16,Normal,0,0,32.3,36.8,33.0,14,0,0,0,Medium
KASC_2025_M17,League,Al-Ahli,Al-Khaleej,3,Normal,41841,39541,Inma Stadium (ملعب الإنماء),5,South,Away,23:45,6,16,Normal,0,0,32.3,36.8,33.0,15,0,0,0,Medium
KASC_2025_M17,League,Al-Ahli,Al-Khaleej,3,Normal,41841,39541,Inma Stadium (ملعب الإنماء),5,South,Away,23:50,6,16,Normal,0,0,32.3,36.8,33.0,9,0,0,0,Medium
KASC_2025_M17,League,Al-Ahli,Al-Khaleej,3,Normal,41841,39541,Inma Stadium (ملعب الإنماء),5,South,Away,23:55,6,16,Normal,0,0,32.3,36.8,33.0,13,0,0,0,Medium
KASC_2025_M17,League,Al-Ahli,Al-Khaleej,3,Normal,41841,39541,Inma Stadium (ملعب الإنماء),6,West,VIP,17:00,3,22,Redirecting,0,0,32.3,36.8,33.0,13,0,0,0,High
KASC_2025_M17,League,Al-Ahli,Al-Khaleej,3,Normal,41841,39541,Inma Stadium (ملعب الإنماء),6,West,VIP,17:05,3,22,Redirecting,0,0,32.3,36.8,33.0,12,0,0,0,High
KASC_2025_M17,League,Al-Ahli,Al-Khaleej,3,Normal,41841,39541,Inma Stadium (ملعب الإنماء),6,West,VIP,17:10,3,22,Redirecting,0,0,32.3,36.8,33.0,15,0,0,0,High
KASC_2025_M17,League,Al-Ahli,Al-Khaleej,3,Normal,41841,39541,Inma Stadium (ملعب الإنماء),6,West,VIP,17:15,3,22,Redirecting,0,0,32.3,36.8,33.0,10,0,0,0,High
KASC_2025_M17,League,Al-Ahli,Al-Khaleej,3,Normal,41841,39541,Inma Stadium (ملعب الإنماء),6,West,VIP,17:20,3,22,Redirecting,0,0,32.3,36.8,33.0,15,0,0,1,Medium
KASC_2025_M17,League,Al-Ahli,Al-Khaleej,3,Normal,41841,39541,Inma Stadium (ملعب الإنماء),6,West,VIP,17:25,3,22,Redirecting,0,0,32.3,36.8,33.0,9,0,0,0,High
KASC_2025_M17,League,Al-Ahli,Al-Khaleej,3,Normal,41841,39541,Inma Stadium (ملعب الإنماء),6,West,VIP,17:30,3,22,Redirecting,0,0,32.3,36.8,33.0,10,0,0,0,High
KASC_2025_M17,League,Al-Ahli,Al-Khaleej,3,Normal,41841,39541,Inma Stadium (ملعب الإنماء),6,West,VIP,17:35,3,22,Redirecting,0,0,32.3,36.8,33.0,11,0,0,0,High
KASC_2025_M17,League,Al-Ahli,Al-Khaleej,3,Normal,41841,39541,Inma Stadium (ملعب الإنماء),6,West,VIP,17:40,3,22,Redirecting,0,0,32.3,36.8,33.0,8,0,0,0,High
KASC_2025_M17,League,Al-Ahli,Al-Khaleej,3,Normal,41841,39541,Inma Stadium (ملعب الإنماء),6,West,VIP,17:45,3,22,Redirecting,0,0,32.3,36.8,33.0,13,0,0,0,High
KASC_2025_M17,League,Al-Ahli,Al-Khaleej,3,Normal,41841,39541,Inma Stadium (ملعب الإنماء),6,West,VIP,17:50,3,22,Redirecting,0,0,32.3,36.8,33.0,10,0,0,0,High
KASC_2025_M17,League,Al-Ahli,Al-Khaleej,3,Normal,41841,39541,Inma Stadium (ملعب الإنماء),6,West,VIP,17:55,3,22,Redirecting,0,0,32.3,36.8,33.0,13,0,0,2,Low
KASC_2025_M17,League,Al-Ahli,Al-Khaleej,3,Normal,41841,39541,Inma Stadium (ملعب الإنماء),6,West,VIP,18:00,3,22,Redirecting,0,0,32.3,36.8,33.0,8,2,1,0,High
KASC_2025_M17,League,Al-Ahli,Al-Khaleej,3,Normal,41841,39541,Inma Stadium (ملعب الإنماء),6,West,VIP,18:05,3,22,Redirecting,0,0,32.3,36.8,33.0,13,4,1,1,High
KASC_2025_M17,League,Al-Ahli,Al-Khaleej,3,Normal,41841,39541,Inma Stadium (ملعب الإنماء),6,West,VIP,18:10,3,22,Redirecting,0,0,32.3,36.8,33.0,16,0,0,1,Medium
KASC_2025_M17,League,Al-Ahli,Al-Khaleej,3,Normal,41841,39541,Inma Stadium (ملعب الإنماء),6,West,VIP,18:15,3,22,Redirecting,0,0,32.3,36.8,33.0,10,3,1,1,High
KASC_2025_M17,League,Al-Ahli,Al-Khaleej,3,Normal,41841,39541,Inma Stadium (ملعب الإنماء),6,West,VIP,18:20,3,22,Redirecting,0,0,32.3,36.8,33.0,13,8,2,1,High
KASC_2025_M17,League,Al-Ahli,Al-Khaleej,3,Normal,41841,39541,Inma Stadium (ملعب الإنماء),6,West,VIP,18:25,3,22,Redirecting,0,0,32.3,36.8,33.0,8,5,2,2,High
KASC_2025_M17,League,Al-Ahli,Al-Khaleej,3,Normal,41841,39541,Inma Stadium (ملعب الإنماء),6,West,VIP,18:30,3,22,Redirecting,0,0,32.3,36.8,33.0,9,12,4,4,High
KASC_2025_M17,League,Al-Ahli,Al-Khaleej,3,Normal,41841,39541,Inma Stadium (ملعب الإنماء),6,West,VIP,18:35,3,22,Redirecting,0,0,32.3,36.8,33.0,17,11,2,4,Medium
KASC_2025_M17,League,Al-Ahli,Al-Khaleej,3,Normal,41841,39541,Inma Stadium (ملعب الإنماء),6,West,VIP,18:40,3,22,Redirecting,0,0,32.3,36.8,33.0,9,12,4,3,High
KASC_2025_M17,League,Al-Ahli,Al-Khaleej,3,Normal,41841,39541,Inma Stadium (ملعب الإنماء),6,West,VIP,18:45,3,22,Redirecting,0,0,32.3,36.8,33.0,7,9,4,7,Medium
KASC_2025_M17,League,Al-Ahli,Al-Khaleej,3,Normal,41841,39541,Inma Stadium (ملعب الإنماء),6,West,VIP,18:50,3,22,Redirecting,0,0,32.3,36.8,33.0,10,26,8,6,High
KASC_2025_M17,League,Al-Ahli,Al-Khaleej,3,Normal,41841,39541,Inma Stadium (ملعب الإنماء),6,West,VIP,18:55,3,22,Redirecting,0,0,32.3,36.8,33.0,14,28,6,4,High
KASC_2025_M17,League,Al-Ahli,Al-Khaleej,3,Normal,41841,39541,Inma Stadium (ملعب الإنماء),6,West,VIP,19:00,3,22,Redirecting,0,0,32.3,36.8,33.0,9,21,7,4,High
KASC_2025_M17,League,Al-Ahli,Al-Khaleej,3,Normal,41841,39541,Inma Stadium (ملعب الإنماء),6,West,VIP,19:05,3,22,Redirecting,0,0,32.3,36.8,33.0,15,45,9,3,High
KASC_2025_M17,League,Al-Ahli,Al-Khaleej,3,Normal,41841,39541,Inma Stadium (ملعب الإنماء),6,West,VIP,19:10,3,22,Redirecting,0,0,32.3,36.8,33.0,16,58,11,8,High
KASC_2025_M17,League,Al-Ahli,Al-Khaleej,3,Normal,41841,39541,Inma Stadium (ملعب الإنماء),6,West,VIP,19:15,3,22,Redirecting,0,0,32.3,36.8,33.0,16,69,13,6,High
KASC_2025_M17,League,Al-Ahli,Al-Khaleej,3,Normal,41841,39541,Inma Stadium (ملعب الإنماء),6,West,VIP,19:20,3,22,Redirecting,0,0,32.3,36.8,33.0,14,60,13,9,High
KASC_2025_M17,League,Al-Ahli,Al-Khaleej,3,Normal,41841,39541,Inma Stadium (ملعب الإنماء),6,West,VIP,19:25,3,22,Redirecting,0,0,32.3,36.8,33.0,10,30,9,11,Medium
KASC_2025_M17,League,Al-Ahli,Al-Khaleej,3,Normal,41841,39541,Inma Stadium (ملعب الإنماء),6,West,VIP,19:30,3,22,Redirecting,0,0,32.3,36.8,33.0,8,34,13,8,High
KASC_2025_M17,League,Al-Ahli,Al-Khaleej,3,Normal,41841,39541,Inma Stadium (ملعب الإنماء),6,West,VIP,19:35,3,22,Redirecting,0,0,32.3,36.8,33.0,16,69,13,11,High
KASC_2025_M17,League,Al-Ahli,Al-Khaleej,3,Normal,41841,39541,Inma Stadium (ملعب الإنماء),6,West,VIP,19:40,3,22,Redirecting,0,0,32.3,36.8,33.0,8,37,14,9,High
KASC_2025_M17,League,Al-Ahli,Al-Khaleej,3,Normal,41841,39541,Inma Stadium (ملعب الإنماء),6,West,VIP,19:45,3,22,Redirecting,0,0,32.3,36.8,33.0,11,44,12,8,High
KASC_2025_M17,League,Al-Ahli,Al-Khaleej,3,Normal,41841,39541,Inma Stadium (ملعب الإنماء),6,West,VIP,19:50,3,22,Redirecting,0,0,32.3,36.8,33.0,8,24,9,7,High
KASC_2025_M17,League,Al-Ahli,Al-Khaleej,3,Normal,41841,39541,Inma Stadium (ملعب الإنماء),6,West,VIP,19:55,3,22,Redirecting,0,0,32.3,36.8,33.0,11,36,10,8,High
KASC_2025_M17,League,Al-Ahli,Al-Khaleej,3,Normal,41841,39541,Inma Stadium (ملعب الإنماء),6,West,VIP,20:00,3,22,Redirecting,0,0,32.3,36.8,33.0,10,33,10,6,High
KASC_2025_M17,League,Al-Ahli,Al-Khaleej,3,Normal,41841,39541,Inma Stadium (ملعب الإنماء),6,West,VIP,20:05,3,22,Redirecting,0,0,32.3,36.8,33.0,17,22,4,4,High
KASC_2025_M17,League,Al-Ahli,Al-Khaleej,3,Normal,41841,39541,Inma Stadium (ملعب الإنماء),6,West,VIP,20:10,3,22,Redirecting,0,0,32.3,36.8,33.0,6,14,7,6,High
KASC_2025_M17,League,Al-Ahli,Al-Khaleej,3,Normal,41841,39541,Inma Stadium (ملعب الإنماء),6,West,VIP,20:15,3,22,Redirecting,0,0,32.3,36.8,33.0,10,23,7,5,High
KASC_2025_M17,League,Al-Ahli,Al-Khaleej,3,Normal,41841,39541,Inma Stadium (ملعب الإنماء),6,West,VIP,20:20,3,22,Redirecting,0,0,32.3,36.8,33.0,13,21,5,4,High
KASC_2025_M17,League,Al-Ahli,Al-Khaleej,3,Normal,41841,39541,Inma Stadium (ملعب الإنماء),6,West,VIP,20:25,3,22,Redirecting,0,0,32.3,36.8,33.0,11,14,4,4,High
KASC_2025_M17,League,Al-Ahli,Al-Khaleej,3,Normal,41841,39541,Inma Stadium (ملعب الإنماء),6,West,VIP,20:30,3,22,Redirecting,0,0,32.3,36.8,33.0,11,3,1,3,Medium
KASC_2025_M17,League,Al-Ahli,Al-Khaleej,3,Normal,41841,39541,Inma Stadium (ملعب الإنماء),6,West,VIP,20:35,3,22,Redirecting,0,0,32.3,36.8,33.0,6,8,4,2,High
KASC_2025_M17,League,Al-Ahli,Al-Khaleej,3,Normal,41841,39541,Inma Stadium (ملعب الإنماء),6,West,VIP,20:40,3,22,Redirecting,0,0,32.3,36.8,33.0,11,3,1,2,Medium
KASC_2025_M17,League,Al-Ahli,Al-Khaleej,3,Normal,41841,39541,Inma Stadium (ملعب الإنماء),6,West,VIP,20:45,3,22,Redirecting,0,0,32.3,36.8,33.0,12,4,1,1,High
KASC_2025_M17,League,Al-Ahli,Al-Khaleej,3,Normal,41841,39541,Inma Stadium (ملعب الإنماء),6,West,VIP,20:50,3,22,Redirecting,0,0,32.3,36.8,33.0,13,4,1,3,Medium
KASC_2025_M17,League,Al-Ahli,Al-Khaleej,3,Normal,41841,39541,Inma Stadium (ملعب الإنماء),6,West,VIP,20:55,3,22,Redirecting,0,0,32.3,36.8,33.0,11,0,0,3,Low
KASC_2025_M17,League,Al-Ahli,Al-Khaleej,3,Normal,41841,39541,Inma Stadium (ملعب الإنماء),6,West,VIP,21:00,3,22,Redirecting,0,0,32.3,36.8,33.0,11,0,0,1,Medium
KASC_2025_M17,League,Al-Ahli,Al-Khaleej,3,Normal,41841,39541,Inma Stadium (ملعب الإنماء),6,West,VIP,21:05,3,22,Redirecting,0,0,32.3,36.8,33.0,15,5,1,2,Medium
KASC_2025_M17,League,Al-Ahli,Al-Khaleej,3,Normal,41841,39541,Inma Stadium (ملعب الإنماء),6,West,VIP,21:10,3,22,Redirecting,0,0,32.3,36.8,33.0,6,0,0,0,High
KASC_2025_M17,League,Al-Ahli,Al-Khaleej,3,Normal,41841,39541,Inma Stadium (ملعب الإنماء),6,West,VIP,21:15,3,22,Redirecting,0,0,32.3,36.8,33.0,12,0,0,1,Medium
KASC_2025_M17,League,Al-Ahli,Al-Khaleej,3,Normal,41841,39541,Inma Stadium (ملعب الإنماء),6,West,VIP,21:20,3,22,Redirecting,0,0,32.3,36.8,33.0,13,0,0,0,High
KASC_2025_M17,League,Al-Ahli,Al-Khaleej,3,Normal,41841,39541,Inma Stadium (ملعب الإنماء),6,West,VIP,21:25,3,22,Redirecting,0,0,32.3,36.8,33.0,11,0,0,0,High
KASC_2025_M17,League,Al-Ahli,Al-Khaleej,3,Normal,41841,39541,Inma Stadium (ملعب الإنماء),6,West,VIP,21:30,3,22,Redirecting,0,0,32.3,36.8,33.0,12,0,0,0,High
KASC_2025_M17,League,Al-Ahli,Al-Khaleej,3,Normal,41841,39541,Inma Stadium (ملعب الإنماء),6,West,VIP,21:35,3,22,Redirecting,0,0,32.3,36.8,33.0,12,0,0,0,High
KASC_2025_M17,League,Al-Ahli,Al-Khaleej,3,Normal,41841,39541,Inma Stadium (ملعب الإنماء),6,West,VIP,21:40,3,22,Redirecting,0,0,32.3,36.8,33.0,12,0,0,0,High
KASC_2025_M17,League,Al-Ahli,Al-Khaleej,3,Normal,41841,39541,Inma Stadium (ملعب الإنماء),6,West,VIP,21:45,3,22,Redirecting,0,0,32.3,36.8,33.0,13,0,0,0,High
KASC_2025_M17,League,Al-Ahli,Al-Khaleej,3,Normal,41841,39541,Inma Stadium (ملعب الإنماء),6,West,VIP,21:50,3,22,Redirecting,0,0,32.3,36.8,33.0,14,0,0,0,High
KASC_2025_M17,League,Al-Ahli,Al-Khaleej,3,Normal,41841,39541,Inma Stadium (ملعب الإنماء),6,West,VIP,21:55,3,22,Redirecting,0,0,32.3,36.8,33.0,13,0,0,0,High
KASC_2025_M17,League,Al-Ahli,Al-Khaleej,3,Normal,41841,39541,Inma Stadium (ملعب الإنماء),6,West,VIP,22:00,3,22,Redirecting,0,0,32.3,36.8,33.0,13,0,0,0,High
KASC_2025_M17,League,Al-Ahli,Al-Khaleej,3,Normal,41841,39541,Inma Stadium (ملعب الإنماء),6,West,VIP,22:05,3,22,Redirecting,0,0,32.3,36.8,33.0,10,0,0,0,High
KASC_2025_M17,League,Al-Ahli,Al-Khaleej,3,Normal,41841,39541,Inma Stadium (ملعب الإنماء),6,West,VIP,22:10,3,22,Redirecting,0,0,32.3,36.8,33.0,13,0,0,0,High
KASC_2025_M17,League,Al-Ahli,Al-Khaleej,3,Normal,41841,39541,Inma Stadium (ملعب الإنماء),6,West,VIP,22:15,3,22,Redirecting,0,0,32.3,36.8,33.0,16,0,0,0,High
KASC_2025_M17,League,Al-Ahli,Al-Khaleej,3,Normal,41841,39541,Inma Stadium (ملعب الإنماء),6,West,VIP,22:20,3,22,Redirecting,0,0,32.3,36.8,33.0,14,0,0,0,High
KASC_2025_M17,League,Al-Ahli,Al-Khaleej,3,Normal,41841,39541,Inma Stadium (ملعب الإنماء),6,West,VIP,22:25,3,22,Redirecting,0,0,32.3,36.8,33.0,7,0,0,0,High
KASC_2025_M17,League,Al-Ahli,Al-Khaleej,3,Normal,41841,39541,Inma Stadium (ملعب الإنماء),6,West,VIP,22:30,3,22,Redirecting,0,0,32.3,36.8,33.0,18,0,0,0,High
KASC_2025_M17,League,Al-Ahli,Al-Khaleej,3,Normal,41841,39541,Inma Stadium (ملعب الإنماء),6,West,VIP,22:35,3,22,Redirecting,0,0,32.3,36.8,33.0,13,0,0,0,High
KASC_2025_M17,League,Al-Ahli,Al-Khaleej,3,Normal,41841,39541,Inma Stadium (ملعب الإنماء),6,West,VIP,22:40,3,22,Redirecting,0,0,32.3,36.8,33.0,13,0,0,0,High
KASC_2025_M17,League,Al-Ahli,Al-Khaleej,3,Normal,41841,39541,Inma Stadium (ملعب الإنماء),6,West,VIP,22:45,3,22,Redirecting,0,0,32.3,36.8,33.0,11,0,0,0,High
KASC_2025_M17,League,Al-Ahli,Al-Khaleej,3,Normal,41841,39541,Inma Stadium (ملعب الإنماء),6,West,VIP,22:50,3,22,Redirecting,0,0,32.3,36.8,33.0,11,0,0,0,High
KASC_2025_M17,League,Al-Ahli,Al-Khaleej,3,Normal,41841,39541,Inma Stadium (ملعب الإنماء),6,West,VIP,22:55,3,22,Redirecting,0,0,32.3,36.8,33.0,10,0,0,0,High
KASC_2025_M17,League,Al-Ahli,Al-Khaleej,3,Normal,41841,39541,Inma Stadium (ملعب الإنماء),6,West,VIP,23:00,3,22,Redirecting,0,0,32.3,36.8,33.0,13,0,0,0,High
KASC_2025_M17,League,Al-Ahli,Al-Khaleej,3,Normal,41841,39541,Inma Stadium (ملعب الإنماء),6,West,VIP,23:05,3,22,Redirecting,0,0,32.3,36.8,33.0,11,0,0,0,High
KASC_2025_M17,League,Al-Ahli,Al-Khaleej,3,Normal,41841,39541,Inma Stadium (ملعب الإنماء),6,West,VIP,23:10,3,22,Redirecting,0,0,32.3,36.8,33.0,15,0,0,0,High
KASC_2025_M17,League,Al-Ahli,Al-Khaleej,3,Normal,41841,39541,Inma Stadium (ملعب الإنماء),6,West,VIP,23:15,3,22,Redirecting,0,0,32.3,36.8,33.0,15,0,0,0,High
KASC_2025_M17,League,Al-Ahli,Al-Khaleej,3,Normal,41841,39541,Inma Stadium (ملعب الإنماء),6,West,VIP,23:20,3,22,Redirecting,0,0,32.3,36.8,33.0,11,0,0,0,High
KASC_2025_M17,League,Al-Ahli,Al-Khaleej,3,Normal,41841,39541,Inma Stadium (ملعب الإنماء),6,West,VIP,23:25,3,22,Redirecting,0,0,32.3,36.8,33.0,11,0,0,0,High
KASC_2025_M17,League,Al-Ahli,Al-Khaleej,3,Normal,41841,39541,Inma Stadium (ملعب الإنماء),6,West,VIP,23:30,3,22,Redirecting,0,0,32.3,36.8,33.0,16,0,0,0,High
KASC_2025_M17,League,Al-Ahli,Al-Khaleej,3,Normal,41841,39541,Inma Stadium (ملعب الإنماء),6,West,VIP,23:35,3,22,Redirecting,0,0,32.3,36.8,33.0,9,0,0,0,High
KASC_2025_M17,League,Al-Ahli,Al-Khaleej,3,Normal,41841,39541,Inma Stadium (ملعب الإنماء),6,West,VIP,23:40,3,22,Redirecting,0,0,32.3,36.8,33.0,12,0,0,0,High
KASC_2025_M17,League,Al-Ahli,Al-Khaleej,3,Normal,41841,39541,Inma Stadium (ملعب الإنماء),6,West,VIP,23:45,3,22,Redirecting,0,0,32.3,36.8,33.0,16,0,0,0,High
KASC_2025_M17,League,Al-Ahli,Al-Khaleej,3,Normal,41841,39541,Inma Stadium (ملعب الإنماء),6,West,VIP,23:50,3,22,Redirecting,0,0,32.3,36.8,33.0,9,0,0,0,High
KASC_2025_M17,League,Al-Ahli,Al-Khaleej,3,Normal,41841,39541,Inma Stadium (ملعب الإنماء),6,West,VIP,23:55,3,22,Redirecting,0,0,32.3,36.8,33.0,16,0,0,0,High
KASC_2025_M18,League,Al-Ittihad,Al-Fayha,3,Normal,44524,42600,Inma Stadium (ملعب الإنماء),1,North,Home,17:00,6,11,Normal,0,0,30.3,47.6,31.3,7,5,5,1,High
KASC_2025_M18,League,Al-Ittihad,Al-Fayha,3,Normal,44524,42600,Inma Stadium (ملعب الإنماء),1,North,Home,17:05,6,11,Normal,0,0,30.3,47.6,31.3,14,2,1,1,Medium
KASC_2025_M18,League,Al-Ittihad,Al-Fayha,3,Normal,44524,42600,Inma Stadium (ملعب الإنماء),1,North,Home,17:10,6,11,Normal,0,0,30.3,47.6,31.3,10,3,2,2,Medium
KASC_2025_M18,League,Al-Ittihad,Al-Fayha,3,Normal,44524,42600,Inma Stadium (ملعب الإنماء),1,North,Home,17:15,6,11,Normal,0,0,30.3,47.6,31.3,18,9,3,1,High
KASC_2025_M18,League,Al-Ittihad,Al-Fayha,3,Normal,44524,42600,Inma Stadium (ملعب الإنماء),1,North,Home,17:20,6,11,Normal,0,0,30.3,47.6,31.3,9,7,5,2,High
KASC_2025_M18,League,Al-Ittihad,Al-Fayha,3,Normal,44524,42600,Inma Stadium (ملعب الإنماء),1,North,Home,17:25,6,11,Normal,0,0,30.3,47.6,31.3,14,14,6,5,Medium
KASC_2025_M18,League,Al-Ittihad,Al-Fayha,3,Normal,44524,42600,Inma Stadium (ملعب الإنماء),1,North,Home,17:30,6,11,Normal,0,0,30.3,47.6,31.3,13,10,5,1,High
KASC_2025_M18,League,Al-Ittihad,Al-Fayha,3,Normal,44524,42600,Inma Stadium (ملعب الإنماء),1,North,Home,17:35,6,11,Normal,0,0,30.3,47.6,31.3,16,18,7,7,Medium
KASC_2025_M18,League,Al-Ittihad,Al-Fayha,3,Normal,44524,42600,Inma Stadium (ملعب الإنماء),1,North,Home,17:40,6,11,Normal,0,0,30.3,47.6,31.3,12,22,11,5,High
KASC_2025_M18,League,Al-Ittihad,Al-Fayha,3,Normal,44524,42600,Inma Stadium (ملعب الإنماء),1,North,Home,17:45,6,11,Normal,0,0,30.3,47.6,31.3,10,26,16,4,High
KASC_2025_M18,League,Al-Ittihad,Al-Fayha,3,Normal,44524,42600,Inma Stadium (ملعب الإنماء),1,North,Home,17:50,6,11,Normal,0,0,30.3,47.6,31.3,7,24,21,5,High
KASC_2025_M18,League,Al-Ittihad,Al-Fayha,3,Normal,44524,42600,Inma Stadium (ملعب الإنماء),1,North,Home,17:55,6,11,Normal,0,0,30.3,47.6,31.3,10,31,19,8,High
KASC_2025_M18,League,Al-Ittihad,Al-Fayha,3,Normal,44524,42600,Inma Stadium (ملعب الإنماء),1,North,Home,18:00,6,11,Normal,0,0,30.3,47.6,31.3,13,49,23,13,Medium
KASC_2025_M18,League,Al-Ittihad,Al-Fayha,3,Normal,44524,42600,Inma Stadium (ملعب الإنماء),1,North,Home,18:05,6,11,Normal,0,0,30.3,47.6,31.3,19,117,37,12,High
KASC_2025_M18,League,Al-Ittihad,Al-Fayha,3,Normal,44524,42600,Inma Stadium (ملعب الإنماء),1,North,Home,18:10,6,11,Normal,0,0,30.3,47.6,31.3,11,55,30,9,High
KASC_2025_M18,League,Al-Ittihad,Al-Fayha,3,Normal,44524,42600,Inma Stadium (ملعب الإنماء),1,North,Home,18:15,6,11,Normal,0,0,30.3,47.6,31.3,10,55,33,21,Medium
KASC_2025_M18,League,Al-Ittihad,Al-Fayha,3,Normal,44524,42600,Inma Stadium (ملعب الإنماء),1,North,Home,18:20,6,11,Normal,0,0,30.3,47.6,31.3,11,82,45,18,High
KASC_2025_M18,League,Al-Ittihad,Al-Fayha,3,Normal,44524,42600,Inma Stadium (ملعب الإنماء),1,North,Home,18:25,6,11,Normal,0,0,30.3,47.6,31.3,14,107,46,11,High
KASC_2025_M18,League,Al-Ittihad,Al-Fayha,3,Normal,44524,42600,Inma Stadium (ملعب الإنماء),1,North,Home,18:30,6,11,Normal,0,0,30.3,47.6,31.3,13,123,57,21,High
KASC_2025_M18,League,Al-Ittihad,Al-Fayha,3,Normal,44524,42600,Inma Stadium (ملعب الإنماء),1,North,Home,18:35,6,11,Normal,0,0,30.3,47.6,31.3,11,102,56,18,High
KASC_2025_M18,League,Al-Ittihad,Al-Fayha,3,Normal,44524,42600,Inma Stadium (ملعب الإنماء),1,North,Home,18:40,6,11,Normal,0,0,30.3,47.6,31.3,8,74,56,18,High
KASC_2025_M18,League,Al-Ittihad,Al-Fayha,3,Normal,44524,42600,Inma Stadium (ملعب الإنماء),1,North,Home,18:45,6,11,Normal,0,0,30.3,47.6,31.3,12,134,67,21,High
KASC_2025_M18,League,Al-Ittihad,Al-Fayha,3,Normal,44524,42600,Inma Stadium (ملعب الإنماء),1,North,Home,18:50,6,11,Normal,0,0,30.3,47.6,31.3,18,234,78,18,High
KASC_2025_M18,League,Al-Ittihad,Al-Fayha,3,Normal,44524,42600,Inma Stadium (ملعب الإنماء),1,North,Home,18:55,6,11,Normal,0,0,30.3,47.6,31.3,14,133,57,24,High
KASC_2025_M18,League,Al-Ittihad,Al-Fayha,3,Normal,44524,42600,Inma Stadium (ملعب الإنماء),1,North,Home,19:00,6,11,Normal,0,0,30.3,47.6,31.3,13,121,56,20,High
KASC_2025_M18,League,Al-Ittihad,Al-Fayha,3,Normal,44524,42600,Inma Stadium (ملعب الإنماء),1,North,Home,19:05,6,11,Normal,0,0,30.3,47.6,31.3,13,192,89,32,High
KASC_2025_M18,League,Al-Ittihad,Al-Fayha,3,Normal,44524,42600,Inma Stadium (ملعب الإنماء),1,North,Home,19:10,6,11,Normal,0,0,30.3,47.6,31.3,14,205,88,25,High
KASC_2025_M18,League,Al-Ittihad,Al-Fayha,3,Normal,44524,42600,Inma Stadium (ملعب الإنماء),1,North,Home,19:15,6,11,Normal,0,0,30.3,47.6,31.3,16,213,80,25,High
KASC_2025_M18,League,Al-Ittihad,Al-Fayha,3,Normal,44524,42600,Inma Stadium (ملعب الإنماء),1,North,Home,19:20,6,11,Normal,0,0,30.3,47.6,31.3,10,143,86,33,High
KASC_2025_M18,League,Al-Ittihad,Al-Fayha,3,Normal,44524,42600,Inma Stadium (ملعب الإنماء),1,North,Home,19:25,6,11,Normal,0,0,30.3,47.6,31.3,13,179,83,32,High
KASC_2025_M18,League,Al-Ittihad,Al-Fayha,3,Normal,44524,42600,Inma Stadium (ملعب الإنماء),1,North,Home,19:30,6,11,Normal,0,0,30.3,47.6,31.3,8,126,95,29,High
KASC_2025_M18,League,Al-Ittihad,Al-Fayha,3,Normal,44524,42600,Inma Stadium (ملعب الإنماء),1,North,Home,19:35,6,11,Normal,0,0,30.3,47.6,31.3,9,121,81,32,High
KASC_2025_M18,League,Al-Ittihad,Al-Fayha,3,Normal,44524,42600,Inma Stadium (ملعب الإنماء),1,North,Home,19:40,6,11,Normal,0,0,30.3,47.6,31.3,12,196,98,34,High
KASC_2025_M18,League,Al-Ittihad,Al-Fayha,3,Normal,44524,42600,Inma Stadium (ملعب الإنماء),1,North,Home,19:45,6,11,Normal,0,0,30.3,47.6,31.3,11,174,95,31,High
KASC_2025_M18,League,Al-Ittihad,Al-Fayha,3,Normal,44524,42600,Inma Stadium (ملعب الإنماء),1,North,Home,19:50,6,11,Normal,0,0,30.3,47.6,31.3,10,135,81,32,High
KASC_2025_M18,League,Al-Ittihad,Al-Fayha,3,Normal,44524,42600,Inma Stadium (ملعب الإنماء),1,North,Home,19:55,6,11,Normal,0,0,30.3,47.6,31.3,13,162,75,38,High
KASC_2025_M18,League,Al-Ittihad,Al-Fayha,3,Normal,44524,42600,Inma Stadium (ملعب الإنماء),1,North,Home,20:00,6,11,Normal,0,0,30.3,47.6,31.3,17,246,87,32,High
KASC_2025_M18,League,Al-Ittihad,Al-Fayha,3,Normal,44524,42600,Inma Stadium (ملعب الإنماء),1,North,Home,20:05,6,11,Normal,0,0,30.3,47.6,31.3,8,109,82,23,High
KASC_2025_M18,League,Al-Ittihad,Al-Fayha,3,Normal,44524,42600,Inma Stadium (ملعب الإنماء),1,North,Home,20:10,6,11,Normal,0,0,30.3,47.6,31.3,11,139,76,22,High
KASC_2025_M18,League,Al-Ittihad,Al-Fayha,3,Normal,44524,42600,Inma Stadium (ملعب الإنماء),1,North,Home,20:15,6,11,Normal,0,0,30.3,47.6,31.3,12,108,54,25,High
KASC_2025_M18,League,Al-Ittihad,Al-Fayha,3,Normal,44524,42600,Inma Stadium (ملعب الإنماء),1,North,Home,20:20,6,11,Normal,0,0,30.3,47.6,31.3,7,71,61,17,High
KASC_2025_M18,League,Al-Ittihad,Al-Fayha,3,Normal,44524,42600,Inma Stadium (ملعب الإنماء),1,North,Home,20:25,6,11,Normal,0,0,30.3,47.6,31.3,10,71,43,11,High
KASC_2025_M18,League,Al-Ittihad,Al-Fayha,3,Normal,44524,42600,Inma Stadium (ملعب الإنماء),1,North,Home,20:30,6,11,Normal,0,0,30.3,47.6,31.3,13,112,52,17,High
KASC_2025_M18,League,Al-Ittihad,Al-Fayha,3,Normal,44524,42600,Inma Stadium (ملعب الإنماء),1,North,Home,20:35,6,11,Normal,0,0,30.3,47.6,31.3,8,57,43,10,High
KASC_2025_M18,League,Al-Ittihad,Al-Fayha,3,Normal,44524,42600,Inma Stadium (ملعب الإنماء),1,North,Home,20:40,6,11,Normal,0,0,30.3,47.6,31.3,17,79,28,10,High
KASC_2025_M18,League,Al-Ittihad,Al-Fayha,3,Normal,44524,42600,Inma Stadium (ملعب الإنماء),1,North,Home,20:45,6,11,Normal,0,0,30.3,47.6,31.3,11,82,45,12,High
KASC_2025_M18,League,Al-Ittihad,Al-Fayha,3,Normal,44524,42600,Inma Stadium (ملعب الإنماء),1,North,Home,20:50,6,11,Normal,0,0,30.3,47.6,31.3,6,37,37,9,High
KASC_2025_M18,League,Al-Ittihad,Al-Fayha,3,Normal,44524,42600,Inma Stadium (ملعب الإنماء),1,North,Home,20:55,6,11,Normal,0,0,30.3,47.6,31.3,9,24,16,6,High
KASC_2025_M18,League,Al-Ittihad,Al-Fayha,3,Normal,44524,42600,Inma Stadium (ملعب الإنماء),1,North,Home,21:00,6,11,Normal,0,0,30.3,47.6,31.3,9,37,25,8,High
KASC_2025_M18,League,Al-Ittihad,Al-Fayha,3,Normal,44524,42600,Inma Stadium (ملعب الإنماء),1,North,Home,21:05,6,11,Normal,0,0,30.3,47.6,31.3,14,32,14,5,High
KASC_2025_M18,League,Al-Ittihad,Al-Fayha,3,Normal,44524,42600,Inma Stadium (ملعب الإنماء),1,North,Home,21:10,6,11,Normal,0,0,30.3,47.6,31.3,11,34,19,6,High
KASC_2025_M18,League,Al-Ittihad,Al-Fayha,3,Normal,44524,42600,Inma Stadium (ملعب الإنماء),1,North,Home,21:15,6,11,Normal,0,0,30.3,47.6,31.3,15,45,18,2,High
KASC_2025_M18,League,Al-Ittihad,Al-Fayha,3,Normal,44524,42600,Inma Stadium (ملعب الإنماء),1,North,Home,21:20,6,11,Normal,0,0,30.3,47.6,31.3,16,32,12,5,High
KASC_2025_M18,League,Al-Ittihad,Al-Fayha,3,Normal,44524,42600,Inma Stadium (ملعب الإنماء),1,North,Home,21:25,6,11,Normal,0,0,30.3,47.6,31.3,13,21,10,5,High
KASC_2025_M18,League,Al-Ittihad,Al-Fayha,3,Normal,44524,42600,Inma Stadium (ملعب الإنماء),1,North,Home,21:30,6,11,Normal,0,0,30.3,47.6,31.3,6,8,8,3,High
KASC_2025_M18,League,Al-Ittihad,Al-Fayha,3,Normal,44524,42600,Inma Stadium (ملعب الإنماء),1,North,Home,21:35,6,11,Normal,0,0,30.3,47.6,31.3,12,10,5,0,High
KASC_2025_M18,League,Al-Ittihad,Al-Fayha,3,Normal,44524,42600,Inma Stadium (ملعب الإنماء),1,North,Home,21:40,6,11,Normal,0,0,30.3,47.6,31.3,12,8,4,2,Medium
KASC_2025_M18,League,Al-Ittihad,Al-Fayha,3,Normal,44524,42600,Inma Stadium (ملعب الإنماء),1,North,Home,21:45,6,11,Normal,0,0,30.3,47.6,31.3,6,6,6,1,High
KASC_2025_M18,League,Al-Ittihad,Al-Fayha,3,Normal,44524,42600,Inma Stadium (ملعب الإنماء),1,North,Home,21:50,6,11,Normal,0,0,30.3,47.6,31.3,8,2,2,1,Medium
KASC_2025_M18,League,Al-Ittihad,Al-Fayha,3,Normal,44524,42600,Inma Stadium (ملعب الإنماء),1,North,Home,21:55,6,11,Normal,0,0,30.3,47.6,31.3,18,12,4,2,Medium
KASC_2025_M18,League,Al-Ittihad,Al-Fayha,3,Normal,44524,42600,Inma Stadium (ملعب الإنماء),1,North,Home,22:00,6,11,Normal,0,0,30.3,47.6,31.3,10,1,1,0,High
KASC_2025_M18,League,Al-Ittihad,Al-Fayha,3,Normal,44524,42600,Inma Stadium (ملعب الإنماء),1,North,Home,22:05,6,11,Normal,0,0,30.3,47.6,31.3,11,0,0,0,Medium
KASC_2025_M18,League,Al-Ittihad,Al-Fayha,3,Normal,44524,42600,Inma Stadium (ملعب الإنماء),1,North,Home,22:10,6,11,Normal,0,0,30.3,47.6,31.3,10,5,3,1,High
KASC_2025_M18,League,Al-Ittihad,Al-Fayha,3,Normal,44524,42600,Inma Stadium (ملعب الإنماء),1,North,Home,22:15,6,11,Normal,0,0,30.3,47.6,31.3,13,2,1,1,Medium
KASC_2025_M18,League,Al-Ittihad,Al-Fayha,3,Normal,44524,42600,Inma Stadium (ملعب الإنماء),1,North,Home,22:20,6,11,Normal,0,0,30.3,47.6,31.3,14,0,0,1,Low
KASC_2025_M18,League,Al-Ittihad,Al-Fayha,3,Normal,44524,42600,Inma Stadium (ملعب الإنماء),1,North,Home,22:25,6,11,Normal,0,0,30.3,47.6,31.3,9,1,1,0,High
KASC_2025_M18,League,Al-Ittihad,Al-Fayha,3,Normal,44524,42600,Inma Stadium (ملعب الإنماء),1,North,Home,22:30,6,11,Normal,0,0,30.3,47.6,31.3,26,4,1,0,High
KASC_2025_M18,League,Al-Ittihad,Al-Fayha,3,Normal,44524,42600,Inma Stadium (ملعب الإنماء),1,North,Home,22:35,6,11,Normal,0,0,30.3,47.6,31.3,11,0,0,0,Medium
KASC_2025_M18,League,Al-Ittihad,Al-Fayha,3,Normal,44524,42600,Inma Stadium (ملعب الإنماء),1,North,Home,22:40,6,11,Normal,0,0,30.3,47.6,31.3,9,0,0,1,Low
KASC_2025_M18,League,Al-Ittihad,Al-Fayha,3,Normal,44524,42600,Inma Stadium (ملعب الإنماء),1,North,Home,22:45,6,11,Normal,0,0,30.3,47.6,31.3,17,0,0,0,Medium
KASC_2025_M18,League,Al-Ittihad,Al-Fayha,3,Normal,44524,42600,Inma Stadium (ملعب الإنماء),1,North,Home,22:50,6,11,Normal,0,0,30.3,47.6,31.3,13,0,0,0,Medium
KASC_2025_M18,League,Al-Ittihad,Al-Fayha,3,Normal,44524,42600,Inma Stadium (ملعب الإنماء),1,North,Home,22:55,6,11,Normal,0,0,30.3,47.6,31.3,9,0,0,0,Medium
KASC_2025_M18,League,Al-Ittihad,Al-Fayha,3,Normal,44524,42600,Inma Stadium (ملعب الإنماء),1,North,Home,23:00,6,11,Normal,0,0,30.3,47.6,31.3,14,0,0,0,Medium
KASC_2025_M18,League,Al-Ittihad,Al-Fayha,3,Normal,44524,42600,Inma Stadium (ملعب الإنماء),1,North,Home,23:05,6,11,Normal,0,0,30.3,47.6,31.3,11,0,0,0,Medium
KASC_2025_M18,League,Al-Ittihad,Al-Fayha,3,Normal,44524,42600,Inma Stadium (ملعب الإنماء),1,North,Home,23:10,6,11,Normal,0,0,30.3,47.6,31.3,10,0,0,0,Medium
KASC_2025_M18,League,Al-Ittihad,Al-Fayha,3,Normal,44524,42600,Inma Stadium (ملعب الإنماء),1,North,Home,23:15,6,11,Normal,0,0,30.3,47.6,31.3,16,0,0,0,Medium
KASC_2025_M18,League,Al-Ittihad,Al-Fayha,3,Normal,44524,42600,Inma Stadium (ملعب الإنماء),1,North,Home,23:20,6,11,Normal,0,0,30.3,47.6,31.3,13,0,0,0,Medium
KASC_2025_M18,League,Al-Ittihad,Al-Fayha,3,Normal,44524,42600,Inma Stadium (ملعب الإنماء),1,North,Home,23:25,6,11,Normal,0,0,30.3,47.6,31.3,17,0,0,0,Medium
KASC_2025_M18,League,Al-Ittihad,Al-Fayha,3,Normal,44524,42600,Inma Stadium (ملعب الإنماء),1,North,Home,23:30,6,11,Normal,0,0,30.3,47.6,31.3,13,0,0,0,Medium
KASC_2025_M18,League,Al-Ittihad,Al-Fayha,3,Normal,44524,42600,Inma Stadium (ملعب الإنماء),1,North,Home,23:35,6,11,Normal,0,0,30.3,47.6,31.3,13,0,0,0,Medium
KASC_2025_M18,League,Al-Ittihad,Al-Fayha,3,Normal,44524,42600,Inma Stadium (ملعب الإنماء),1,North,Home,23:40,6,11,Normal,0,0,30.3,47.6,31.3,14,0,0,0,Medium
KASC_2025_M18,League,Al-Ittihad,Al-Fayha,3,Normal,44524,42600,Inma Stadium (ملعب الإنماء),1,North,Home,23:45,6,11,Normal,0,0,30.3,47.6,31.3,12,0,0,0,Medium
KASC_2025_M18,League,Al-Ittihad,Al-Fayha,3,Normal,44524,42600,Inma Stadium (ملعب الإنماء),1,North,Home,23:50,6,11,Normal,0,0,30.3,47.6,31.3,11,0,0,0,Medium
KASC_2025_M18,League,Al-Ittihad,Al-Fayha,3,Normal,44524,42600,Inma Stadium (ملعب الإنماء),1,North,Home,23:55,6,11,Normal,0,0,30.3,47.6,31.3,14,0,0,0,Medium
KASC_2025_M18,League,Al-Ittihad,Al-Fayha,3,Normal,44524,42600,Inma Stadium (ملعب الإنماء),2,North,Home,17:00,4,23,Normal,0,0,30.3,47.6,31.3,10,2,1,0,High
KASC_2025_M18,League,Al-Ittihad,Al-Fayha,3,Normal,44524,42600,Inma Stadium (ملعب الإنماء),2,North,Home,17:05,4,23,Normal,0,0,30.3,47.6,31.3,19,9,2,1,High
KASC_2025_M18,League,Al-Ittihad,Al-Fayha,3,Normal,44524,42600,Inma Stadium (ملعب الإنماء),2,North,Home,17:10,4,23,Normal,0,0,30.3,47.6,31.3,12,6,2,1,High
KASC_2025_M18,League,Al-Ittihad,Al-Fayha,3,Normal,44524,42600,Inma Stadium (ملعب الإنماء),2,North,Home,17:15,4,23,Normal,0,0,30.3,47.6,31.3,13,9,3,1,High
KASC_2025_M18,League,Al-Ittihad,Al-Fayha,3,Normal,44524,42600,Inma Stadium (ملعب الإنماء),2,North,Home,17:20,4,23,Normal,0,0,30.3,47.6,31.3,13,6,2,3,Medium
KASC_2025_M18,League,Al-Ittihad,Al-Fayha,3,Normal,44524,42600,Inma Stadium (ملعب الإنماء),2,North,Home,17:25,4,23,Normal,0,0,30.3,47.6,31.3,9,4,2,2,Medium
KASC_2025_M18,League,Al-Ittihad,Al-Fayha,3,Normal,44524,42600,Inma Stadium (ملعب الإنماء),2,North,Home,17:30,4,23,Normal,0,0,30.3,47.6,31.3,11,16,6,4,High
KASC_2025_M18,League,Al-Ittihad,Al-Fayha,3,Normal,44524,42600,Inma Stadium (ملعب الإنماء),2,North,Home,17:35,4,23,Normal,0,0,30.3,47.6,31.3,14,28,8,4,High
KASC_2025_M18,League,Al-Ittihad,Al-Fayha,3,Normal,44524,42600,Inma Stadium (ملعب الإنماء),2,North,Home,17:40,4,23,Normal,0,0,30.3,47.6,31.3,12,21,7,5,High
KASC_2025_M18,League,Al-Ittihad,Al-Fayha,3,Normal,44524,42600,Inma Stadium (ملعب الإنماء),2,North,Home,17:45,4,23,Normal,0,0,30.3,47.6,31.3,13,29,9,2,High
KASC_2025_M18,League,Al-Ittihad,Al-Fayha,3,Normal,44524,42600,Inma Stadium (ملعب الإنماء),2,North,Home,17:50,4,23,Normal,0,0,30.3,47.6,31.3,11,33,12,5,High
KASC_2025_M18,League,Al-Ittihad,Al-Fayha,3,Normal,44524,42600,Inma Stadium (ملعب الإنماء),2,North,Home,17:55,4,23,Normal,0,0,30.3,47.6,31.3,10,35,14,7,High
KASC_2025_M18,League,Al-Ittihad,Al-Fayha,3,Normal,44524,42600,Inma Stadium (ملعب الإنماء),2,North,Home,18:00,4,23,Normal,0,0,30.3,47.6,31.3,13,32,10,7,High
KASC_2025_M18,League,Al-Ittihad,Al-Fayha,3,Normal,44524,42600,Inma Stadium (ملعب الإنماء),2,North,Home,18:05,4,23,Normal,0,0,30.3,47.6,31.3,11,49,18,16,Medium
KASC_2025_M18,League,Al-Ittihad,Al-Fayha,3,Normal,44524,42600,Inma Stadium (ملعب الإنماء),2,North,Home,18:10,4,23,Normal,0,0,30.3,47.6,31.3,15,30,8,8,Medium
KASC_2025_M18,League,Al-Ittihad,Al-Fayha,3,Normal,44524,42600,Inma Stadium (ملعب الإنماء),2,North,Home,18:15,4,23,Normal,0,0,30.3,47.6,31.3,17,97,23,15,High
KASC_2025_M18,League,Al-Ittihad,Al-Fayha,3,Normal,44524,42600,Inma Stadium (ملعب الإنماء),2,North,Home,18:20,4,23,Normal,0,0,30.3,47.6,31.3,10,77,31,17,High
KASC_2025_M18,League,Al-Ittihad,Al-Fayha,3,Normal,44524,42600,Inma Stadium (ملعب الإنماء),2,North,Home,18:25,4,23,Normal,0,0,30.3,47.6,31.3,19,152,32,17,High
KASC_2025_M18,League,Al-Ittihad,Al-Fayha,3,Normal,44524,42600,Inma Stadium (ملعب الإنماء),2,North,Home,18:30,4,23,Normal,0,0,30.3,47.6,31.3,12,99,33,17,High
KASC_2025_M18,League,Al-Ittihad,Al-Fayha,3,Normal,44524,42600,Inma Stadium (ملعب الإنماء),2,North,Home,18:35,4,23,Normal,0,0,30.3,47.6,31.3,11,82,30,15,High
KASC_2025_M18,League,Al-Ittihad,Al-Fayha,3,Normal,44524,42600,Inma Stadium (ملعب الإنماء),2,North,Home,18:40,4,23,Normal,0,0,30.3,47.6,31.3,9,81,36,16,High
KASC_2025_M18,League,Al-Ittihad,Al-Fayha,3,Normal,44524,42600,Inma Stadium (ملعب الإنماء),2,North,Home,18:45,4,23,Normal,0,0,30.3,47.6,31.3,7,61,35,25,High
KASC_2025_M18,League,Al-Ittihad,Al-Fayha,3,Normal,44524,42600,Inma Stadium (ملعب الإنماء),2,North,Home,18:50,4,23,Normal,0,0,30.3,47.6,31.3,10,110,44,32,High
KASC_2025_M18,League,Al-Ittihad,Al-Fayha,3,Normal,44524,42600,Inma Stadium (ملعب الإنماء),2,North,Home,18:55,4,23,Normal,0,0,30.3,47.6,31.3,9,135,60,16,High
KASC_2025_M18,League,Al-Ittihad,Al-Fayha,3,Normal,44524,42600,Inma Stadium (ملعب الإنماء),2,North,Home,19:00,4,23,Normal,0,0,30.3,47.6,31.3,14,161,46,27,High
KASC_2025_M18,League,Al-Ittihad,Al-Fayha,3,Normal,44524,42600,Inma Stadium (ملعب الإنماء),2,North,Home,19:05,4,23,Normal,0,0,30.3,47.6,31.3,13,201,62,34,High
KASC_2025_M18,League,Al-Ittihad,Al-Fayha,3,Normal,44524,42600,Inma Stadium (ملعب الإنماء),2,North,Home,19:10,4,23,Normal,0,0,30.3,47.6,31.3,11,159,58,35,High
KASC_2025_M18,League,Al-Ittihad,Al-Fayha,3,Normal,44524,42600,Inma Stadium (ملعب الإنماء),2,North,Home,19:15,4,23,Normal,0,0,30.3,47.6,31.3,6,84,56,32,High
KASC_2025_M18,League,Al-Ittihad,Al-Fayha,3,Normal,44524,42600,Inma Stadium (ملعب الإنماء),2,North,Home,19:20,4,23,Normal,0,0,30.3,47.6,31.3,11,137,50,31,High
KASC_2025_M18,League,Al-Ittihad,Al-Fayha,3,Normal,44524,42600,Inma Stadium (ملعب الإنماء),2,North,Home,19:25,4,23,Normal,0,0,30.3,47.6,31.3,7,115,66,32,High
KASC_2025_M18,League,Al-Ittihad,Al-Fayha,3,Normal,44524,42600,Inma Stadium (ملعب الإنماء),2,North,Home,19:30,4,23,Normal,0,0,30.3,47.6,31.3,12,171,57,23,High
KASC_2025_M18,League,Al-Ittihad,Al-Fayha,3,Normal,44524,42600,Inma Stadium (ملعب الإنماء),2,North,Home,19:35,4,23,Normal,0,0,30.3,47.6,31.3,12,168,56,35,High
KASC_2025_M18,League,Al-Ittihad,Al-Fayha,3,Normal,44524,42600,Inma Stadium (ملعب الإنماء),2,North,Home,19:40,4,23,Normal,0,0,30.3,47.6,31.3,11,167,61,29,High
KASC_2025_M18,League,Al-Ittihad,Al-Fayha,3,Normal,44524,42600,Inma Stadium (ملعب الإنماء),2,North,Home,19:45,4,23,Normal,0,0,30.3,47.6,31.3,18,274,61,33,High
KASC_2025_M18,League,Al-Ittihad,Al-Fayha,3,Normal,44524,42600,Inma Stadium (ملعب الإنماء),2,North,Home,19:50,4,23,Normal,0,0,30.3,47.6,31.3,7,80,46,24,High
KASC_2025_M18,League,Al-Ittihad,Al-Fayha,3,Normal,44524,42600,Inma Stadium (ملعب الإنماء),2,North,Home,19:55,4,23,Normal,0,0,30.3,47.6,31.3,10,135,54,20,High
KASC_2025_M18,League,Al-Ittihad,Al-Fayha,3,Normal,44524,42600,Inma Stadium (ملعب الإنماء),2,North,Home,20:00,4,23,Normal,0,0,30.3,47.6,31.3,10,147,59,31,High
KASC_2025_M18,League,Al-Ittihad,Al-Fayha,3,Normal,44524,42600,Inma Stadium (ملعب الإنماء),2,North,Home,20:05,4,23,Normal,0,0,30.3,47.6,31.3,11,132,48,30,High
KASC_2025_M18,League,Al-Ittihad,Al-Fayha,3,Normal,44524,42600,Inma Stadium (ملعب الإنماء),2,North,Home,20:10,4,23,Normal,0,0,30.3,47.6,31.3,11,118,43,32,High
KASC_2025_M18,League,Al-Ittihad,Al-Fayha,3,Normal,44524,42600,Inma Stadium (ملعب الإنماء),2,North,Home,20:15,4,23,Normal,0,0,30.3,47.6,31.3,10,102,41,26,High
KASC_2025_M18,League,Al-Ittihad,Al-Fayha,3,Normal,44524,42600,Inma Stadium (ملعب الإنماء),2,North,Home,20:20,4,23,Normal,0,0,30.3,47.6,31.3,13,123,38,20,High
KASC_2025_M18,League,Al-Ittihad,Al-Fayha,3,Normal,44524,42600,Inma Stadium (ملعب الإنماء),2,North,Home,20:25,4,23,Normal,0,0,30.3,47.6,31.3,12,114,38,22,High
KASC_2025_M18,League,Al-Ittihad,Al-Fayha,3,Normal,44524,42600,Inma Stadium (ملعب الإنماء),2,North,Home,20:30,4,23,Normal,0,0,30.3,47.6,31.3,9,90,40,33,Medium
KASC_2025_M18,League,Al-Ittihad,Al-Fayha,3,Normal,44524,42600,Inma Stadium (ملعب الإنماء),2,North,Home,20:35,4,23,Normal,0,0,30.3,47.6,31.3,10,85,34,20,High
KASC_2025_M18,League,Al-Ittihad,Al-Fayha,3,Normal,44524,42600,Inma Stadium (ملعب الإنماء),2,North,Home,20:40,4,23,Normal,0,0,30.3,47.6,31.3,12,81,27,15,High
KASC_2025_M18,League,Al-Ittihad,Al-Fayha,3,Normal,44524,42600,Inma Stadium (ملعب الإنماء),2,North,Home,20:45,4,23,Normal,0,0,30.3,47.6,31.3,8,52,26,10,High
KASC_2025_M18,League,Al-Ittihad,Al-Fayha,3,Normal,44524,42600,Inma Stadium (ملعب الإنماء),2,North,Home,20:50,4,23,Normal,0,0,30.3,47.6,31.3,8,32,16,11,High
KASC_2025_M18,League,Al-Ittihad,Al-Fayha,3,Normal,44524,42600,Inma Stadium (ملعب الإنماء),2,North,Home,20:55,4,23,Normal,0,0,30.3,47.6,31.3,11,57,21,8,High
KASC_2025_M18,League,Al-Ittihad,Al-Fayha,3,Normal,44524,42600,Inma Stadium (ملعب الإنماء),2,North,Home,21:00,4,23,Normal,0,0,30.3,47.6,31.3,9,27,12,13,Medium
KASC_2025_M18,League,Al-Ittihad,Al-Fayha,3,Normal,44524,42600,Inma Stadium (ملعب الإنماء),2,North,Home,21:05,4,23,Normal,0,0,30.3,47.6,31.3,12,36,12,8,High
KASC_2025_M18,League,Al-Ittihad,Al-Fayha,3,Normal,44524,42600,Inma Stadium (ملعب الإنماء),2,North,Home,21:10,4,23,Normal,0,0,30.3,47.6,31.3,14,21,6,4,High
KASC_2025_M18,League,Al-Ittihad,Al-Fayha,3,Normal,44524,42600,Inma Stadium (ملعب الإنماء),2,North,Home,21:15,4,23,Normal,0,0,30.3,47.6,31.3,11,27,10,6,High
KASC_2025_M18,League,Al-Ittihad,Al-Fayha,3,Normal,44524,42600,Inma Stadium (ملعب الإنماء),2,North,Home,21:20,4,23,Normal,0,0,30.3,47.6,31.3,16,16,4,5,Medium
KASC_2025_M18,League,Al-Ittihad,Al-Fayha,3,Normal,44524,42600,Inma Stadium (ملعب الإنماء),2,North,Home,21:25,4,23,Normal,0,0,30.3,47.6,31.3,11,19,7,2,High
KASC_2025_M18,League,Al-Ittihad,Al-Fayha,3,Normal,44524,42600,Inma Stadium (ملعب الإنماء),2,North,Home,21:30,4,23,Normal,0,0,30.3,47.6,31.3,14,17,5,3,High
KASC_2025_M18,League,Al-Ittihad,Al-Fayha,3,Normal,44524,42600,Inma Stadium (ملعب الإنماء),2,North,Home,21:35,4,23,Normal,0,0,30.3,47.6,31.3,7,5,3,2,High
KASC_2025_M18,League,Al-Ittihad,Al-Fayha,3,Normal,44524,42600,Inma Stadium (ملعب الإنماء),2,North,Home,21:40,4,23,Normal,0,0,30.3,47.6,31.3,13,0,0,5,Low
KASC_2025_M18,League,Al-Ittihad,Al-Fayha,3,Normal,44524,42600,Inma Stadium (ملعب الإنماء),2,North,Home,21:45,4,23,Normal,0,0,30.3,47.6,31.3,13,3,1,1,Medium
KASC_2025_M18,League,Al-Ittihad,Al-Fayha,3,Normal,44524,42600,Inma Stadium (ملعب الإنماء),2,North,Home,21:50,4,23,Normal,0,0,30.3,47.6,31.3,16,20,5,0,High
KASC_2025_M18,League,Al-Ittihad,Al-Fayha,3,Normal,44524,42600,Inma Stadium (ملعب الإنماء),2,North,Home,21:55,4,23,Normal,0,0,30.3,47.6,31.3,13,0,0,1,Low
KASC_2025_M18,League,Al-Ittihad,Al-Fayha,3,Normal,44524,42600,Inma Stadium (ملعب الإنماء),2,North,Home,22:00,4,23,Normal,0,0,30.3,47.6,31.3,13,0,0,2,Low
KASC_2025_M18,League,Al-Ittihad,Al-Fayha,3,Normal,44524,42600,Inma Stadium (ملعب الإنماء),2,North,Home,22:05,4,23,Normal,0,0,30.3,47.6,31.3,9,2,1,0,High
KASC_2025_M18,League,Al-Ittihad,Al-Fayha,3,Normal,44524,42600,Inma Stadium (ملعب الإنماء),2,North,Home,22:10,4,23,Normal,0,0,30.3,47.6,31.3,9,0,0,0,Medium
KASC_2025_M18,League,Al-Ittihad,Al-Fayha,3,Normal,44524,42600,Inma Stadium (ملعب الإنماء),2,North,Home,22:15,4,23,Normal,0,0,30.3,47.6,31.3,8,2,1,1,Medium
KASC_2025_M18,League,Al-Ittihad,Al-Fayha,3,Normal,44524,42600,Inma Stadium (ملعب الإنماء),2,North,Home,22:20,4,23,Normal,0,0,30.3,47.6,31.3,15,0,0,1,Low
KASC_2025_M18,League,Al-Ittihad,Al-Fayha,3,Normal,44524,42600,Inma Stadium (ملعب الإنماء),2,North,Home,22:25,4,23,Normal,0,0,30.3,47.6,31.3,9,0,0,1,Low
KASC_2025_M18,League,Al-Ittihad,Al-Fayha,3,Normal,44524,42600,Inma Stadium (ملعب الإنماء),2,North,Home,22:30,4,23,Normal,0,0,30.3,47.6,31.3,16,0,0,0,Medium
KASC_2025_M18,League,Al-Ittihad,Al-Fayha,3,Normal,44524,42600,Inma Stadium (ملعب الإنماء),2,North,Home,22:35,4,23,Normal,0,0,30.3,47.6,31.3,12,0,0,0,Medium
KASC_2025_M18,League,Al-Ittihad,Al-Fayha,3,Normal,44524,42600,Inma Stadium (ملعب الإنماء),2,North,Home,22:40,4,23,Normal,0,0,30.3,47.6,31.3,12,0,0,0,Medium
KASC_2025_M18,League,Al-Ittihad,Al-Fayha,3,Normal,44524,42600,Inma Stadium (ملعب الإنماء),2,North,Home,22:45,4,23,Normal,0,0,30.3,47.6,31.3,10,0,0,0,Medium
KASC_2025_M18,League,Al-Ittihad,Al-Fayha,3,Normal,44524,42600,Inma Stadium (ملعب الإنماء),2,North,Home,22:50,4,23,Normal,0,0,30.3,47.6,31.3,13,0,0,0,Medium
KASC_2025_M18,League,Al-Ittihad,Al-Fayha,3,Normal,44524,42600,Inma Stadium (ملعب الإنماء),2,North,Home,22:55,4,23,Normal,0,0,30.3,47.6,31.3,11,0,0,0,Medium
KASC_2025_M18,League,Al-Ittihad,Al-Fayha,3,Normal,44524,42600,Inma Stadium (ملعب الإنماء),2,North,Home,23:00,4,23,Normal,0,0,30.3,47.6,31.3,13,0,0,0,Medium
KASC_2025_M18,League,Al-Ittihad,Al-Fayha,3,Normal,44524,42600,Inma Stadium (ملعب الإنماء),2,North,Home,23:05,4,23,Normal,0,0,30.3,47.6,31.3,13,0,0,0,Medium
KASC_2025_M18,League,Al-Ittihad,Al-Fayha,3,Normal,44524,42600,Inma Stadium (ملعب الإنماء),2,North,Home,23:10,4,23,Normal,0,0,30.3,47.6,31.3,13,0,0,0,Medium
KASC_2025_M18,League,Al-Ittihad,Al-Fayha,3,Normal,44524,42600,Inma Stadium (ملعب الإنماء),2,North,Home,23:15,4,23,Normal,0,0,30.3,47.6,31.3,13,0,0,0,Medium
KASC_2025_M18,League,Al-Ittihad,Al-Fayha,3,Normal,44524,42600,Inma Stadium (ملعب الإنماء),2,North,Home,23:20,4,23,Normal,0,0,30.3,47.6,31.3,9,0,0,0,Medium
KASC_2025_M18,League,Al-Ittihad,Al-Fayha,3,Normal,44524,42600,Inma Stadium (ملعب الإنماء),2,North,Home,23:25,4,23,Normal,0,0,30.3,47.6,31.3,10,0,0,0,Medium
KASC_2025_M18,League,Al-Ittihad,Al-Fayha,3,Normal,44524,42600,Inma Stadium (ملعب الإنماء),2,North,Home,23:30,4,23,Normal,0,0,30.3,47.6,31.3,10,0,0,0,Medium
KASC_2025_M18,League,Al-Ittihad,Al-Fayha,3,Normal,44524,42600,Inma Stadium (ملعب الإنماء),2,North,Home,23:35,4,23,Normal,0,0,30.3,47.6,31.3,9,0,0,0,Medium
KASC_2025_M18,League,Al-Ittihad,Al-Fayha,3,Normal,44524,42600,Inma Stadium (ملعب الإنماء),2,North,Home,23:40,4,23,Normal,0,0,30.3,47.6,31.3,13,0,0,0,Medium
KASC_2025_M18,League,Al-Ittihad,Al-Fayha,3,Normal,44524,42600,Inma Stadium (ملعب الإنماء),2,North,Home,23:45,4,23,Normal,0,0,30.3,47.6,31.3,13,0,0,0,Medium
KASC_2025_M18,League,Al-Ittihad,Al-Fayha,3,Normal,44524,42600,Inma Stadium (ملعب الإنماء),2,North,Home,23:50,4,23,Normal,0,0,30.3,47.6,31.3,13,0,0,0,Medium
KASC_2025_M18,League,Al-Ittihad,Al-Fayha,3,Normal,44524,42600,Inma Stadium (ملعب الإنماء),2,North,Home,23:55,4,23,Normal,0,0,30.3,47.6,31.3,12,0,0,0,Medium
KASC_2025_M18,League,Al-Ittihad,Al-Fayha,3,Normal,44524,42600,Inma Stadium (ملعب الإنماء),3,East,Home,17:00,5,17,Redirecting,0,0,30.3,47.6,31.3,8,3,2,0,High
KASC_2025_M18,League,Al-Ittihad,Al-Fayha,3,Normal,44524,42600,Inma Stadium (ملعب الإنماء),3,East,Home,17:05,5,17,Redirecting,0,0,30.3,47.6,31.3,12,2,1,0,High
KASC_2025_M18,League,Al-Ittihad,Al-Fayha,3,Normal,44524,42600,Inma Stadium (ملعب الإنماء),3,East,Home,17:10,5,17,Redirecting,0,0,30.3,47.6,31.3,9,3,2,0,High
KASC_2025_M18,League,Al-Ittihad,Al-Fayha,3,Normal,44524,42600,Inma Stadium (ملعب الإنماء),3,East,Home,17:15,5,17,Redirecting,0,0,30.3,47.6,31.3,14,5,2,1,High
KASC_2025_M18,League,Al-Ittihad,Al-Fayha,3,Normal,44524,42600,Inma Stadium (ملعب الإنماء),3,East,Home,17:20,5,17,Redirecting,0,0,30.3,47.6,31.3,9,10,6,1,High
KASC_2025_M18,League,Al-Ittihad,Al-Fayha,3,Normal,44524,42600,Inma Stadium (ملعب الإنماء),3,East,Home,17:25,5,17,Redirecting,0,0,30.3,47.6,31.3,9,9,5,4,Medium
KASC_2025_M18,League,Al-Ittihad,Al-Fayha,3,Normal,44524,42600,Inma Stadium (ملعب الإنماء),3,East,Home,17:30,5,17,Redirecting,0,0,30.3,47.6,31.3,10,6,3,0,High
KASC_2025_M18,League,Al-Ittihad,Al-Fayha,3,Normal,44524,42600,Inma Stadium (ملعب الإنماء),3,East,Home,17:35,5,17,Redirecting,0,0,30.3,47.6,31.3,13,13,5,4,Medium
KASC_2025_M18,League,Al-Ittihad,Al-Fayha,3,Normal,44524,42600,Inma Stadium (ملعب الإنماء),3,East,Home,17:40,5,17,Redirecting,0,0,30.3,47.6,31.3,9,16,9,4,High
KASC_2025_M18,League,Al-Ittihad,Al-Fayha,3,Normal,44524,42600,Inma Stadium (ملعب الإنماء),3,East,Home,17:45,5,17,Redirecting,0,0,30.3,47.6,31.3,9,14,8,4,High
KASC_2025_M18,League,Al-Ittihad,Al-Fayha,3,Normal,44524,42600,Inma Stadium (ملعب الإنماء),3,East,Home,17:50,5,17,Redirecting,0,0,30.3,47.6,31.3,11,30,14,4,High
KASC_2025_M18,League,Al-Ittihad,Al-Fayha,3,Normal,44524,42600,Inma Stadium (ملعب الإنماء),3,East,Home,17:55,5,17,Redirecting,0,0,30.3,47.6,31.3,11,44,20,13,High
KASC_2025_M18,League,Al-Ittihad,Al-Fayha,3,Normal,44524,42600,Inma Stadium (ملعب الإنماء),3,East,Home,18:00,5,17,Redirecting,0,0,30.3,47.6,31.3,12,52,22,9,High
KASC_2025_M18,League,Al-Ittihad,Al-Fayha,3,Normal,44524,42600,Inma Stadium (ملعب الإنماء),3,East,Home,18:05,5,17,Redirecting,0,0,30.3,47.6,31.3,9,27,15,11,High
KASC_2025_M18,League,Al-Ittihad,Al-Fayha,3,Normal,44524,42600,Inma Stadium (ملعب الإنماء),3,East,Home,18:10,5,17,Redirecting,0,0,30.3,47.6,31.3,15,69,23,12,High
KASC_2025_M18,League,Al-Ittihad,Al-Fayha,3,Normal,44524,42600,Inma Stadium (ملعب الإنماء),3,East,Home,18:15,5,17,Redirecting,0,0,30.3,47.6,31.3,14,67,24,12,High
KASC_2025_M18,League,Al-Ittihad,Al-Fayha,3,Normal,44524,42600,Inma Stadium (ملعب الإنماء),3,East,Home,18:20,5,17,Redirecting,0,0,30.3,47.6,31.3,14,61,22,17,Medium
KASC_2025_M18,League,Al-Ittihad,Al-Fayha,3,Normal,44524,42600,Inma Stadium (ملعب الإنماء),3,East,Home,18:25,5,17,Redirecting,0,0,30.3,47.6,31.3,16,102,32,19,High
KASC_2025_M18,League,Al-Ittihad,Al-Fayha,3,Normal,44524,42600,Inma Stadium (ملعب الإنماء),3,East,Home,18:30,5,17,Redirecting,0,0,30.3,47.6,31.3,11,81,37,17,High
KASC_2025_M18,League,Al-Ittihad,Al-Fayha,3,Normal,44524,42600,Inma Stadium (ملعب الإنماء),3,East,Home,18:35,5,17,Redirecting,0,0,30.3,47.6,31.3,10,98,49,18,High
KASC_2025_M18,League,Al-Ittihad,Al-Fayha,3,Normal,44524,42600,Inma Stadium (ملعب الإنماء),3,East,Home,18:40,5,17,Redirecting,0,0,30.3,47.6,31.3,12,105,44,22,High
KASC_2025_M18,League,Al-Ittihad,Al-Fayha,3,Normal,44524,42600,Inma Stadium (ملعب الإنماء),3,East,Home,18:45,5,17,Redirecting,0,0,30.3,47.6,31.3,14,109,39,17,High
KASC_2025_M18,League,Al-Ittihad,Al-Fayha,3,Normal,44524,42600,Inma Stadium (ملعب الإنماء),3,East,Home,18:50,5,17,Redirecting,0,0,30.3,47.6,31.3,10,78,39,14,High
KASC_2025_M18,League,Al-Ittihad,Al-Fayha,3,Normal,44524,42600,Inma Stadium (ملعب الإنماء),3,East,Home,18:55,5,17,Redirecting,0,0,30.3,47.6,31.3,12,129,54,29,High
KASC_2025_M18,League,Al-Ittihad,Al-Fayha,3,Normal,44524,42600,Inma Stadium (ملعب الإنماء),3,East,Home,19:00,5,17,Redirecting,0,0,30.3,47.6,31.3,10,120,60,18,High
KASC_2025_M18,League,Al-Ittihad,Al-Fayha,3,Normal,44524,42600,Inma Stadium (ملعب الإنماء),3,East,Home,19:05,5,17,Redirecting,0,0,30.3,47.6,31.3,13,161,62,26,High
KASC_2025_M18,League,Al-Ittihad,Al-Fayha,3,Normal,44524,42600,Inma Stadium (ملعب الإنماء),3,East,Home,19:10,5,17,Redirecting,0,0,30.3,47.6,31.3,12,141,59,36,High
KASC_2025_M18,League,Al-Ittihad,Al-Fayha,3,Normal,44524,42600,Inma Stadium (ملعب الإنماء),3,East,Home,19:15,5,17,Redirecting,0,0,30.3,47.6,31.3,9,135,75,33,High
KASC_2025_M18,League,Al-Ittihad,Al-Fayha,3,Normal,44524,42600,Inma Stadium (ملعب الإنماء),3,East,Home,19:20,5,17,Redirecting,0,0,30.3,47.6,31.3,13,187,72,33,High
KASC_2025_M18,League,Al-Ittihad,Al-Fayha,3,Normal,44524,42600,Inma Stadium (ملعب الإنماء),3,East,Home,19:25,5,17,Redirecting,0,0,30.3,47.6,31.3,10,126,63,27,High
KASC_2025_M18,League,Al-Ittihad,Al-Fayha,3,Normal,44524,42600,Inma Stadium (ملعب الإنماء),3,East,Home,19:30,5,17,Redirecting,0,0,30.3,47.6,31.3,10,162,81,31,High
KASC_2025_M18,League,Al-Ittihad,Al-Fayha,3,Normal,44524,42600,Inma Stadium (ملعب الإنماء),3,East,Home,19:35,5,17,Redirecting,0,0,30.3,47.6,31.3,10,136,68,28,High
KASC_2025_M18,League,Al-Ittihad,Al-Fayha,3,Normal,44524,42600,Inma Stadium (ملعب الإنماء),3,East,Home,19:40,5,17,Redirecting,0,0,30.3,47.6,31.3,6,87,73,25,High
KASC_2025_M18,League,Al-Ittihad,Al-Fayha,3,Normal,44524,42600,Inma Stadium (ملعب الإنماء),3,East,Home,19:45,5,17,Redirecting,0,0,30.3,47.6,31.3,9,111,62,33,High
KASC_2025_M18,League,Al-Ittihad,Al-Fayha,3,Normal,44524,42600,Inma Stadium (ملعب الإنماء),3,East,Home,19:50,5,17,Redirecting,0,0,30.3,47.6,31.3,15,162,54,25,High
KASC_2025_M18,League,Al-Ittihad,Al-Fayha,3,Normal,44524,42600,Inma Stadium (ملعب الإنماء),3,East,Home,19:55,5,17,Redirecting,0,0,30.3,47.6,31.3,15,198,66,25,High
KASC_2025_M18,League,Al-Ittihad,Al-Fayha,3,Normal,44524,42600,Inma Stadium (ملعب الإنماء),3,East,Home,20:00,5,17,Redirecting,0,0,30.3,47.6,31.3,13,150,58,32,High
KASC_2025_M18,League,Al-Ittihad,Al-Fayha,3,Normal,44524,42600,Inma Stadium (ملعب الإنماء),3,East,Home,20:05,5,17,Redirecting,0,0,30.3,47.6,31.3,13,122,47,21,High
KASC_2025_M18,League,Al-Ittihad,Al-Fayha,3,Normal,44524,42600,Inma Stadium (ملعب الإنماء),3,East,Home,20:10,5,17,Redirecting,0,0,30.3,47.6,31.3,15,159,53,28,High
KASC_2025_M18,League,Al-Ittihad,Al-Fayha,3,Normal,44524,42600,Inma Stadium (ملعب الإنماء),3,East,Home,20:15,5,17,Redirecting,0,0,30.3,47.6,31.3,9,81,45,14,High
KASC_2025_M18,League,Al-Ittihad,Al-Fayha,3,Normal,44524,42600,Inma Stadium (ملعب الإنماء),3,East,Home,20:20,5,17,Redirecting,0,0,30.3,47.6,31.3,15,165,55,30,High
KASC_2025_M18,League,Al-Ittihad,Al-Fayha,3,Normal,44524,42600,Inma Stadium (ملعب الإنماء),3,East,Home,20:25,5,17,Redirecting,0,0,30.3,47.6,31.3,12,108,45,25,High
KASC_2025_M18,League,Al-Ittihad,Al-Fayha,3,Normal,44524,42600,Inma Stadium (ملعب الإنماء),3,East,Home,20:30,5,17,Redirecting,0,0,30.3,47.6,31.3,12,93,39,16,High
KASC_2025_M18,League,Al-Ittihad,Al-Fayha,3,Normal,44524,42600,Inma Stadium (ملعب الإنماء),3,East,Home,20:35,5,17,Redirecting,0,0,30.3,47.6,31.3,11,66,30,20,High
KASC_2025_M18,League,Al-Ittihad,Al-Fayha,3,Normal,44524,42600,Inma Stadium (ملعب الإنماء),3,East,Home,20:40,5,17,Redirecting,0,0,30.3,47.6,31.3,13,88,34,14,High
KASC_2025_M18,League,Al-Ittihad,Al-Fayha,3,Normal,44524,42600,Inma Stadium (ملعب الإنماء),3,East,Home,20:45,5,17,Redirecting,0,0,30.3,47.6,31.3,8,38,24,17,High
KASC_2025_M18,League,Al-Ittihad,Al-Fayha,3,Normal,44524,42600,Inma Stadium (ملعب الإنماء),3,East,Home,20:50,5,17,Redirecting,0,0,30.3,47.6,31.3,8,38,24,12,High
KASC_2025_M18,League,Al-Ittihad,Al-Fayha,3,Normal,44524,42600,Inma Stadium (ملعب الإنماء),3,East,Home,20:55,5,17,Redirecting,0,0,30.3,47.6,31.3,10,32,16,13,Medium
KASC_2025_M18,League,Al-Ittihad,Al-Fayha,3,Normal,44524,42600,Inma Stadium (ملعب الإنماء),3,East,Home,21:00,5,17,Redirecting,0,0,30.3,47.6,31.3,14,42,15,8,High
KASC_2025_M18,League,Al-Ittihad,Al-Fayha,3,Normal,44524,42600,Inma Stadium (ملعب الإنماء),3,East,Home,21:05,5,17,Redirecting,0,0,30.3,47.6,31.3,13,39,15,3,High
KASC_2025_M18,League,Al-Ittihad,Al-Fayha,3,Normal,44524,42600,Inma Stadium (ملعب الإنماء),3,East,Home,21:10,5,17,Redirecting,0,0,30.3,47.6,31.3,14,14,5,7,Medium
KASC_2025_M18,League,Al-Ittihad,Al-Fayha,3,Normal,44524,42600,Inma Stadium (ملعب الإنماء),3,East,Home,21:15,5,17,Redirecting,0,0,30.3,47.6,31.3,13,39,15,6,High
KASC_2025_M18,League,Al-Ittihad,Al-Fayha,3,Normal,44524,42600,Inma Stadium (ملعب الإنماء),3,East,Home,21:20,5,17,Redirecting,0,0,30.3,47.6,31.3,16,25,8,8,Medium
KASC_2025_M18,League,Al-Ittihad,Al-Fayha,3,Normal,44524,42600,Inma Stadium (ملعب الإنماء),3,East,Home,21:25,5,17,Redirecting,0,0,30.3,47.6,31.3,6,9,8,5,High
KASC_2025_M18,League,Al-Ittihad,Al-Fayha,3,Normal,44524,42600,Inma Stadium (ملعب الإنماء),3,East,Home,21:30,5,17,Redirecting,0,0,30.3,47.6,31.3,8,14,9,6,High
KASC_2025_M18,League,Al-Ittihad,Al-Fayha,3,Normal,44524,42600,Inma Stadium (ملعب الإنماء),3,East,Home,21:35,5,17,Redirecting,0,0,30.3,47.6,31.3,14,14,5,2,High
KASC_2025_M18,League,Al-Ittihad,Al-Fayha,3,Normal,44524,42600,Inma Stadium (ملعب الإنماء),3,East,Home,21:40,5,17,Redirecting,0,0,30.3,47.6,31.3,11,6,3,1,High
KASC_2025_M18,League,Al-Ittihad,Al-Fayha,3,Normal,44524,42600,Inma Stadium (ملعب الإنماء),3,East,Home,21:45,5,17,Redirecting,0,0,30.3,47.6,31.3,8,1,1,3,Low
KASC_2025_M18,League,Al-Ittihad,Al-Fayha,3,Normal,44524,42600,Inma Stadium (ملعب الإنماء),3,East,Home,21:50,5,17,Redirecting,0,0,30.3,47.6,31.3,15,3,1,2,Medium
KASC_2025_M18,League,Al-Ittihad,Al-Fayha,3,Normal,44524,42600,Inma Stadium (ملعب الإنماء),3,East,Home,21:55,5,17,Redirecting,0,0,30.3,47.6,31.3,9,5,3,1,High
KASC_2025_M18,League,Al-Ittihad,Al-Fayha,3,Normal,44524,42600,Inma Stadium (ملعب الإنماء),3,East,Home,22:00,5,17,Redirecting,0,0,30.3,47.6,31.3,16,6,2,0,High
KASC_2025_M18,League,Al-Ittihad,Al-Fayha,3,Normal,44524,42600,Inma Stadium (ملعب الإنماء),3,East,Home,22:05,5,17,Redirecting,0,0,30.3,47.6,31.3,16,9,3,0,High
KASC_2025_M18,League,Al-Ittihad,Al-Fayha,3,Normal,44524,42600,Inma Stadium (ملعب الإنماء),3,East,Home,22:10,5,17,Redirecting,0,0,30.3,47.6,31.3,8,0,0,1,Low
KASC_2025_M18,League,Al-Ittihad,Al-Fayha,3,Normal,44524,42600,Inma Stadium (ملعب الإنماء),3,East,Home,22:15,5,17,Redirecting,0,0,30.3,47.6,31.3,7,0,0,0,Medium
KASC_2025_M18,League,Al-Ittihad,Al-Fayha,3,Normal,44524,42600,Inma Stadium (ملعب الإنماء),3,East,Home,22:20,5,17,Redirecting,0,0,30.3,47.6,31.3,11,0,0,0,Medium
KASC_2025_M18,League,Al-Ittihad,Al-Fayha,3,Normal,44524,42600,Inma Stadium (ملعب الإنماء),3,East,Home,22:25,5,17,Redirecting,0,0,30.3,47.6,31.3,8,0,0,0,Medium
KASC_2025_M18,League,Al-Ittihad,Al-Fayha,3,Normal,44524,42600,Inma Stadium (ملعب الإنماء),3,East,Home,22:30,5,17,Redirecting,0,0,30.3,47.6,31.3,14,0,0,0,Medium
KASC_2025_M18,League,Al-Ittihad,Al-Fayha,3,Normal,44524,42600,Inma Stadium (ملعب الإنماء),3,East,Home,22:35,5,17,Redirecting,0,0,30.3,47.6,31.3,9,0,0,0,Medium
KASC_2025_M18,League,Al-Ittihad,Al-Fayha,3,Normal,44524,42600,Inma Stadium (ملعب الإنماء),3,East,Home,22:40,5,17,Redirecting,0,0,30.3,47.6,31.3,14,0,0,0,Medium
KASC_2025_M18,League,Al-Ittihad,Al-Fayha,3,Normal,44524,42600,Inma Stadium (ملعب الإنماء),3,East,Home,22:45,5,17,Redirecting,0,0,30.3,47.6,31.3,9,0,0,0,Medium
KASC_2025_M18,League,Al-Ittihad,Al-Fayha,3,Normal,44524,42600,Inma Stadium (ملعب الإنماء),3,East,Home,22:50,5,17,Redirecting,0,0,30.3,47.6,31.3,15,0,0,0,Medium
KASC_2025_M18,League,Al-Ittihad,Al-Fayha,3,Normal,44524,42600,Inma Stadium (ملعب الإنماء),3,East,Home,22:55,5,17,Redirecting,0,0,30.3,47.6,31.3,12,0,0,0,Medium
KASC_2025_M18,League,Al-Ittihad,Al-Fayha,3,Normal,44524,42600,Inma Stadium (ملعب الإنماء),3,East,Home,23:00,5,17,Redirecting,0,0,30.3,47.6,31.3,12,0,0,0,Medium
KASC_2025_M18,League,Al-Ittihad,Al-Fayha,3,Normal,44524,42600,Inma Stadium (ملعب الإنماء),3,East,Home,23:05,5,17,Redirecting,0,0,30.3,47.6,31.3,12,0,0,0,Medium
KASC_2025_M18,League,Al-Ittihad,Al-Fayha,3,Normal,44524,42600,Inma Stadium (ملعب الإنماء),3,East,Home,23:10,5,17,Redirecting,0,0,30.3,47.6,31.3,12,0,0,0,Medium
KASC_2025_M18,League,Al-Ittihad,Al-Fayha,3,Normal,44524,42600,Inma Stadium (ملعب الإنماء),3,East,Home,23:15,5,17,Redirecting,0,0,30.3,47.6,31.3,13,0,0,0,Medium
KASC_2025_M18,League,Al-Ittihad,Al-Fayha,3,Normal,44524,42600,Inma Stadium (ملعب الإنماء),3,East,Home,23:20,5,17,Redirecting,0,0,30.3,47.6,31.3,12,0,0,0,Medium
KASC_2025_M18,League,Al-Ittihad,Al-Fayha,3,Normal,44524,42600,Inma Stadium (ملعب الإنماء),3,East,Home,23:25,5,17,Redirecting,0,0,30.3,47.6,31.3,14,0,0,0,Medium
KASC_2025_M18,League,Al-Ittihad,Al-Fayha,3,Normal,44524,42600,Inma Stadium (ملعب الإنماء),3,East,Home,23:30,5,17,Redirecting,0,0,30.3,47.6,31.3,12,0,0,0,Medium
KASC_2025_M18,League,Al-Ittihad,Al-Fayha,3,Normal,44524,42600,Inma Stadium (ملعب الإنماء),3,East,Home,23:35,5,17,Redirecting,0,0,30.3,47.6,31.3,15,0,0,0,Medium
KASC_2025_M18,League,Al-Ittihad,Al-Fayha,3,Normal,44524,42600,Inma Stadium (ملعب الإنماء),3,East,Home,23:40,5,17,Redirecting,0,0,30.3,47.6,31.3,12,0,0,0,Medium
KASC_2025_M18,League,Al-Ittihad,Al-Fayha,3,Normal,44524,42600,Inma Stadium (ملعب الإنماء),3,East,Home,23:45,5,17,Redirecting,0,0,30.3,47.6,31.3,17,0,0,0,Medium
KASC_2025_M18,League,Al-Ittihad,Al-Fayha,3,Normal,44524,42600,Inma Stadium (ملعب الإنماء),3,East,Home,23:50,5,17,Redirecting,0,0,30.3,47.6,31.3,9,0,0,0,Medium
KASC_2025_M18,League,Al-Ittihad,Al-Fayha,3,Normal,44524,42600,Inma Stadium (ملعب الإنماء),3,East,Home,23:55,5,17,Redirecting,0,0,30.3,47.6,31.3,15,0,0,0,Medium
KASC_2025_M18,League,Al-Ittihad,Al-Fayha,3,Normal,44524,42600,Inma Stadium (ملعب الإنماء),4,East,Home,17:00,6,19,Normal,0,0,30.3,47.6,31.3,11,5,3,1,High
KASC_2025_M18,League,Al-Ittihad,Al-Fayha,3,Normal,44524,42600,Inma Stadium (ملعب الإنماء),4,East,Home,17:05,6,19,Normal,0,0,30.3,47.6,31.3,7,0,0,1,Low
KASC_2025_M18,League,Al-Ittihad,Al-Fayha,3,Normal,44524,42600,Inma Stadium (ملعب الإنماء),4,East,Home,17:10,6,19,Normal,0,0,30.3,47.6,31.3,16,8,3,3,Medium
KASC_2025_M18,League,Al-Ittihad,Al-Fayha,3,Normal,44524,42600,Inma Stadium (ملعب الإنماء),4,East,Home,17:15,6,19,Normal,0,0,30.3,47.6,31.3,8,2,2,2,Medium
KASC_2025_M18,League,Al-Ittihad,Al-Fayha,3,Normal,44524,42600,Inma Stadium (ملعب الإنماء),4,East,Home,17:20,6,19,Normal,0,0,30.3,47.6,31.3,12,8,4,1,High
KASC_2025_M18,League,Al-Ittihad,Al-Fayha,3,Normal,44524,42600,Inma Stadium (ملعب الإنماء),4,East,Home,17:25,6,19,Normal,0,0,30.3,47.6,31.3,12,8,4,3,Medium
KASC_2025_M18,League,Al-Ittihad,Al-Fayha,3,Normal,44524,42600,Inma Stadium (ملعب الإنماء),4,East,Home,17:30,6,19,Normal,0,0,30.3,47.6,31.3,6,10,10,3,High
KASC_2025_M18,League,Al-Ittihad,Al-Fayha,3,Normal,44524,42600,Inma Stadium (ملعب الإنماء),4,East,Home,17:35,6,19,Normal,0,0,30.3,47.6,31.3,6,9,9,3,High
KASC_2025_M18,League,Al-Ittihad,Al-Fayha,3,Normal,44524,42600,Inma Stadium (ملعب الإنماء),4,East,Home,17:40,6,19,Normal,0,0,30.3,47.6,31.3,17,25,9,6,Medium
KASC_2025_M18,League,Al-Ittihad,Al-Fayha,3,Normal,44524,42600,Inma Stadium (ملعب الإنماء),4,East,Home,17:45,6,19,Normal,0,0,30.3,47.6,31.3,12,20,10,3,High
KASC_2025_M18,League,Al-Ittihad,Al-Fayha,3,Normal,44524,42600,Inma Stadium (ملعب الإنماء),4,East,Home,17:50,6,19,Normal,0,0,30.3,47.6,31.3,10,20,12,6,High
KASC_2025_M18,League,Al-Ittihad,Al-Fayha,3,Normal,44524,42600,Inma Stadium (ملعب الإنماء),4,East,Home,17:55,6,19,Normal,0,0,30.3,47.6,31.3,14,53,23,8,High
KASC_2025_M18,League,Al-Ittihad,Al-Fayha,3,Normal,44524,42600,Inma Stadium (ملعب الإنماء),4,East,Home,18:00,6,19,Normal,0,0,30.3,47.6,31.3,14,46,20,8,High
KASC_2025_M18,League,Al-Ittihad,Al-Fayha,3,Normal,44524,42600,Inma Stadium (ملعب الإنماء),4,East,Home,18:05,6,19,Normal,0,0,30.3,47.6,31.3,15,85,34,9,High
KASC_2025_M18,League,Al-Ittihad,Al-Fayha,3,Normal,44524,42600,Inma Stadium (ملعب الإنماء),4,East,Home,18:10,6,19,Normal,0,0,30.3,47.6,31.3,11,51,28,10,High
KASC_2025_M18,League,Al-Ittihad,Al-Fayha,3,Normal,44524,42600,Inma Stadium (ملعب الإنماء),4,East,Home,18:15,6,19,Normal,0,0,30.3,47.6,31.3,13,91,42,12,High
KASC_2025_M18,League,Al-Ittihad,Al-Fayha,3,Normal,44524,42600,Inma Stadium (ملعب الإنماء),4,East,Home,18:20,6,19,Normal,0,0,30.3,47.6,31.3,8,54,41,16,High
KASC_2025_M18,League,Al-Ittihad,Al-Fayha,3,Normal,44524,42600,Inma Stadium (ملعب الإنماء),4,East,Home,18:25,6,19,Normal,0,0,30.3,47.6,31.3,14,112,48,14,High
KASC_2025_M18,League,Al-Ittihad,Al-Fayha,3,Normal,44524,42600,Inma Stadium (ملعب الإنماء),4,East,Home,18:30,6,19,Normal,0,0,30.3,47.6,31.3,6,62,62,19,High
KASC_2025_M18,League,Al-Ittihad,Al-Fayha,3,Normal,44524,42600,Inma Stadium (ملعب الإنماء),4,East,Home,18:35,6,19,Normal,0,0,30.3,47.6,31.3,17,153,54,19,High
KASC_2025_M18,League,Al-Ittihad,Al-Fayha,3,Normal,44524,42600,Inma Stadium (ملعب الإنماء),4,East,Home,18:40,6,19,Normal,0,0,30.3,47.6,31.3,12,116,58,14,High
KASC_2025_M18,League,Al-Ittihad,Al-Fayha,3,Normal,44524,42600,Inma Stadium (ملعب الإنماء),4,East,Home,18:45,6,19,Normal,0,0,30.3,47.6,31.3,14,193,83,34,High
KASC_2025_M18,League,Al-Ittihad,Al-Fayha,3,Normal,44524,42600,Inma Stadium (ملعب الإنماء),4,East,Home,18:50,6,19,Normal,0,0,30.3,47.6,31.3,11,137,75,24,High
KASC_2025_M18,League,Al-Ittihad,Al-Fayha,3,Normal,44524,42600,Inma Stadium (ملعب الإنماء),4,East,Home,18:55,6,19,Normal,0,0,30.3,47.6,31.3,13,169,78,22,High
KASC_2025_M18,League,Al-Ittihad,Al-Fayha,3,Normal,44524,42600,Inma Stadium (ملعب الإنماء),4,East,Home,19:00,6,19,Normal,0,0,30.3,47.6,31.3,7,87,75,23,High
KASC_2025_M18,League,Al-Ittihad,Al-Fayha,3,Normal,44524,42600,Inma Stadium (ملعب الإنماء),4,East,Home,19:05,6,19,Normal,0,0,30.3,47.6,31.3,14,184,79,23,High
KASC_2025_M18,League,Al-Ittihad,Al-Fayha,3,Normal,44524,42600,Inma Stadium (ملعب الإنماء),4,East,Home,19:10,6,19,Normal,0,0,30.3,47.6,31.3,15,212,85,28,High
KASC_2025_M18,League,Al-Ittihad,Al-Fayha,3,Normal,44524,42600,Inma Stadium (ملعب الإنماء),4,East,Home,19:15,6,19,Normal,0,0,30.3,47.6,31.3,9,109,73,27,High
KASC_2025_M18,League,Al-Ittihad,Al-Fayha,3,Normal,44524,42600,Inma Stadium (ملعب الإنماء),4,East,Home,19:20,6,19,Normal,0,0,30.3,47.6,31.3,7,100,86,38,High
KASC_2025_M18,League,Al-Ittihad,Al-Fayha,3,Normal,44524,42600,Inma Stadium (ملعب الإنماء),4,East,Home,19:25,6,19,Normal,0,0,30.3,47.6,31.3,13,175,81,24,High
KASC_2025_M18,League,Al-Ittihad,Al-Fayha,3,Normal,44524,42600,Inma Stadium (ملعب الإنماء),4,East,Home,19:30,6,19,Normal,0,0,30.3,47.6,31.3,13,208,96,42,High
KASC_2025_M18,League,Al-Ittihad,Al-Fayha,3,Normal,44524,42600,Inma Stadium (ملعب الإنماء),4,East,Home,19:35,6,19,Normal,0,0,30.3,47.6,31.3,11,172,94,44,High
KASC_2025_M18,League,Al-Ittihad,Al-Fayha,3,Normal,44524,42600,Inma Stadium (ملعب الإنماء),4,East,Home,19:40,6,19,Normal,0,0,30.3,47.6,31.3,8,100,75,32,High
KASC_2025_M18,League,Al-Ittihad,Al-Fayha,3,Normal,44524,42600,Inma Stadium (ملعب الإنماء),4,East,Home,19:45,6,19,Normal,0,0,30.3,47.6,31.3,15,197,79,27,High
KASC_2025_M18,League,Al-Ittihad,Al-Fayha,3,Normal,44524,42600,Inma Stadium (ملعب الإنماء),4,East,Home,19:50,6,19,Normal,0,0,30.3,47.6,31.3,12,158,79,26,High
KASC_2025_M18,League,Al-Ittihad,Al-Fayha,3,Normal,44524,42600,Inma Stadium (ملعب الإنماء),4,East,Home,19:55,6,19,Normal,0,0,30.3,47.6,31.3,15,237,95,24,High
KASC_2025_M18,League,Al-Ittihad,Al-Fayha,3,Normal,44524,42600,Inma Stadium (ملعب الإنماء),4,East,Home,20:00,6,19,Normal,0,0,30.3,47.6,31.3,11,97,53,23,High
KASC_2025_M18,League,Al-Ittihad,Al-Fayha,3,Normal,44524,42600,Inma Stadium (ملعب الإنماء),4,East,Home,20:05,6,19,Normal,0,0,30.3,47.6,31.3,8,78,59,27,High
KASC_2025_M18,League,Al-Ittihad,Al-Fayha,3,Normal,44524,42600,Inma Stadium (ملعب الإنماء),4,East,Home,20:10,6,19,Normal,0,0,30.3,47.6,31.3,16,194,73,26,High
KASC_2025_M18,League,Al-Ittihad,Al-Fayha,3,Normal,44524,42600,Inma Stadium (ملعب الإنماء),4,East,Home,20:15,6,19,Normal,0,0,30.3,47.6,31.3,17,204,72,31,High
KASC_2025_M18,League,Al-Ittihad,Al-Fayha,3,Normal,44524,42600,Inma Stadium (ملعب الإنماء),4,East,Home,20:20,6,19,Normal,0,0,30.3,47.6,31.3,12,138,69,21,High
KASC_2025_M18,League,Al-Ittihad,Al-Fayha,3,Normal,44524,42600,Inma Stadium (ملعب الإنماء),4,East,Home,20:25,6,19,Normal,0,0,30.3,47.6,31.3,11,115,63,18,High
KASC_2025_M18,League,Al-Ittihad,Al-Fayha,3,Normal,44524,42600,Inma Stadium (ملعب الإنماء),4,East,Home,20:30,6,19,Normal,0,0,30.3,47.6,31.3,10,106,64,20,High
KASC_2025_M18,League,Al-Ittihad,Al-Fayha,3,Normal,44524,42600,Inma Stadium (ملعب الإنماء),4,East,Home,20:35,6,19,Normal,0,0,30.3,47.6,31.3,13,123,57,25,High
KASC_2025_M18,League,Al-Ittihad,Al-Fayha,3,Normal,44524,42600,Inma Stadium (ملعب الإنماء),4,East,Home,20:40,6,19,Normal,0,0,30.3,47.6,31.3,7,42,36,15,High
KASC_2025_M18,League,Al-Ittihad,Al-Fayha,3,Normal,44524,42600,Inma Stadium (ملعب الإنماء),4,East,Home,20:45,6,19,Normal,0,0,30.3,47.6,31.3,12,62,31,8,High
KASC_2025_M18,League,Al-Ittihad,Al-Fayha,3,Normal,44524,42600,Inma Stadium (ملعب الإنماء),4,East,Home,20:50,6,19,Normal,0,0,30.3,47.6,31.3,9,39,26,8,High
KASC_2025_M18,League,Al-Ittihad,Al-Fayha,3,Normal,44524,42600,Inma Stadium (ملعب الإنماء),4,East,Home,20:55,6,19,Normal,0,0,30.3,47.6,31.3,10,46,28,12,High
KASC_2025_M18,League,Al-Ittihad,Al-Fayha,3,Normal,44524,42600,Inma Stadium (ملعب الإنماء),4,East,Home,21:00,6,19,Normal,0,0,30.3,47.6,31.3,6,24,24,6,High
KASC_2025_M18,League,Al-Ittihad,Al-Fayha,3,Normal,44524,42600,Inma Stadium (ملعب الإنماء),4,East,Home,21:05,6,19,Normal,0,0,30.3,47.6,31.3,8,24,18,7,High
KASC_2025_M18,League,Al-Ittihad,Al-Fayha,3,Normal,44524,42600,Inma Stadium (ملعب الإنماء),4,East,Home,21:10,6,19,Normal,0,0,30.3,47.6,31.3,13,30,14,9,Medium
KASC_2025_M18,League,Al-Ittihad,Al-Fayha,3,Normal,44524,42600,Inma Stadium (ملعب الإنماء),4,East,Home,21:15,6,19,Normal,0,0,30.3,47.6,31.3,11,31,17,8,High
KASC_2025_M18,League,Al-Ittihad,Al-Fayha,3,Normal,44524,42600,Inma Stadium (ملعب الإنماء),4,East,Home,21:20,6,19,Normal,0,0,30.3,47.6,31.3,11,20,11,2,High
KASC_2025_M18,League,Al-Ittihad,Al-Fayha,3,Normal,44524,42600,Inma Stadium (ملعب الإنماء),4,East,Home,21:25,6,19,Normal,0,0,30.3,47.6,31.3,15,15,6,2,High
KASC_2025_M18,League,Al-Ittihad,Al-Fayha,3,Normal,44524,42600,Inma Stadium (ملعب الإنماء),4,East,Home,21:30,6,19,Normal,0,0,30.3,47.6,31.3,9,4,3,8,Low
KASC_2025_M18,League,Al-Ittihad,Al-Fayha,3,Normal,44524,42600,Inma Stadium (ملعب الإنماء),4,East,Home,21:35,6,19,Normal,0,0,30.3,47.6,31.3,12,16,8,3,High
KASC_2025_M18,League,Al-Ittihad,Al-Fayha,3,Normal,44524,42600,Inma Stadium (ملعب الإنماء),4,East,Home,21:40,6,19,Normal,0,0,30.3,47.6,31.3,14,16,7,1,High
KASC_2025_M18,League,Al-Ittihad,Al-Fayha,3,Normal,44524,42600,Inma Stadium (ملعب الإنماء),4,East,Home,21:45,6,19,Normal,0,0,30.3,47.6,31.3,11,1,1,0,High
KASC_2025_M18,League,Al-Ittihad,Al-Fayha,3,Normal,44524,42600,Inma Stadium (ملعب الإنماء),4,East,Home,21:50,6,19,Normal,0,0,30.3,47.6,31.3,17,8,3,2,Medium
KASC_2025_M18,League,Al-Ittihad,Al-Fayha,3,Normal,44524,42600,Inma Stadium (ملعب الإنماء),4,East,Home,21:55,6,19,Normal,0,0,30.3,47.6,31.3,11,5,3,2,Medium
KASC_2025_M18,League,Al-Ittihad,Al-Fayha,3,Normal,44524,42600,Inma Stadium (ملعب الإنماء),4,East,Home,22:00,6,19,Normal,0,0,30.3,47.6,31.3,14,7,3,0,High
KASC_2025_M18,League,Al-Ittihad,Al-Fayha,3,Normal,44524,42600,Inma Stadium (ملعب الإنماء),4,East,Home,22:05,6,19,Normal,0,0,30.3,47.6,31.3,16,8,3,1,High
KASC_2025_M18,League,Al-Ittihad,Al-Fayha,3,Normal,44524,42600,Inma Stadium (ملعب الإنماء),4,East,Home,22:10,6,19,Normal,0,0,30.3,47.6,31.3,13,6,3,1,High
KASC_2025_M18,League,Al-Ittihad,Al-Fayha,3,Normal,44524,42600,Inma Stadium (ملعب الإنماء),4,East,Home,22:15,6,19,Normal,0,0,30.3,47.6,31.3,15,0,0,0,Medium
KASC_2025_M18,League,Al-Ittihad,Al-Fayha,3,Normal,44524,42600,Inma Stadium (ملعب الإنماء),4,East,Home,22:20,6,19,Normal,0,0,30.3,47.6,31.3,14,2,1,0,High
KASC_2025_M18,League,Al-Ittihad,Al-Fayha,3,Normal,44524,42600,Inma Stadium (ملعب الإنماء),4,East,Home,22:25,6,19,Normal,0,0,30.3,47.6,31.3,8,1,1,0,High
KASC_2025_M18,League,Al-Ittihad,Al-Fayha,3,Normal,44524,42600,Inma Stadium (ملعب الإنماء),4,East,Home,22:30,6,19,Normal,0,0,30.3,47.6,31.3,10,0,0,1,Low
KASC_2025_M18,League,Al-Ittihad,Al-Fayha,3,Normal,44524,42600,Inma Stadium (ملعب الإنماء),4,East,Home,22:35,6,19,Normal,0,0,30.3,47.6,31.3,14,0,0,0,Medium
KASC_2025_M18,League,Al-Ittihad,Al-Fayha,3,Normal,44524,42600,Inma Stadium (ملعب الإنماء),4,East,Home,22:40,6,19,Normal,0,0,30.3,47.6,31.3,12,0,0,0,Medium
KASC_2025_M18,League,Al-Ittihad,Al-Fayha,3,Normal,44524,42600,Inma Stadium (ملعب الإنماء),4,East,Home,22:45,6,19,Normal,0,0,30.3,47.6,31.3,11,0,0,0,Medium
KASC_2025_M18,League,Al-Ittihad,Al-Fayha,3,Normal,44524,42600,Inma Stadium (ملعب الإنماء),4,East,Home,22:50,6,19,Normal,0,0,30.3,47.6,31.3,10,0,0,0,Medium
KASC_2025_M18,League,Al-Ittihad,Al-Fayha,3,Normal,44524,42600,Inma Stadium (ملعب الإنماء),4,East,Home,22:55,6,19,Normal,0,0,30.3,47.6,31.3,14,2,1,0,High
KASC_2025_M18,League,Al-Ittihad,Al-Fayha,3,Normal,44524,42600,Inma Stadium (ملعب الإنماء),4,East,Home,23:00,6,19,Normal,0,0,30.3,47.6,31.3,13,0,0,0,Medium
KASC_2025_M18,League,Al-Ittihad,Al-Fayha,3,Normal,44524,42600,Inma Stadium (ملعب الإنماء),4,East,Home,23:05,6,19,Normal,0,0,30.3,47.6,31.3,13,0,0,0,Medium
KASC_2025_M18,League,Al-Ittihad,Al-Fayha,3,Normal,44524,42600,Inma Stadium (ملعب الإنماء),4,East,Home,23:10,6,19,Normal,0,0,30.3,47.6,31.3,14,0,0,0,Medium
KASC_2025_M18,League,Al-Ittihad,Al-Fayha,3,Normal,44524,42600,Inma Stadium (ملعب الإنماء),4,East,Home,23:15,6,19,Normal,0,0,30.3,47.6,31.3,19,0,0,0,Medium
KASC_2025_M18,League,Al-Ittihad,Al-Fayha,3,Normal,44524,42600,Inma Stadium (ملعب الإنماء),4,East,Home,23:20,6,19,Normal,0,0,30.3,47.6,31.3,9,0,0,0,Medium
KASC_2025_M18,League,Al-Ittihad,Al-Fayha,3,Normal,44524,42600,Inma Stadium (ملعب الإنماء),4,East,Home,23:25,6,19,Normal,0,0,30.3,47.6,31.3,10,0,0,0,Medium
KASC_2025_M18,League,Al-Ittihad,Al-Fayha,3,Normal,44524,42600,Inma Stadium (ملعب الإنماء),4,East,Home,23:30,6,19,Normal,0,0,30.3,47.6,31.3,8,0,0,0,Medium
KASC_2025_M18,League,Al-Ittihad,Al-Fayha,3,Normal,44524,42600,Inma Stadium (ملعب الإنماء),4,East,Home,23:35,6,19,Normal,0,0,30.3,47.6,31.3,14,0,0,0,Medium
KASC_2025_M18,League,Al-Ittihad,Al-Fayha,3,Normal,44524,42600,Inma Stadium (ملعب الإنماء),4,East,Home,23:40,6,19,Normal,0,0,30.3,47.6,31.3,10,0,0,0,Medium
KASC_2025_M18,League,Al-Ittihad,Al-Fayha,3,Normal,44524,42600,Inma Stadium (ملعب الإنماء),4,East,Home,23:45,6,19,Normal,0,0,30.3,47.6,31.3,14,0,0,0,Medium
KASC_2025_M18,League,Al-Ittihad,Al-Fayha,3,Normal,44524,42600,Inma Stadium (ملعب الإنماء),4,East,Home,23:50,6,19,Normal,0,0,30.3,47.6,31.3,11,0,0,0,Medium
KASC_2025_M18,League,Al-Ittihad,Al-Fayha,3,Normal,44524,42600,Inma Stadium (ملعب الإنماء),4,East,Home,23:55,6,19,Normal,0,0,30.3,47.6,31.3,8,0,0,0,Medium
KASC_2025_M18,League,Al-Ittihad,Al-Fayha,3,Normal,44524,42600,Inma Stadium (ملعب الإنماء),5,South,Away,17:00,4,21,Normal,0,0,30.3,47.6,31.3,13,0,0,0,Medium
KASC_2025_M18,League,Al-Ittihad,Al-Fayha,3,Normal,44524,42600,Inma Stadium (ملعب الإنماء),5,South,Away,17:05,4,21,Normal,0,0,30.3,47.6,31.3,6,0,0,0,Medium
KASC_2025_M18,League,Al-Ittihad,Al-Fayha,3,Normal,44524,42600,Inma Stadium (ملعب الإنماء),5,South,Away,17:10,4,21,Normal,0,0,30.3,47.6,31.3,11,0,0,0,Medium
KASC_2025_M18,League,Al-Ittihad,Al-Fayha,3,Normal,44524,42600,Inma Stadium (ملعب الإنماء),5,South,Away,17:15,4,21,Normal,0,0,30.3,47.6,31.3,10,0,0,1,Low
KASC_2025_M18,League,Al-Ittihad,Al-Fayha,3,Normal,44524,42600,Inma Stadium (ملعب الإنماء),5,South,Away,17:20,4,21,Normal,0,0,30.3,47.6,31.3,8,0,0,1,Low
KASC_2025_M18,League,Al-Ittihad,Al-Fayha,3,Normal,44524,42600,Inma Stadium (ملعب الإنماء),5,South,Away,17:25,4,21,Normal,0,0,30.3,47.6,31.3,8,0,0,0,Medium
KASC_2025_M18,League,Al-Ittihad,Al-Fayha,3,Normal,44524,42600,Inma Stadium (ملعب الإنماء),5,South,Away,17:30,4,21,Normal,0,0,30.3,47.6,31.3,15,0,0,0,Medium
KASC_2025_M18,League,Al-Ittihad,Al-Fayha,3,Normal,44524,42600,Inma Stadium (ملعب الإنماء),5,South,Away,17:35,4,21,Normal,0,0,30.3,47.6,31.3,15,7,2,1,High
KASC_2025_M18,League,Al-Ittihad,Al-Fayha,3,Normal,44524,42600,Inma Stadium (ملعب الإنماء),5,South,Away,17:40,4,21,Normal,0,0,30.3,47.6,31.3,10,5,2,2,Medium
KASC_2025_M18,League,Al-Ittihad,Al-Fayha,3,Normal,44524,42600,Inma Stadium (ملعب الإنماء),5,South,Away,17:45,4,21,Normal,0,0,30.3,47.6,31.3,12,12,4,1,High
KASC_2025_M18,League,Al-Ittihad,Al-Fayha,3,Normal,44524,42600,Inma Stadium (ملعب الإنماء),5,South,Away,17:50,4,21,Normal,0,0,30.3,47.6,31.3,10,5,2,2,Medium
KASC_2025_M18,League,Al-Ittihad,Al-Fayha,3,Normal,44524,42600,Inma Stadium (ملعب الإنماء),5,South,Away,17:55,4,21,Normal,0,0,30.3,47.6,31.3,13,13,4,5,Medium
KASC_2025_M18,League,Al-Ittihad,Al-Fayha,3,Normal,44524,42600,Inma Stadium (ملعب الإنماء),5,South,Away,18:00,4,21,Normal,0,0,30.3,47.6,31.3,11,16,6,4,High
KASC_2025_M18,League,Al-Ittihad,Al-Fayha,3,Normal,44524,42600,Inma Stadium (ملعب الإنماء),5,South,Away,18:05,4,21,Normal,0,0,30.3,47.6,31.3,10,10,4,0,High
KASC_2025_M18,League,Al-Ittihad,Al-Fayha,3,Normal,44524,42600,Inma Stadium (ملعب الإنماء),5,South,Away,18:10,4,21,Normal,0,0,30.3,47.6,31.3,9,13,6,4,High
KASC_2025_M18,League,Al-Ittihad,Al-Fayha,3,Normal,44524,42600,Inma Stadium (ملعب الإنماء),5,South,Away,18:15,4,21,Normal,0,0,30.3,47.6,31.3,12,12,4,1,High
KASC_2025_M18,League,Al-Ittihad,Al-Fayha,3,Normal,44524,42600,Inma Stadium (ملعب الإنماء),5,South,Away,18:20,4,21,Normal,0,0,30.3,47.6,31.3,9,15,7,6,Medium
KASC_2025_M18,League,Al-Ittihad,Al-Fayha,3,Normal,44524,42600,Inma Stadium (ملعب الإنماء),5,South,Away,18:25,4,21,Normal,0,0,30.3,47.6,31.3,11,27,10,7,High
KASC_2025_M18,League,Al-Ittihad,Al-Fayha,3,Normal,44524,42600,Inma Stadium (ملعب الإنماء),5,South,Away,18:30,4,21,Normal,0,0,30.3,47.6,31.3,13,42,13,4,High
KASC_2025_M18,League,Al-Ittihad,Al-Fayha,3,Normal,44524,42600,Inma Stadium (ملعب الإنماء),5,South,Away,18:35,4,21,Normal,0,0,30.3,47.6,31.3,10,55,22,12,High
KASC_2025_M18,League,Al-Ittihad,Al-Fayha,3,Normal,44524,42600,Inma Stadium (ملعب الإنماء),5,South,Away,18:40,4,21,Normal,0,0,30.3,47.6,31.3,11,66,24,13,High
KASC_2025_M18,League,Al-Ittihad,Al-Fayha,3,Normal,44524,42600,Inma Stadium (ملعب الإنماء),5,South,Away,18:45,4,21,Normal,0,0,30.3,47.6,31.3,13,55,17,7,High
KASC_2025_M18,League,Al-Ittihad,Al-Fayha,3,Normal,44524,42600,Inma Stadium (ملعب الإنماء),5,South,Away,18:50,4,21,Normal,0,0,30.3,47.6,31.3,18,99,22,11,High
KASC_2025_M18,League,Al-Ittihad,Al-Fayha,3,Normal,44524,42600,Inma Stadium (ملعب الإنماء),5,South,Away,18:55,4,21,Normal,0,0,30.3,47.6,31.3,8,52,26,13,High
KASC_2025_M18,League,Al-Ittihad,Al-Fayha,3,Normal,44524,42600,Inma Stadium (ملعب الإنماء),5,South,Away,19:00,4,21,Normal,0,0,30.3,47.6,31.3,11,77,28,26,Medium
KASC_2025_M18,League,Al-Ittihad,Al-Fayha,3,Normal,44524,42600,Inma Stadium (ملعب الإنماء),5,South,Away,19:05,4,21,Normal,0,0,30.3,47.6,31.3,16,128,32,15,High
KASC_2025_M18,League,Al-Ittihad,Al-Fayha,3,Normal,44524,42600,Inma Stadium (ملعب الإنماء),5,South,Away,19:10,4,21,Normal,0,0,30.3,47.6,31.3,13,104,32,15,High
KASC_2025_M18,League,Al-Ittihad,Al-Fayha,3,Normal,44524,42600,Inma Stadium (ملعب الإنماء),5,South,Away,19:15,4,21,Normal,0,0,30.3,47.6,31.3,9,78,35,17,High
KASC_2025_M18,League,Al-Ittihad,Al-Fayha,3,Normal,44524,42600,Inma Stadium (ملعب الإنماء),5,South,Away,19:20,4,21,Normal,0,0,30.3,47.6,31.3,10,100,40,22,High
KASC_2025_M18,League,Al-Ittihad,Al-Fayha,3,Normal,44524,42600,Inma Stadium (ملعب الإنماء),5,South,Away,19:25,4,21,Normal,0,0,30.3,47.6,31.3,12,108,36,18,High
KASC_2025_M18,League,Al-Ittihad,Al-Fayha,3,Normal,44524,42600,Inma Stadium (ملعب الإنماء),5,South,Away,19:30,4,21,Normal,0,0,30.3,47.6,31.3,7,61,35,19,High
KASC_2025_M18,League,Al-Ittihad,Al-Fayha,3,Normal,44524,42600,Inma Stadium (ملعب الإنماء),5,South,Away,19:35,4,21,Normal,0,0,30.3,47.6,31.3,16,128,32,13,High
KASC_2025_M18,League,Al-Ittihad,Al-Fayha,3,Normal,44524,42600,Inma Stadium (ملعب الإنماء),5,South,Away,19:40,4,21,Normal,0,0,30.3,47.6,31.3,16,128,32,16,High
KASC_2025_M18,League,Al-Ittihad,Al-Fayha,3,Normal,44524,42600,Inma Stadium (ملعب الإنماء),5,South,Away,19:45,4,21,Normal,0,0,30.3,47.6,31.3,11,82,30,18,High
KASC_2025_M18,League,Al-Ittihad,Al-Fayha,3,Normal,44524,42600,Inma Stadium (ملعب الإنماء),5,South,Away,19:50,4,21,Normal,0,0,30.3,47.6,31.3,8,72,36,26,High
KASC_2025_M18,League,Al-Ittihad,Al-Fayha,3,Normal,44524,42600,Inma Stadium (ملعب الإنماء),5,South,Away,19:55,4,21,Normal,0,0,30.3,47.6,31.3,8,84,42,18,High
KASC_2025_M18,League,Al-Ittihad,Al-Fayha,3,Normal,44524,42600,Inma Stadium (ملعب الإنماء),5,South,Away,20:00,4,21,Normal,0,0,30.3,47.6,31.3,18,112,25,9,High
KASC_2025_M18,League,Al-Ittihad,Al-Fayha,3,Normal,44524,42600,Inma Stadium (ملعب الإنماء),5,South,Away,20:05,4,21,Normal,0,0,30.3,47.6,31.3,9,60,27,18,High
KASC_2025_M18,League,Al-Ittihad,Al-Fayha,3,Normal,44524,42600,Inma Stadium (ملعب الإنماء),5,South,Away,20:10,4,21,Normal,0,0,30.3,47.6,31.3,13,78,24,17,High
KASC_2025_M18,League,Al-Ittihad,Al-Fayha,3,Normal,44524,42600,Inma Stadium (ملعب الإنماء),5,South,Away,20:15,4,21,Normal,0,0,30.3,47.6,31.3,10,65,26,11,High
KASC_2025_M18,League,Al-Ittihad,Al-Fayha,3,Normal,44524,42600,Inma Stadium (ملعب الإنماء),5,South,Away,20:20,4,21,Normal,0,0,30.3,47.6,31.3,16,116,29,14,High
KASC_2025_M18,League,Al-Ittihad,Al-Fayha,3,Normal,44524,42600,Inma Stadium (ملعب الإنماء),5,South,Away,20:25,4,21,Normal,0,0,30.3,47.6,31.3,11,38,14,6,High
KASC_2025_M18,League,Al-Ittihad,Al-Fayha,3,Normal,44524,42600,Inma Stadium (ملعب الإنماء),5,South,Away,20:30,4,21,Normal,0,0,30.3,47.6,31.3,16,44,11,9,Medium
KASC_2025_M18,League,Al-Ittihad,Al-Fayha,3,Normal,44524,42600,Inma Stadium (ملعب الإنماء),5,South,Away,20:35,4,21,Normal,0,0,30.3,47.6,31.3,16,52,13,7,High
KASC_2025_M18,League,Al-Ittihad,Al-Fayha,3,Normal,44524,42600,Inma Stadium (ملعب الإنماء),5,South,Away,20:40,4,21,Normal,0,0,30.3,47.6,31.3,8,20,10,2,High
KASC_2025_M18,League,Al-Ittihad,Al-Fayha,3,Normal,44524,42600,Inma Stadium (ملعب الإنماء),5,South,Away,20:45,4,21,Normal,0,0,30.3,47.6,31.3,14,35,10,12,Medium
KASC_2025_M18,League,Al-Ittihad,Al-Fayha,3,Normal,44524,42600,Inma Stadium (ملعب الإنماء),5,South,Away,20:50,4,21,Normal,0,0,30.3,47.6,31.3,15,15,4,4,Medium
KASC_2025_M18,League,Al-Ittihad,Al-Fayha,3,Normal,44524,42600,Inma Stadium (ملعب الإنماء),5,South,Away,20:55,4,21,Normal,0,0,30.3,47.6,31.3,15,22,6,1,High
KASC_2025_M18,League,Al-Ittihad,Al-Fayha,3,Normal,44524,42600,Inma Stadium (ملعب الإنماء),5,South,Away,21:00,4,21,Normal,0,0,30.3,47.6,31.3,10,15,6,1,High
KASC_2025_M18,League,Al-Ittihad,Al-Fayha,3,Normal,44524,42600,Inma Stadium (ملعب الإنماء),5,South,Away,21:05,4,21,Normal,0,0,30.3,47.6,31.3,17,12,3,3,Medium
KASC_2025_M18,League,Al-Ittihad,Al-Fayha,3,Normal,44524,42600,Inma Stadium (ملعب الإنماء),5,South,Away,21:10,4,21,Normal,0,0,30.3,47.6,31.3,11,5,2,3,Medium
KASC_2025_M18,League,Al-Ittihad,Al-Fayha,3,Normal,44524,42600,Inma Stadium (ملعب الإنماء),5,South,Away,21:15,4,21,Normal,0,0,30.3,47.6,31.3,9,4,2,3,Medium
KASC_2025_M18,League,Al-Ittihad,Al-Fayha,3,Normal,44524,42600,Inma Stadium (ملعب الإنماء),5,South,Away,21:20,4,21,Normal,0,0,30.3,47.6,31.3,14,0,0,1,Low
KASC_2025_M18,League,Al-Ittihad,Al-Fayha,3,Normal,44524,42600,Inma Stadium (ملعب الإنماء),5,South,Away,21:25,4,21,Normal,0,0,30.3,47.6,31.3,15,7,2,2,Medium
KASC_2025_M18,League,Al-Ittihad,Al-Fayha,3,Normal,44524,42600,Inma Stadium (ملعب الإنماء),5,South,Away,21:30,4,21,Normal,0,0,30.3,47.6,31.3,12,0,0,0,Medium
KASC_2025_M18,League,Al-Ittihad,Al-Fayha,3,Normal,44524,42600,Inma Stadium (ملعب الإنماء),5,South,Away,21:35,4,21,Normal,0,0,30.3,47.6,31.3,11,0,0,0,Medium
KASC_2025_M18,League,Al-Ittihad,Al-Fayha,3,Normal,44524,42600,Inma Stadium (ملعب الإنماء),5,South,Away,21:40,4,21,Normal,0,0,30.3,47.6,31.3,12,0,0,0,Medium
KASC_2025_M18,League,Al-Ittihad,Al-Fayha,3,Normal,44524,42600,Inma Stadium (ملعب الإنماء),5,South,Away,21:45,4,21,Normal,0,0,30.3,47.6,31.3,10,0,0,0,Medium
KASC_2025_M18,League,Al-Ittihad,Al-Fayha,3,Normal,44524,42600,Inma Stadium (ملعب الإنماء),5,South,Away,21:50,4,21,Normal,0,0,30.3,47.6,31.3,14,0,0,0,Medium
KASC_2025_M18,League,Al-Ittihad,Al-Fayha,3,Normal,44524,42600,Inma Stadium (ملعب الإنماء),5,South,Away,21:55,4,21,Normal,0,0,30.3,47.6,31.3,12,0,0,0,Medium
KASC_2025_M18,League,Al-Ittihad,Al-Fayha,3,Normal,44524,42600,Inma Stadium (ملعب الإنماء),5,South,Away,22:00,4,21,Normal,0,0,30.3,47.6,31.3,11,2,1,0,High
KASC_2025_M18,League,Al-Ittihad,Al-Fayha,3,Normal,44524,42600,Inma Stadium (ملعب الإنماء),5,South,Away,22:05,4,21,Normal,0,0,30.3,47.6,31.3,11,0,0,0,Medium
KASC_2025_M18,League,Al-Ittihad,Al-Fayha,3,Normal,44524,42600,Inma Stadium (ملعب الإنماء),5,South,Away,22:10,4,21,Normal,0,0,30.3,47.6,31.3,8,0,0,0,Medium
KASC_2025_M18,League,Al-Ittihad,Al-Fayha,3,Normal,44524,42600,Inma Stadium (ملعب الإنماء),5,South,Away,22:15,4,21,Normal,0,0,30.3,47.6,31.3,12,0,0,0,Medium
KASC_2025_M18,League,Al-Ittihad,Al-Fayha,3,Normal,44524,42600,Inma Stadium (ملعب الإنماء),5,South,Away,22:20,4,21,Normal,0,0,30.3,47.6,31.3,13,0,0,0,Medium
KASC_2025_M18,League,Al-Ittihad,Al-Fayha,3,Normal,44524,42600,Inma Stadium (ملعب الإنماء),5,South,Away,22:25,4,21,Normal,0,0,30.3,47.6,31.3,11,0,0,0,Medium
KASC_2025_M18,League,Al-Ittihad,Al-Fayha,3,Normal,44524,42600,Inma Stadium (ملعب الإنماء),5,South,Away,22:30,4,21,Normal,0,0,30.3,47.6,31.3,8,0,0,0,Medium
KASC_2025_M18,League,Al-Ittihad,Al-Fayha,3,Normal,44524,42600,Inma Stadium (ملعب الإنماء),5,South,Away,22:35,4,21,Normal,0,0,30.3,47.6,31.3,9,0,0,0,Medium
KASC_2025_M18,League,Al-Ittihad,Al-Fayha,3,Normal,44524,42600,Inma Stadium (ملعب الإنماء),5,South,Away,22:40,4,21,Normal,0,0,30.3,47.6,31.3,13,0,0,0,Medium
KASC_2025_M18,League,Al-Ittihad,Al-Fayha,3,Normal,44524,42600,Inma Stadium (ملعب الإنماء),5,South,Away,22:45,4,21,Normal,0,0,30.3,47.6,31.3,16,0,0,0,Medium
KASC_2025_M18,League,Al-Ittihad,Al-Fayha,3,Normal,44524,42600,Inma Stadium (ملعب الإنماء),5,South,Away,22:50,4,21,Normal,0,0,30.3,47.6,31.3,15,0,0,0,Medium
KASC_2025_M18,League,Al-Ittihad,Al-Fayha,3,Normal,44524,42600,Inma Stadium (ملعب الإنماء),5,South,Away,22:55,4,21,Normal,0,0,30.3,47.6,31.3,10,0,0,0,Medium
KASC_2025_M18,League,Al-Ittihad,Al-Fayha,3,Normal,44524,42600,Inma Stadium (ملعب الإنماء),5,South,Away,23:00,4,21,Normal,0,0,30.3,47.6,31.3,14,0,0,0,Medium
KASC_2025_M18,League,Al-Ittihad,Al-Fayha,3,Normal,44524,42600,Inma Stadium (ملعب الإنماء),5,South,Away,23:05,4,21,Normal,0,0,30.3,47.6,31.3,15,0,0,0,Medium
KASC_2025_M18,League,Al-Ittihad,Al-Fayha,3,Normal,44524,42600,Inma Stadium (ملعب الإنماء),5,South,Away,23:10,4,21,Normal,0,0,30.3,47.6,31.3,13,0,0,0,Medium
KASC_2025_M18,League,Al-Ittihad,Al-Fayha,3,Normal,44524,42600,Inma Stadium (ملعب الإنماء),5,South,Away,23:15,4,21,Normal,0,0,30.3,47.6,31.3,10,0,0,0,Medium
KASC_2025_M18,League,Al-Ittihad,Al-Fayha,3,Normal,44524,42600,Inma Stadium (ملعب الإنماء),5,South,Away,23:20,4,21,Normal,0,0,30.3,47.6,31.3,13,0,0,0,Medium
KASC_2025_M18,League,Al-Ittihad,Al-Fayha,3,Normal,44524,42600,Inma Stadium (ملعب الإنماء),5,South,Away,23:25,4,21,Normal,0,0,30.3,47.6,31.3,11,0,0,0,Medium
KASC_2025_M18,League,Al-Ittihad,Al-Fayha,3,Normal,44524,42600,Inma Stadium (ملعب الإنماء),5,South,Away,23:30,4,21,Normal,0,0,30.3,47.6,31.3,10,0,0,0,Medium
KASC_2025_M18,League,Al-Ittihad,Al-Fayha,3,Normal,44524,42600,Inma Stadium (ملعب الإنماء),5,South,Away,23:35,4,21,Normal,0,0,30.3,47.6,31.3,10,0,0,0,Medium
KASC_2025_M18,League,Al-Ittihad,Al-Fayha,3,Normal,44524,42600,Inma Stadium (ملعب الإنماء),5,South,Away,23:40,4,21,Normal,0,0,30.3,47.6,31.3,11,0,0,0,Medium
KASC_2025_M18,League,Al-Ittihad,Al-Fayha,3,Normal,44524,42600,Inma Stadium (ملعب الإنماء),5,South,Away,23:45,4,21,Normal,0,0,30.3,47.6,31.3,8,0,0,0,Medium
KASC_2025_M18,League,Al-Ittihad,Al-Fayha,3,Normal,44524,42600,Inma Stadium (ملعب الإنماء),5,South,Away,23:50,4,21,Normal,0,0,30.3,47.6,31.3,11,0,0,0,Medium
KASC_2025_M18,League,Al-Ittihad,Al-Fayha,3,Normal,44524,42600,Inma Stadium (ملعب الإنماء),5,South,Away,23:55,4,21,Normal,0,0,30.3,47.6,31.3,15,0,0,0,Medium
KASC_2025_M18,League,Al-Ittihad,Al-Fayha,3,Normal,44524,42600,Inma Stadium (ملعب الإنماء),6,West,VIP,17:00,5,18,Normal,0,0,30.3,47.6,31.3,12,0,0,0,Medium
KASC_2025_M18,League,Al-Ittihad,Al-Fayha,3,Normal,44524,42600,Inma Stadium (ملعب الإنماء),6,West,VIP,17:05,5,18,Normal,0,0,30.3,47.6,31.3,13,0,0,0,Medium
KASC_2025_M18,League,Al-Ittihad,Al-Fayha,3,Normal,44524,42600,Inma Stadium (ملعب الإنماء),6,West,VIP,17:10,5,18,Normal,0,0,30.3,47.6,31.3,12,0,0,0,Medium
KASC_2025_M18,League,Al-Ittihad,Al-Fayha,3,Normal,44524,42600,Inma Stadium (ملعب الإنماء),6,West,VIP,17:15,5,18,Normal,0,0,30.3,47.6,31.3,10,0,0,0,Medium
KASC_2025_M18,League,Al-Ittihad,Al-Fayha,3,Normal,44524,42600,Inma Stadium (ملعب الإنماء),6,West,VIP,17:20,5,18,Normal,0,0,30.3,47.6,31.3,14,0,0,1,Low
KASC_2025_M18,League,Al-Ittihad,Al-Fayha,3,Normal,44524,42600,Inma Stadium (ملعب الإنماء),6,West,VIP,17:25,5,18,Normal,0,0,30.3,47.6,31.3,9,0,0,0,Medium
KASC_2025_M18,League,Al-Ittihad,Al-Fayha,3,Normal,44524,42600,Inma Stadium (ملعب الإنماء),6,West,VIP,17:30,5,18,Normal,0,0,30.3,47.6,31.3,11,0,0,0,Medium
KASC_2025_M18,League,Al-Ittihad,Al-Fayha,3,Normal,44524,42600,Inma Stadium (ملعب الإنماء),6,West,VIP,17:35,5,18,Normal,0,0,30.3,47.6,31.3,14,0,0,0,Medium
KASC_2025_M18,League,Al-Ittihad,Al-Fayha,3,Normal,44524,42600,Inma Stadium (ملعب الإنماء),6,West,VIP,17:40,5,18,Normal,0,0,30.3,47.6,31.3,14,0,0,1,Low
KASC_2025_M18,League,Al-Ittihad,Al-Fayha,3,Normal,44524,42600,Inma Stadium (ملعب الإنماء),6,West,VIP,17:45,5,18,Normal,0,0,30.3,47.6,31.3,10,0,0,1,Low
KASC_2025_M18,League,Al-Ittihad,Al-Fayha,3,Normal,44524,42600,Inma Stadium (ملعب الإنماء),6,West,VIP,17:50,5,18,Normal,0,0,30.3,47.6,31.3,8,0,0,1,Low
KASC_2025_M18,League,Al-Ittihad,Al-Fayha,3,Normal,44524,42600,Inma Stadium (ملعب الإنماء),6,West,VIP,17:55,5,18,Normal,0,0,30.3,47.6,31.3,11,0,0,0,Medium
KASC_2025_M18,League,Al-Ittihad,Al-Fayha,3,Normal,44524,42600,Inma Stadium (ملعب الإنماء),6,West,VIP,18:00,5,18,Normal,0,0,30.3,47.6,31.3,10,0,0,0,Medium
KASC_2025_M18,League,Al-Ittihad,Al-Fayha,3,Normal,44524,42600,Inma Stadium (ملعب الإنماء),6,West,VIP,18:05,5,18,Normal,0,0,30.3,47.6,31.3,10,4,2,0,High
KASC_2025_M18,League,Al-Ittihad,Al-Fayha,3,Normal,44524,42600,Inma Stadium (ملعب الإنماء),6,West,VIP,18:10,5,18,Normal,0,0,30.3,47.6,31.3,13,13,5,3,Medium
KASC_2025_M18,League,Al-Ittihad,Al-Fayha,3,Normal,44524,42600,Inma Stadium (ملعب الإنماء),6,West,VIP,18:15,5,18,Normal,0,0,30.3,47.6,31.3,11,8,4,3,Medium
KASC_2025_M18,League,Al-Ittihad,Al-Fayha,3,Normal,44524,42600,Inma Stadium (ملعب الإنماء),6,West,VIP,18:20,5,18,Normal,0,0,30.3,47.6,31.3,9,7,4,3,Medium
KASC_2025_M18,League,Al-Ittihad,Al-Fayha,3,Normal,44524,42600,Inma Stadium (ملعب الإنماء),6,West,VIP,18:25,5,18,Normal,0,0,30.3,47.6,31.3,15,15,5,2,High
KASC_2025_M18,League,Al-Ittihad,Al-Fayha,3,Normal,44524,42600,Inma Stadium (ملعب الإنماء),6,West,VIP,18:30,5,18,Normal,0,0,30.3,47.6,31.3,9,10,6,1,High
KASC_2025_M18,League,Al-Ittihad,Al-Fayha,3,Normal,44524,42600,Inma Stadium (ملعب الإنماء),6,West,VIP,18:35,5,18,Normal,0,0,30.3,47.6,31.3,10,14,7,0,High
KASC_2025_M18,League,Al-Ittihad,Al-Fayha,3,Normal,44524,42600,Inma Stadium (ملعب الإنماء),6,West,VIP,18:40,5,18,Normal,0,0,30.3,47.6,31.3,18,18,5,2,High
KASC_2025_M18,League,Al-Ittihad,Al-Fayha,3,Normal,44524,42600,Inma Stadium (ملعب الإنماء),6,West,VIP,18:45,5,18,Normal,0,0,30.3,47.6,31.3,13,20,8,4,High
KASC_2025_M18,League,Al-Ittihad,Al-Fayha,3,Normal,44524,42600,Inma Stadium (ملعب الإنماء),6,West,VIP,18:50,5,18,Normal,0,0,30.3,47.6,31.3,8,4,3,5,Low
KASC_2025_M18,League,Al-Ittihad,Al-Fayha,3,Normal,44524,42600,Inma Stadium (ملعب الإنماء),6,West,VIP,18:55,5,18,Normal,0,0,30.3,47.6,31.3,10,32,16,6,High
KASC_2025_M18,League,Al-Ittihad,Al-Fayha,3,Normal,44524,42600,Inma Stadium (ملعب الإنماء),6,West,VIP,19:00,5,18,Normal,0,0,30.3,47.6,31.3,8,16,10,14,Low
KASC_2025_M18,League,Al-Ittihad,Al-Fayha,3,Normal,44524,42600,Inma Stadium (ملعب الإنماء),6,West,VIP,19:05,5,18,Normal,0,0,30.3,47.6,31.3,13,33,13,7,High
KASC_2025_M18,League,Al-Ittihad,Al-Fayha,3,Normal,44524,42600,Inma Stadium (ملعب الإنماء),6,West,VIP,19:10,5,18,Normal,0,0,30.3,47.6,31.3,15,42,14,7,High
KASC_2025_M18,League,Al-Ittihad,Al-Fayha,3,Normal,44524,42600,Inma Stadium (ملعب الإنماء),6,West,VIP,19:15,5,18,Normal,0,0,30.3,47.6,31.3,12,60,25,9,High
KASC_2025_M18,League,Al-Ittihad,Al-Fayha,3,Normal,44524,42600,Inma Stadium (ملعب الإنماء),6,West,VIP,19:20,5,18,Normal,0,0,30.3,47.6,31.3,16,73,23,9,High
KASC_2025_M18,League,Al-Ittihad,Al-Fayha,3,Normal,44524,42600,Inma Stadium (ملعب الإنماء),6,West,VIP,19:25,5,18,Normal,0,0,30.3,47.6,31.3,6,19,16,11,Medium
KASC_2025_M18,League,Al-Ittihad,Al-Fayha,3,Normal,44524,42600,Inma Stadium (ملعب الإنماء),6,West,VIP,19:30,5,18,Normal,0,0,30.3,47.6,31.3,6,16,14,13,Medium
KASC_2025_M18,League,Al-Ittihad,Al-Fayha,3,Normal,44524,42600,Inma Stadium (ملعب الإنماء),6,West,VIP,19:35,5,18,Normal,0,0,30.3,47.6,31.3,10,30,15,6,High
KASC_2025_M18,League,Al-Ittihad,Al-Fayha,3,Normal,44524,42600,Inma Stadium (ملعب الإنماء),6,West,VIP,19:40,5,18,Normal,0,0,30.3,47.6,31.3,8,33,21,15,Medium
KASC_2025_M18,League,Al-Ittihad,Al-Fayha,3,Normal,44524,42600,Inma Stadium (ملعب الإنماء),6,West,VIP,19:45,5,18,Normal,0,0,30.3,47.6,31.3,9,36,20,10,High
KASC_2025_M18,League,Al-Ittihad,Al-Fayha,3,Normal,44524,42600,Inma Stadium (ملعب الإنماء),6,West,VIP,19:50,5,18,Normal,0,0,30.3,47.6,31.3,15,54,18,4,High
KASC_2025_M18,League,Al-Ittihad,Al-Fayha,3,Normal,44524,42600,Inma Stadium (ملعب الإنماء),6,West,VIP,19:55,5,18,Normal,0,0,30.3,47.6,31.3,11,24,11,6,High
KASC_2025_M18,League,Al-Ittihad,Al-Fayha,3,Normal,44524,42600,Inma Stadium (ملعب الإنماء),6,West,VIP,20:00,5,18,Normal,0,0,30.3,47.6,31.3,14,56,20,4,High
KASC_2025_M18,League,Al-Ittihad,Al-Fayha,3,Normal,44524,42600,Inma Stadium (ملعب الإنماء),6,West,VIP,20:05,5,18,Normal,0,0,30.3,47.6,31.3,11,33,15,11,Medium
KASC_2025_M18,League,Al-Ittihad,Al-Fayha,3,Normal,44524,42600,Inma Stadium (ملعب الإنماء),6,West,VIP,20:10,5,18,Normal,0,0,30.3,47.6,31.3,12,31,13,9,Medium
KASC_2025_M18,League,Al-Ittihad,Al-Fayha,3,Normal,44524,42600,Inma Stadium (ملعب الإنماء),6,West,VIP,20:15,5,18,Normal,0,0,30.3,47.6,31.3,8,19,12,4,High
KASC_2025_M18,League,Al-Ittihad,Al-Fayha,3,Normal,44524,42600,Inma Stadium (ملعب الإنماء),6,West,VIP,20:20,5,18,Normal,0,0,30.3,47.6,31.3,20,40,10,4,High
KASC_2025_M18,League,Al-Ittihad,Al-Fayha,3,Normal,44524,42600,Inma Stadium (ملعب الإنماء),6,West,VIP,20:25,5,18,Normal,0,0,30.3,47.6,31.3,7,8,6,1,High
KASC_2025_M18,League,Al-Ittihad,Al-Fayha,3,Normal,44524,42600,Inma Stadium (ملعب الإنماء),6,West,VIP,20:30,5,18,Normal,0,0,30.3,47.6,31.3,18,25,7,1,High
KASC_2025_M18,League,Al-Ittihad,Al-Fayha,3,Normal,44524,42600,Inma Stadium (ملعب الإنماء),6,West,VIP,20:35,5,18,Normal,0,0,30.3,47.6,31.3,10,14,7,1,High
KASC_2025_M18,League,Al-Ittihad,Al-Fayha,3,Normal,44524,42600,Inma Stadium (ملعب الإنماء),6,West,VIP,20:40,5,18,Normal,0,0,30.3,47.6,31.3,14,14,5,5,Medium
KASC_2025_M18,League,Al-Ittihad,Al-Fayha,3,Normal,44524,42600,Inma Stadium (ملعب الإنماء),6,West,VIP,20:45,5,18,Normal,0,0,30.3,47.6,31.3,6,3,3,1,High
KASC_2025_M18,League,Al-Ittihad,Al-Fayha,3,Normal,44524,42600,Inma Stadium (ملعب الإنماء),6,West,VIP,20:50,5,18,Normal,0,0,30.3,47.6,31.3,7,0,0,1,Low
KASC_2025_M18,League,Al-Ittihad,Al-Fayha,3,Normal,44524,42600,Inma Stadium (ملعب الإنماء),6,West,VIP,20:55,5,18,Normal,0,0,30.3,47.6,31.3,15,6,2,2,Medium
KASC_2025_M18,League,Al-Ittihad,Al-Fayha,3,Normal,44524,42600,Inma Stadium (ملعب الإنماء),6,West,VIP,21:00,5,18,Normal,0,0,30.3,47.6,31.3,9,0,0,0,Medium
KASC_2025_M18,League,Al-Ittihad,Al-Fayha,3,Normal,44524,42600,Inma Stadium (ملعب الإنماء),6,West,VIP,21:05,5,18,Normal,0,0,30.3,47.6,31.3,7,2,2,3,Low
KASC_2025_M18,League,Al-Ittihad,Al-Fayha,3,Normal,44524,42600,Inma Stadium (ملعب الإنماء),6,West,VIP,21:10,5,18,Normal,0,0,30.3,47.6,31.3,8,0,0,0,Medium
KASC_2025_M18,League,Al-Ittihad,Al-Fayha,3,Normal,44524,42600,Inma Stadium (ملعب الإنماء),6,West,VIP,21:15,5,18,Normal,0,0,30.3,47.6,31.3,9,3,2,1,Medium
KASC_2025_M18,League,Al-Ittihad,Al-Fayha,3,Normal,44524,42600,Inma Stadium (ملعب الإنماء),6,West,VIP,21:20,5,18,Normal,0,0,30.3,47.6,31.3,10,0,0,2,Low
KASC_2025_M18,League,Al-Ittihad,Al-Fayha,3,Normal,44524,42600,Inma Stadium (ملعب الإنماء),6,West,VIP,21:25,5,18,Normal,0,0,30.3,47.6,31.3,14,0,0,0,Medium
KASC_2025_M18,League,Al-Ittihad,Al-Fayha,3,Normal,44524,42600,Inma Stadium (ملعب الإنماء),6,West,VIP,21:30,5,18,Normal,0,0,30.3,47.6,31.3,8,0,0,0,Medium
KASC_2025_M18,League,Al-Ittihad,Al-Fayha,3,Normal,44524,42600,Inma Stadium (ملعب الإنماء),6,West,VIP,21:35,5,18,Normal,0,0,30.3,47.6,31.3,15,0,0,0,Medium
KASC_2025_M18,League,Al-Ittihad,Al-Fayha,3,Normal,44524,42600,Inma Stadium (ملعب الإنماء),6,West,VIP,21:40,5,18,Normal,0,0,30.3,47.6,31.3,18,0,0,0,Medium
KASC_2025_M18,League,Al-Ittihad,Al-Fayha,3,Normal,44524,42600,Inma Stadium (ملعب الإنماء),6,West,VIP,21:45,5,18,Normal,0,0,30.3,47.6,31.3,8,0,0,0,Medium
KASC_2025_M18,League,Al-Ittihad,Al-Fayha,3,Normal,44524,42600,Inma Stadium (ملعب الإنماء),6,West,VIP,21:50,5,18,Normal,0,0,30.3,47.6,31.3,15,0,0,0,Medium
KASC_2025_M18,League,Al-Ittihad,Al-Fayha,3,Normal,44524,42600,Inma Stadium (ملعب الإنماء),6,West,VIP,21:55,5,18,Normal,0,0,30.3,47.6,31.3,16,0,0,0,Medium
KASC_2025_M18,League,Al-Ittihad,Al-Fayha,3,Normal,44524,42600,Inma Stadium (ملعب الإنماء),6,West,VIP,22:00,5,18,Normal,0,0,30.3,47.6,31.3,13,0,0,0,Medium
KASC_2025_M18,League,Al-Ittihad,Al-Fayha,3,Normal,44524,42600,Inma Stadium (ملعب الإنماء),6,West,VIP,22:05,5,18,Normal,0,0,30.3,47.6,31.3,14,0,0,0,Medium
KASC_2025_M18,League,Al-Ittihad,Al-Fayha,3,Normal,44524,42600,Inma Stadium (ملعب الإنماء),6,West,VIP,22:10,5,18,Normal,0,0,30.3,47.6,31.3,12,0,0,0,Medium
KASC_2025_M18,League,Al-Ittihad,Al-Fayha,3,Normal,44524,42600,Inma Stadium (ملعب الإنماء),6,West,VIP,22:15,5,18,Normal,0,0,30.3,47.6,31.3,10,0,0,0,Medium
KASC_2025_M18,League,Al-Ittihad,Al-Fayha,3,Normal,44524,42600,Inma Stadium (ملعب الإنماء),6,West,VIP,22:20,5,18,Normal,0,0,30.3,47.6,31.3,6,0,0,0,Medium
KASC_2025_M18,League,Al-Ittihad,Al-Fayha,3,Normal,44524,42600,Inma Stadium (ملعب الإنماء),6,West,VIP,22:25,5,18,Normal,0,0,30.3,47.6,31.3,10,0,0,0,Medium
KASC_2025_M18,League,Al-Ittihad,Al-Fayha,3,Normal,44524,42600,Inma Stadium (ملعب الإنماء),6,West,VIP,22:30,5,18,Normal,0,0,30.3,47.6,31.3,15,0,0,0,Medium
KASC_2025_M18,League,Al-Ittihad,Al-Fayha,3,Normal,44524,42600,Inma Stadium (ملعب الإنماء),6,West,VIP,22:35,5,18,Normal,0,0,30.3,47.6,31.3,8,0,0,0,Medium
KASC_2025_M18,League,Al-Ittihad,Al-Fayha,3,Normal,44524,42600,Inma Stadium (ملعب الإنماء),6,West,VIP,22:40,5,18,Normal,0,0,30.3,47.6,31.3,7,0,0,0,Medium
KASC_2025_M18,League,Al-Ittihad,Al-Fayha,3,Normal,44524,42600,Inma Stadium (ملعب الإنماء),6,West,VIP,22:45,5,18,Normal,0,0,30.3,47.6,31.3,12,0,0,0,Medium
KASC_2025_M18,League,Al-Ittihad,Al-Fayha,3,Normal,44524,42600,Inma Stadium (ملعب الإنماء),6,West,VIP,22:50,5,18,Normal,0,0,30.3,47.6,31.3,14,0,0,0,Medium
KASC_2025_M18,League,Al-Ittihad,Al-Fayha,3,Normal,44524,42600,Inma Stadium (ملعب الإنماء),6,West,VIP,22:55,5,18,Normal,0,0,30.3,47.6,31.3,13,0,0,0,Medium
KASC_2025_M18,League,Al-Ittihad,Al-Fayha,3,Normal,44524,42600,Inma Stadium (ملعب الإنماء),6,West,VIP,23:00,5,18,Normal,0,0,30.3,47.6,31.3,17,0,0,0,Medium
KASC_2025_M18,League,Al-Ittihad,Al-Fayha,3,Normal,44524,42600,Inma Stadium (ملعب الإنماء),6,West,VIP,23:05,5,18,Normal,0,0,30.3,47.6,31.3,11,0,0,0,Medium
KASC_2025_M18,League,Al-Ittihad,Al-Fayha,3,Normal,44524,42600,Inma Stadium (ملعب الإنماء),6,West,VIP,23:10,5,18,Normal,0,0,30.3,47.6,31.3,13,0,0,0,Medium
KASC_2025_M18,League,Al-Ittihad,Al-Fayha,3,Normal,44524,42600,Inma Stadium (ملعب الإنماء),6,West,VIP,23:15,5,18,Normal,0,0,30.3,47.6,31.3,12,0,0,0,Medium
KASC_2025_M18,League,Al-Ittihad,Al-Fayha,3,Normal,44524,42600,Inma Stadium (ملعب الإنماء),6,West,VIP,23:20,5,18,Normal,0,0,30.3,47.6,31.3,10,0,0,0,Medium
KASC_2025_M18,League,Al-Ittihad,Al-Fayha,3,Normal,44524,42600,Inma Stadium (ملعب الإنماء),6,West,VIP,23:25,5,18,Normal,0,0,30.3,47.6,31.3,8,0,0,0,Medium
KASC_2025_M18,League,Al-Ittihad,Al-Fayha,3,Normal,44524,42600,Inma Stadium (ملعب الإنماء),6,West,VIP,23:30,5,18,Normal,0,0,30.3,47.6,31.3,14,0,0,0,Medium
KASC_2025_M18,League,Al-Ittihad,Al-Fayha,3,Normal,44524,42600,Inma Stadium (ملعب الإنماء),6,West,VIP,23:35,5,18,Normal,0,0,30.3,47.6,31.3,8,0,0,0,Medium
KASC_2025_M18,League,Al-Ittihad,Al-Fayha,3,Normal,44524,42600,Inma Stadium (ملعب الإنماء),6,West,VIP,23:40,5,18,Normal,0,0,30.3,47.6,31.3,12,0,0,0,Medium
KASC_2025_M18,League,Al-Ittihad,Al-Fayha,3,Normal,44524,42600,Inma Stadium (ملعب الإنماء),6,West,VIP,23:45,5,18,Normal,0,0,30.3,47.6,31.3,12,0,0,0,Medium
KASC_2025_M18,League,Al-Ittihad,Al-Fayha,3,Normal,44524,42600,Inma Stadium (ملعب الإنماء),6,West,VIP,23:50,5,18,Normal,0,0,30.3,47.6,31.3,8,0,0,0,Medium
KASC_2025_M18,League,Al-Ittihad,Al-Fayha,3,Normal,44524,42600,Inma Stadium (ملعب الإنماء),6,West,VIP,23:55,5,18,Normal,0,0,30.3,47.6,31.3,10,0,0,0,Medium
KASC_2025_M19,AFC Qualifier,Saudi NT,Jordan NT,5,Derby/High,59042,57666,Inma Stadium (ملعب الإنماء),1,North,Home,17:00,8,12,Redirecting,0,0,30.6,61.7,31.8,17,6,3,0,High
KASC_2025_M19,AFC Qualifier,Saudi NT,Jordan NT,5,Derby/High,59042,57666,Inma Stadium (ملعب الإنماء),1,North,Home,17:05,8,12,Redirecting,0,0,30.6,61.7,31.8,13,4,3,2,Medium
KASC_2025_M19,AFC Qualifier,Saudi NT,Jordan NT,5,Derby/High,59042,57666,Inma Stadium (ملعب الإنماء),1,North,Home,17:10,8,12,Redirecting,0,0,30.6,61.7,31.8,12,1,1,0,High
KASC_2025_M19,AFC Qualifier,Saudi NT,Jordan NT,5,Derby/High,59042,57666,Inma Stadium (ملعب الإنماء),1,North,Home,17:15,8,12,Redirecting,0,0,30.6,61.7,31.8,16,6,3,1,High
KASC_2025_M19,AFC Qualifier,Saudi NT,Jordan NT,5,Derby/High,59042,57666,Inma Stadium (ملعب الإنماء),1,North,Home,17:20,8,12,Redirecting,0,0,30.6,61.7,31.8,7,2,3,1,High
KASC_2025_M19,AFC Qualifier,Saudi NT,Jordan NT,5,Derby/High,59042,57666,Inma Stadium (ملعب الإنماء),1,North,Home,17:25,8,12,Redirecting,0,0,30.6,61.7,31.8,15,5,3,3,Medium
KASC_2025_M19,AFC Qualifier,Saudi NT,Jordan NT,5,Derby/High,59042,57666,Inma Stadium (ملعب الإنماء),1,North,Home,17:30,8,12,Redirecting,0,0,30.6,61.7,31.8,16,16,8,3,High
KASC_2025_M19,AFC Qualifier,Saudi NT,Jordan NT,5,Derby/High,59042,57666,Inma Stadium (ملعب الإنماء),1,North,Home,17:35,8,12,Redirecting,0,0,30.6,61.7,31.8,9,6,6,7,Low
KASC_2025_M19,AFC Qualifier,Saudi NT,Jordan NT,5,Derby/High,59042,57666,Inma Stadium (ملعب الإنماء),1,North,Home,17:40,8,12,Redirecting,0,0,30.6,61.7,31.8,14,21,12,7,Medium
KASC_2025_M19,AFC Qualifier,Saudi NT,Jordan NT,5,Derby/High,59042,57666,Inma Stadium (ملعب الإنماء),1,North,Home,17:45,8,12,Redirecting,0,0,30.6,61.7,31.8,14,33,19,4,High
KASC_2025_M19,AFC Qualifier,Saudi NT,Jordan NT,5,Derby/High,59042,57666,Inma Stadium (ملعب الإنماء),1,North,Home,17:50,8,12,Redirecting,0,0,30.6,61.7,31.8,7,13,15,4,High
KASC_2025_M19,AFC Qualifier,Saudi NT,Jordan NT,5,Derby/High,59042,57666,Inma Stadium (ملعب الإنماء),1,North,Home,17:55,8,12,Redirecting,0,0,30.6,61.7,31.8,11,20,15,8,Medium
KASC_2025_M19,AFC Qualifier,Saudi NT,Jordan NT,5,Derby/High,59042,57666,Inma Stadium (ملعب الإنماء),1,North,Home,18:00,8,12,Redirecting,0,0,30.6,61.7,31.8,12,19,13,7,Medium
KASC_2025_M19,AFC Qualifier,Saudi NT,Jordan NT,5,Derby/High,59042,57666,Inma Stadium (ملعب الإنماء),1,North,Home,18:05,8,12,Redirecting,0,0,30.6,61.7,31.8,8,31,31,7,High
KASC_2025_M19,AFC Qualifier,Saudi NT,Jordan NT,5,Derby/High,59042,57666,Inma Stadium (ملعب الإنماء),1,North,Home,18:10,8,12,Redirecting,0,0,30.6,61.7,31.8,10,42,34,9,High
KASC_2025_M19,AFC Qualifier,Saudi NT,Jordan NT,5,Derby/High,59042,57666,Inma Stadium (ملعب الإنماء),1,North,Home,18:15,8,12,Redirecting,0,0,30.6,61.7,31.8,14,94,54,11,High
KASC_2025_M19,AFC Qualifier,Saudi NT,Jordan NT,5,Derby/High,59042,57666,Inma Stadium (ملعب الإنماء),1,North,Home,18:20,8,12,Redirecting,0,0,30.6,61.7,31.8,13,87,54,23,High
KASC_2025_M19,AFC Qualifier,Saudi NT,Jordan NT,5,Derby/High,59042,57666,Inma Stadium (ملعب الإنماء),1,North,Home,18:25,8,12,Redirecting,0,0,30.6,61.7,31.8,8,48,48,12,High
KASC_2025_M19,AFC Qualifier,Saudi NT,Jordan NT,5,Derby/High,59042,57666,Inma Stadium (ملعب الإنماء),1,North,Home,18:30,8,12,Redirecting,0,0,30.6,61.7,31.8,10,70,56,18,High
KASC_2025_M19,AFC Qualifier,Saudi NT,Jordan NT,5,Derby/High,59042,57666,Inma Stadium (ملعب الإنماء),1,North,Home,18:35,8,12,Redirecting,0,0,30.6,61.7,31.8,13,108,67,14,High
KASC_2025_M19,AFC Qualifier,Saudi NT,Jordan NT,5,Derby/High,59042,57666,Inma Stadium (ملعب الإنماء),1,North,Home,18:40,8,12,Redirecting,0,0,30.6,61.7,31.8,11,96,70,24,High
KASC_2025_M19,AFC Qualifier,Saudi NT,Jordan NT,5,Derby/High,59042,57666,Inma Stadium (ملعب الإنماء),1,North,Home,18:45,8,12,Redirecting,0,0,30.6,61.7,31.8,12,105,70,23,High
KASC_2025_M19,AFC Qualifier,Saudi NT,Jordan NT,5,Derby/High,59042,57666,Inma Stadium (ملعب الإنماء),1,North,Home,18:50,8,12,Redirecting,0,0,30.6,61.7,31.8,10,112,90,26,High
KASC_2025_M19,AFC Qualifier,Saudi NT,Jordan NT,5,Derby/High,59042,57666,Inma Stadium (ملعب الإنماء),1,North,Home,18:55,8,12,Redirecting,0,0,30.6,61.7,31.8,7,64,74,25,High
KASC_2025_M19,AFC Qualifier,Saudi NT,Jordan NT,5,Derby/High,59042,57666,Inma Stadium (ملعب الإنماء),1,North,Home,19:00,8,12,Redirecting,0,0,30.6,61.7,31.8,14,136,78,30,High
KASC_2025_M19,AFC Qualifier,Saudi NT,Jordan NT,5,Derby/High,59042,57666,Inma Stadium (ملعب الإنماء),1,North,Home,19:05,8,12,Redirecting,0,0,30.6,61.7,31.8,11,123,90,27,High
KASC_2025_M19,AFC Qualifier,Saudi NT,Jordan NT,5,Derby/High,59042,57666,Inma Stadium (ملعب الإنماء),1,North,Home,19:10,8,12,Redirecting,0,0,30.6,61.7,31.8,12,138,92,27,High
KASC_2025_M19,AFC Qualifier,Saudi NT,Jordan NT,5,Derby/High,59042,57666,Inma Stadium (ملعب الإنماء),1,North,Home,19:15,8,12,Redirecting,0,0,30.6,61.7,31.8,12,159,106,19,High
KASC_2025_M19,AFC Qualifier,Saudi NT,Jordan NT,5,Derby/High,59042,57666,Inma Stadium (ملعب الإنماء),1,North,Home,19:20,8,12,Redirecting,0,0,30.6,61.7,31.8,14,178,102,38,High
KASC_2025_M19,AFC Qualifier,Saudi NT,Jordan NT,5,Derby/High,59042,57666,Inma Stadium (ملعب الإنماء),1,North,Home,19:25,8,12,Redirecting,0,0,30.6,61.7,31.8,11,143,104,38,High
KASC_2025_M19,AFC Qualifier,Saudi NT,Jordan NT,5,Derby/High,59042,57666,Inma Stadium (ملعب الإنماء),1,North,Home,19:30,8,12,Redirecting,0,0,30.6,61.7,31.8,10,148,119,26,High
KASC_2025_M19,AFC Qualifier,Saudi NT,Jordan NT,5,Derby/High,59042,57666,Inma Stadium (ملعب الإنماء),1,North,Home,19:35,8,12,Redirecting,0,0,30.6,61.7,31.8,10,137,110,32,High
KASC_2025_M19,AFC Qualifier,Saudi NT,Jordan NT,5,Derby/High,59042,57666,Inma Stadium (ملعب الإنماء),1,North,Home,19:40,8,12,Redirecting,0,0,30.6,61.7,31.8,9,102,91,20,High
KASC_2025_M19,AFC Qualifier,Saudi NT,Jordan NT,5,Derby/High,59042,57666,Inma Stadium (ملعب الإنماء),1,North,Home,19:45,8,12,Redirecting,0,0,30.6,61.7,31.8,9,124,111,34,High
KASC_2025_M19,AFC Qualifier,Saudi NT,Jordan NT,5,Derby/High,59042,57666,Inma Stadium (ملعب الإنماء),1,North,Home,19:50,8,12,Redirecting,0,0,30.6,61.7,31.8,8,99,99,30,High
KASC_2025_M19,AFC Qualifier,Saudi NT,Jordan NT,5,Derby/High,59042,57666,Inma Stadium (ملعب الإنماء),1,North,Home,19:55,8,12,Redirecting,0,0,30.6,61.7,31.8,12,171,114,32,High
KASC_2025_M19,AFC Qualifier,Saudi NT,Jordan NT,5,Derby/High,59042,57666,Inma Stadium (ملعب الإنماء),1,North,Home,20:00,8,12,Redirecting,0,0,30.6,61.7,31.8,13,141,87,27,High
KASC_2025_M19,AFC Qualifier,Saudi NT,Jordan NT,5,Derby/High,59042,57666,Inma Stadium (ملعب الإنماء),1,North,Home,20:05,8,12,Redirecting,0,0,30.6,61.7,31.8,12,136,91,30,High
KASC_2025_M19,AFC Qualifier,Saudi NT,Jordan NT,5,Derby/High,59042,57666,Inma Stadium (ملعب الإنماء),1,North,Home,20:10,8,12,Redirecting,0,0,30.6,61.7,31.8,13,126,78,22,High
KASC_2025_M19,AFC Qualifier,Saudi NT,Jordan NT,5,Derby/High,59042,57666,Inma Stadium (ملعب الإنماء),1,North,Home,20:15,8,12,Redirecting,0,0,30.6,61.7,31.8,10,97,78,26,High
KASC_2025_M19,AFC Qualifier,Saudi NT,Jordan NT,5,Derby/High,59042,57666,Inma Stadium (ملعب الإنماء),1,North,Home,20:20,8,12,Redirecting,0,0,30.6,61.7,31.8,10,93,75,22,High
KASC_2025_M19,AFC Qualifier,Saudi NT,Jordan NT,5,Derby/High,59042,57666,Inma Stadium (ملعب الإنماء),1,North,Home,20:25,8,12,Redirecting,0,0,30.6,61.7,31.8,10,102,82,22,High
KASC_2025_M19,AFC Qualifier,Saudi NT,Jordan NT,5,Derby/High,59042,57666,Inma Stadium (ملعب الإنماء),1,North,Home,20:30,8,12,Redirecting,0,0,30.6,61.7,31.8,6,52,70,15,High
KASC_2025_M19,AFC Qualifier,Saudi NT,Jordan NT,5,Derby/High,59042,57666,Inma Stadium (ملعب الإنماء),1,North,Home,20:35,8,12,Redirecting,0,0,30.6,61.7,31.8,9,72,64,12,High
KASC_2025_M19,AFC Qualifier,Saudi NT,Jordan NT,5,Derby/High,59042,57666,Inma Stadium (ملعب الإنماء),1,North,Home,20:40,8,12,Redirecting,0,0,30.6,61.7,31.8,12,76,51,12,High
KASC_2025_M19,AFC Qualifier,Saudi NT,Jordan NT,5,Derby/High,59042,57666,Inma Stadium (ملعب الإنماء),1,North,Home,20:45,8,12,Redirecting,0,0,30.6,61.7,31.8,8,49,49,13,High
KASC_2025_M19,AFC Qualifier,Saudi NT,Jordan NT,5,Derby/High,59042,57666,Inma Stadium (ملعب الإنماء),1,North,Home,20:50,8,12,Redirecting,0,0,30.6,61.7,31.8,9,47,42,11,High
KASC_2025_M19,AFC Qualifier,Saudi NT,Jordan NT,5,Derby/High,59042,57666,Inma Stadium (ملعب الإنماء),1,North,Home,20:55,8,12,Redirecting,0,0,30.6,61.7,31.8,10,30,24,16,Medium
KASC_2025_M19,AFC Qualifier,Saudi NT,Jordan NT,5,Derby/High,59042,57666,Inma Stadium (ملعب الإنماء),1,North,Home,21:00,8,12,Redirecting,0,0,30.6,61.7,31.8,11,27,20,11,Medium
KASC_2025_M19,AFC Qualifier,Saudi NT,Jordan NT,5,Derby/High,59042,57666,Inma Stadium (ملعب الإنماء),1,North,Home,21:05,8,12,Redirecting,0,0,30.6,61.7,31.8,16,58,29,3,High
KASC_2025_M19,AFC Qualifier,Saudi NT,Jordan NT,5,Derby/High,59042,57666,Inma Stadium (ملعب الإنماء),1,North,Home,21:10,8,12,Redirecting,0,0,30.6,61.7,31.8,15,48,26,10,High
KASC_2025_M19,AFC Qualifier,Saudi NT,Jordan NT,5,Derby/High,59042,57666,Inma Stadium (ملعب الإنماء),1,North,Home,21:15,8,12,Redirecting,0,0,30.6,61.7,31.8,9,11,10,3,High
KASC_2025_M19,AFC Qualifier,Saudi NT,Jordan NT,5,Derby/High,59042,57666,Inma Stadium (ملعب الإنماء),1,North,Home,21:20,8,12,Redirecting,0,0,30.6,61.7,31.8,12,19,13,6,High
KASC_2025_M19,AFC Qualifier,Saudi NT,Jordan NT,5,Derby/High,59042,57666,Inma Stadium (ملعب الإنماء),1,North,Home,21:25,8,12,Redirecting,0,0,30.6,61.7,31.8,12,22,15,4,High
KASC_2025_M19,AFC Qualifier,Saudi NT,Jordan NT,5,Derby/High,59042,57666,Inma Stadium (ملعب الإنماء),1,North,Home,21:30,8,12,Redirecting,0,0,30.6,61.7,31.8,11,12,9,4,High
KASC_2025_M19,AFC Qualifier,Saudi NT,Jordan NT,5,Derby/High,59042,57666,Inma Stadium (ملعب الإنماء),1,North,Home,21:35,8,12,Redirecting,0,0,30.6,61.7,31.8,16,12,6,3,Medium
KASC_2025_M19,AFC Qualifier,Saudi NT,Jordan NT,5,Derby/High,59042,57666,Inma Stadium (ملعب الإنماء),1,North,Home,21:40,8,12,Redirecting,0,0,30.6,61.7,31.8,15,18,10,0,High
KASC_2025_M19,AFC Qualifier,Saudi NT,Jordan NT,5,Derby/High,59042,57666,Inma Stadium (ملعب الإنماء),1,North,Home,21:45,8,12,Redirecting,0,0,30.6,61.7,31.8,13,9,6,0,High
KASC_2025_M19,AFC Qualifier,Saudi NT,Jordan NT,5,Derby/High,59042,57666,Inma Stadium (ملعب الإنماء),1,North,Home,21:50,8,12,Redirecting,0,0,30.6,61.7,31.8,8,2,2,0,High
KASC_2025_M19,AFC Qualifier,Saudi NT,Jordan NT,5,Derby/High,59042,57666,Inma Stadium (ملعب الإنماء),1,North,Home,21:55,8,12,Redirecting,0,0,30.6,61.7,31.8,15,11,6,1,High
KASC_2025_M19,AFC Qualifier,Saudi NT,Jordan NT,5,Derby/High,59042,57666,Inma Stadium (ملعب الإنماء),1,North,Home,22:00,8,12,Redirecting,0,0,30.6,61.7,31.8,10,1,1,1,Medium
KASC_2025_M19,AFC Qualifier,Saudi NT,Jordan NT,5,Derby/High,59042,57666,Inma Stadium (ملعب الإنماء),1,North,Home,22:05,8,12,Redirecting,0,0,30.6,61.7,31.8,16,2,1,0,High
KASC_2025_M19,AFC Qualifier,Saudi NT,Jordan NT,5,Derby/High,59042,57666,Inma Stadium (ملعب الإنماء),1,North,Home,22:10,8,12,Redirecting,0,0,30.6,61.7,31.8,14,1,1,1,Medium
KASC_2025_M19,AFC Qualifier,Saudi NT,Jordan NT,5,Derby/High,59042,57666,Inma Stadium (ملعب الإنماء),1,North,Home,22:15,8,12,Redirecting,0,0,30.6,61.7,31.8,11,0,0,0,Medium
KASC_2025_M19,AFC Qualifier,Saudi NT,Jordan NT,5,Derby/High,59042,57666,Inma Stadium (ملعب الإنماء),1,North,Home,22:20,8,12,Redirecting,0,0,30.6,61.7,31.8,11,0,0,0,Medium
KASC_2025_M19,AFC Qualifier,Saudi NT,Jordan NT,5,Derby/High,59042,57666,Inma Stadium (ملعب الإنماء),1,North,Home,22:25,8,12,Redirecting,0,0,30.6,61.7,31.8,10,0,0,1,Low
KASC_2025_M19,AFC Qualifier,Saudi NT,Jordan NT,5,Derby/High,59042,57666,Inma Stadium (ملعب الإنماء),1,North,Home,22:30,8,12,Redirecting,0,0,30.6,61.7,31.8,8,0,0,1,Low
KASC_2025_M19,AFC Qualifier,Saudi NT,Jordan NT,5,Derby/High,59042,57666,Inma Stadium (ملعب الإنماء),1,North,Home,22:35,8,12,Redirecting,0,0,30.6,61.7,31.8,12,0,0,0,Medium
KASC_2025_M19,AFC Qualifier,Saudi NT,Jordan NT,5,Derby/High,59042,57666,Inma Stadium (ملعب الإنماء),1,North,Home,22:40,8,12,Redirecting,0,0,30.6,61.7,31.8,15,0,0,0,Medium
KASC_2025_M19,AFC Qualifier,Saudi NT,Jordan NT,5,Derby/High,59042,57666,Inma Stadium (ملعب الإنماء),1,North,Home,22:45,8,12,Redirecting,0,0,30.6,61.7,31.8,16,0,0,0,Medium
KASC_2025_M19,AFC Qualifier,Saudi NT,Jordan NT,5,Derby/High,59042,57666,Inma Stadium (ملعب الإنماء),1,North,Home,22:50,8,12,Redirecting,0,0,30.6,61.7,31.8,8,0,0,0,Medium
KASC_2025_M19,AFC Qualifier,Saudi NT,Jordan NT,5,Derby/High,59042,57666,Inma Stadium (ملعب الإنماء),1,North,Home,22:55,8,12,Redirecting,0,0,30.6,61.7,31.8,14,0,0,0,Medium
KASC_2025_M19,AFC Qualifier,Saudi NT,Jordan NT,5,Derby/High,59042,57666,Inma Stadium (ملعب الإنماء),1,North,Home,23:00,8,12,Redirecting,0,0,30.6,61.7,31.8,6,0,0,0,Medium
KASC_2025_M19,AFC Qualifier,Saudi NT,Jordan NT,5,Derby/High,59042,57666,Inma Stadium (ملعب الإنماء),1,North,Home,23:05,8,12,Redirecting,0,0,30.6,61.7,31.8,10,0,0,1,Low
KASC_2025_M19,AFC Qualifier,Saudi NT,Jordan NT,5,Derby/High,59042,57666,Inma Stadium (ملعب الإنماء),1,North,Home,23:10,8,12,Redirecting,0,0,30.6,61.7,31.8,14,0,0,0,Medium
KASC_2025_M19,AFC Qualifier,Saudi NT,Jordan NT,5,Derby/High,59042,57666,Inma Stadium (ملعب الإنماء),1,North,Home,23:15,8,12,Redirecting,0,0,30.6,61.7,31.8,11,0,0,0,Medium
KASC_2025_M19,AFC Qualifier,Saudi NT,Jordan NT,5,Derby/High,59042,57666,Inma Stadium (ملعب الإنماء),1,North,Home,23:20,8,12,Redirecting,0,0,30.6,61.7,31.8,9,0,0,0,Medium
KASC_2025_M19,AFC Qualifier,Saudi NT,Jordan NT,5,Derby/High,59042,57666,Inma Stadium (ملعب الإنماء),1,North,Home,23:25,8,12,Redirecting,0,0,30.6,61.7,31.8,9,0,0,0,Medium
KASC_2025_M19,AFC Qualifier,Saudi NT,Jordan NT,5,Derby/High,59042,57666,Inma Stadium (ملعب الإنماء),1,North,Home,23:30,8,12,Redirecting,0,0,30.6,61.7,31.8,14,0,0,0,Medium
KASC_2025_M19,AFC Qualifier,Saudi NT,Jordan NT,5,Derby/High,59042,57666,Inma Stadium (ملعب الإنماء),1,North,Home,23:35,8,12,Redirecting,0,0,30.6,61.7,31.8,12,0,0,0,Medium
KASC_2025_M19,AFC Qualifier,Saudi NT,Jordan NT,5,Derby/High,59042,57666,Inma Stadium (ملعب الإنماء),1,North,Home,23:40,8,12,Redirecting,0,0,30.6,61.7,31.8,8,0,0,0,Medium
KASC_2025_M19,AFC Qualifier,Saudi NT,Jordan NT,5,Derby/High,59042,57666,Inma Stadium (ملعب الإنماء),1,North,Home,23:45,8,12,Redirecting,0,0,30.6,61.7,31.8,12,0,0,0,Medium
KASC_2025_M19,AFC Qualifier,Saudi NT,Jordan NT,5,Derby/High,59042,57666,Inma Stadium (ملعب الإنماء),1,North,Home,23:50,8,12,Redirecting,0,0,30.6,61.7,31.8,17,0,0,0,Medium
KASC_2025_M19,AFC Qualifier,Saudi NT,Jordan NT,5,Derby/High,59042,57666,Inma Stadium (ملعب الإنماء),1,North,Home,23:55,8,12,Redirecting,0,0,30.6,61.7,31.8,11,0,0,0,Medium
KASC_2025_M19,AFC Qualifier,Saudi NT,Jordan NT,5,Derby/High,59042,57666,Inma Stadium (ملعب الإنماء),2,North,Home,17:00,4,14,Normal,0,0,30.6,61.7,31.8,12,0,0,0,Medium
KASC_2025_M19,AFC Qualifier,Saudi NT,Jordan NT,5,Derby/High,59042,57666,Inma Stadium (ملعب الإنماء),2,North,Home,17:05,4,14,Normal,0,0,30.6,61.7,31.8,11,0,0,1,Low
KASC_2025_M19,AFC Qualifier,Saudi NT,Jordan NT,5,Derby/High,59042,57666,Inma Stadium (ملعب الإنماء),2,North,Home,17:10,4,14,Normal,0,0,30.6,61.7,31.8,12,6,2,1,High
KASC_2025_M19,AFC Qualifier,Saudi NT,Jordan NT,5,Derby/High,59042,57666,Inma Stadium (ملعب الإنماء),2,North,Home,17:15,4,14,Normal,0,0,30.6,61.7,31.8,12,3,1,1,Medium
KASC_2025_M19,AFC Qualifier,Saudi NT,Jordan NT,5,Derby/High,59042,57666,Inma Stadium (ملعب الإنماء),2,North,Home,17:20,4,14,Normal,0,0,30.6,61.7,31.8,11,0,0,1,Low
KASC_2025_M19,AFC Qualifier,Saudi NT,Jordan NT,5,Derby/High,59042,57666,Inma Stadium (ملعب الإنماء),2,North,Home,17:25,4,14,Normal,0,0,30.6,61.7,31.8,18,9,2,3,Medium
KASC_2025_M19,AFC Qualifier,Saudi NT,Jordan NT,5,Derby/High,59042,57666,Inma Stadium (ملعب الإنماء),2,North,Home,17:30,4,14,Normal,0,0,30.6,61.7,31.8,13,19,6,2,High
KASC_2025_M19,AFC Qualifier,Saudi NT,Jordan NT,5,Derby/High,59042,57666,Inma Stadium (ملعب الإنماء),2,North,Home,17:35,4,14,Normal,0,0,30.6,61.7,31.8,6,7,5,3,High
KASC_2025_M19,AFC Qualifier,Saudi NT,Jordan NT,5,Derby/High,59042,57666,Inma Stadium (ملعب الإنماء),2,North,Home,17:40,4,14,Normal,0,0,30.6,61.7,31.8,13,19,6,6,Medium
KASC_2025_M19,AFC Qualifier,Saudi NT,Jordan NT,5,Derby/High,59042,57666,Inma Stadium (ملعب الإنماء),2,North,Home,17:45,4,14,Normal,0,0,30.6,61.7,31.8,13,26,8,6,High
KASC_2025_M19,AFC Qualifier,Saudi NT,Jordan NT,5,Derby/High,59042,57666,Inma Stadium (ملعب الإنماء),2,North,Home,17:50,4,14,Normal,0,0,30.6,61.7,31.8,14,56,16,1,High
KASC_2025_M19,AFC Qualifier,Saudi NT,Jordan NT,5,Derby/High,59042,57666,Inma Stadium (ملعب الإنماء),2,North,Home,17:55,4,14,Normal,0,0,30.6,61.7,31.8,8,18,9,10,Medium
KASC_2025_M19,AFC Qualifier,Saudi NT,Jordan NT,5,Derby/High,59042,57666,Inma Stadium (ملعب الإنماء),2,North,Home,18:00,4,14,Normal,0,0,30.6,61.7,31.8,9,20,9,6,High
KASC_2025_M19,AFC Qualifier,Saudi NT,Jordan NT,5,Derby/High,59042,57666,Inma Stadium (ملعب الإنماء),2,North,Home,18:05,4,14,Normal,0,0,30.6,61.7,31.8,14,66,19,6,High
KASC_2025_M19,AFC Qualifier,Saudi NT,Jordan NT,5,Derby/High,59042,57666,Inma Stadium (ملعب الإنماء),2,North,Home,18:10,4,14,Normal,0,0,30.6,61.7,31.8,9,54,24,8,High
KASC_2025_M19,AFC Qualifier,Saudi NT,Jordan NT,5,Derby/High,59042,57666,Inma Stadium (ملعب الإنماء),2,North,Home,18:15,4,14,Normal,0,0,30.6,61.7,31.8,14,80,23,24,Medium
KASC_2025_M19,AFC Qualifier,Saudi NT,Jordan NT,5,Derby/High,59042,57666,Inma Stadium (ملعب الإنماء),2,North,Home,18:20,4,14,Normal,0,0,30.6,61.7,31.8,14,73,21,8,High
KASC_2025_M19,AFC Qualifier,Saudi NT,Jordan NT,5,Derby/High,59042,57666,Inma Stadium (ملعب الإنماء),2,North,Home,18:25,4,14,Normal,0,0,30.6,61.7,31.8,16,116,29,16,High
KASC_2025_M19,AFC Qualifier,Saudi NT,Jordan NT,5,Derby/High,59042,57666,Inma Stadium (ملعب الإنماء),2,North,Home,18:30,4,14,Normal,0,0,30.6,61.7,31.8,12,114,38,18,High
KASC_2025_M19,AFC Qualifier,Saudi NT,Jordan NT,5,Derby/High,59042,57666,Inma Stadium (ملعب الإنماء),2,North,Home,18:35,4,14,Normal,0,0,30.6,61.7,31.8,11,104,38,19,High
KASC_2025_M19,AFC Qualifier,Saudi NT,Jordan NT,5,Derby/High,59042,57666,Inma Stadium (ملعب الإنماء),2,North,Home,18:40,4,14,Normal,0,0,30.6,61.7,31.8,15,165,44,32,High
KASC_2025_M19,AFC Qualifier,Saudi NT,Jordan NT,5,Derby/High,59042,57666,Inma Stadium (ملعب الإنماء),2,North,Home,18:45,4,14,Normal,0,0,30.6,61.7,31.8,15,146,39,12,High
KASC_2025_M19,AFC Qualifier,Saudi NT,Jordan NT,5,Derby/High,59042,57666,Inma Stadium (ملعب الإنماء),2,North,Home,18:50,4,14,Normal,0,0,30.6,61.7,31.8,10,120,48,23,High
KASC_2025_M19,AFC Qualifier,Saudi NT,Jordan NT,5,Derby/High,59042,57666,Inma Stadium (ملعب الإنماء),2,North,Home,18:55,4,14,Normal,0,0,30.6,61.7,31.8,11,115,42,29,High
KASC_2025_M19,AFC Qualifier,Saudi NT,Jordan NT,5,Derby/High,59042,57666,Inma Stadium (ملعب الإنماء),2,North,Home,19:00,4,14,Normal,0,0,30.6,61.7,31.8,9,112,50,25,High
KASC_2025_M19,AFC Qualifier,Saudi NT,Jordan NT,5,Derby/High,59042,57666,Inma Stadium (ملعب الإنماء),2,North,Home,19:05,4,14,Normal,0,0,30.6,61.7,31.8,10,130,52,26,High
KASC_2025_M19,AFC Qualifier,Saudi NT,Jordan NT,5,Derby/High,59042,57666,Inma Stadium (ملعب الإنماء),2,North,Home,19:10,4,14,Normal,0,0,30.6,61.7,31.8,13,182,56,35,High
KASC_2025_M19,AFC Qualifier,Saudi NT,Jordan NT,5,Derby/High,59042,57666,Inma Stadium (ملعب الإنماء),2,North,Home,19:15,4,14,Normal,0,0,30.6,61.7,31.8,9,141,63,21,High
KASC_2025_M19,AFC Qualifier,Saudi NT,Jordan NT,5,Derby/High,59042,57666,Inma Stadium (ملعب الإنماء),2,North,Home,19:20,4,14,Normal,0,0,30.6,61.7,31.8,8,122,61,27,High
KASC_2025_M19,AFC Qualifier,Saudi NT,Jordan NT,5,Derby/High,59042,57666,Inma Stadium (ملعب الإنماء),2,North,Home,19:25,4,14,Normal,0,0,30.6,61.7,31.8,9,153,68,31,High
KASC_2025_M19,AFC Qualifier,Saudi NT,Jordan NT,5,Derby/High,59042,57666,Inma Stadium (ملعب الإنماء),2,North,Home,19:30,4,14,Normal,0,0,30.6,61.7,31.8,12,186,62,27,High
KASC_2025_M19,AFC Qualifier,Saudi NT,Jordan NT,5,Derby/High,59042,57666,Inma Stadium (ملعب الإنماء),2,North,Home,19:35,4,14,Normal,0,0,30.6,61.7,31.8,11,167,61,33,High
KASC_2025_M19,AFC Qualifier,Saudi NT,Jordan NT,5,Derby/High,59042,57666,Inma Stadium (ملعب الإنماء),2,North,Home,19:40,4,14,Normal,0,0,30.6,61.7,31.8,6,102,68,31,High
KASC_2025_M19,AFC Qualifier,Saudi NT,Jordan NT,5,Derby/High,59042,57666,Inma Stadium (ملعب الإنماء),2,North,Home,19:45,4,14,Normal,0,0,30.6,61.7,31.8,9,135,60,34,High
KASC_2025_M19,AFC Qualifier,Saudi NT,Jordan NT,5,Derby/High,59042,57666,Inma Stadium (ملعب الإنماء),2,North,Home,19:50,4,14,Normal,0,0,30.6,61.7,31.8,11,170,62,34,High
KASC_2025_M19,AFC Qualifier,Saudi NT,Jordan NT,5,Derby/High,59042,57666,Inma Stadium (ملعب الإنماء),2,North,Home,19:55,4,14,Normal,0,0,30.6,61.7,31.8,10,145,58,19,High
KASC_2025_M19,AFC Qualifier,Saudi NT,Jordan NT,5,Derby/High,59042,57666,Inma Stadium (ملعب الإنماء),2,North,Home,20:00,4,14,Normal,0,0,30.6,61.7,31.8,15,195,52,23,High
KASC_2025_M19,AFC Qualifier,Saudi NT,Jordan NT,5,Derby/High,59042,57666,Inma Stadium (ملعب الإنماء),2,North,Home,20:05,4,14,Normal,0,0,30.6,61.7,31.8,8,94,47,26,High
KASC_2025_M19,AFC Qualifier,Saudi NT,Jordan NT,5,Derby/High,59042,57666,Inma Stadium (ملعب الإنماء),2,North,Home,20:10,4,14,Normal,0,0,30.6,61.7,31.8,17,238,56,30,High
KASC_2025_M19,AFC Qualifier,Saudi NT,Jordan NT,5,Derby/High,59042,57666,Inma Stadium (ملعب الإنماء),2,North,Home,20:15,4,14,Normal,0,0,30.6,61.7,31.8,11,107,39,16,High
KASC_2025_M19,AFC Qualifier,Saudi NT,Jordan NT,5,Derby/High,59042,57666,Inma Stadium (ملعب الإنماء),2,North,Home,20:20,4,14,Normal,0,0,30.6,61.7,31.8,13,117,36,18,High
KASC_2025_M19,AFC Qualifier,Saudi NT,Jordan NT,5,Derby/High,59042,57666,Inma Stadium (ملعب الإنماء),2,North,Home,20:25,4,14,Normal,0,0,30.6,61.7,31.8,11,88,32,19,High
KASC_2025_M19,AFC Qualifier,Saudi NT,Jordan NT,5,Derby/High,59042,57666,Inma Stadium (ملعب الإنماء),2,North,Home,20:30,4,14,Normal,0,0,30.6,61.7,31.8,14,136,39,24,High
KASC_2025_M19,AFC Qualifier,Saudi NT,Jordan NT,5,Derby/High,59042,57666,Inma Stadium (ملعب الإنماء),2,North,Home,20:35,4,14,Normal,0,0,30.6,61.7,31.8,17,140,33,13,High
KASC_2025_M19,AFC Qualifier,Saudi NT,Jordan NT,5,Derby/High,59042,57666,Inma Stadium (ملعب الإنماء),2,North,Home,20:40,4,14,Normal,0,0,30.6,61.7,31.8,7,45,26,17,High
KASC_2025_M19,AFC Qualifier,Saudi NT,Jordan NT,5,Derby/High,59042,57666,Inma Stadium (ملعب الإنماء),2,North,Home,20:45,4,14,Normal,0,0,30.6,61.7,31.8,10,57,23,16,High
KASC_2025_M19,AFC Qualifier,Saudi NT,Jordan NT,5,Derby/High,59042,57666,Inma Stadium (ملعب الإنماء),2,North,Home,20:50,4,14,Normal,0,0,30.6,61.7,31.8,14,70,20,11,High
KASC_2025_M19,AFC Qualifier,Saudi NT,Jordan NT,5,Derby/High,59042,57666,Inma Stadium (ملعب الإنماء),2,North,Home,20:55,4,14,Normal,0,0,30.6,61.7,31.8,15,75,20,11,High
KASC_2025_M19,AFC Qualifier,Saudi NT,Jordan NT,5,Derby/High,59042,57666,Inma Stadium (ملعب الإنماء),2,North,Home,21:00,4,14,Normal,0,0,30.6,61.7,31.8,16,64,16,12,High
KASC_2025_M19,AFC Qualifier,Saudi NT,Jordan NT,5,Derby/High,59042,57666,Inma Stadium (ملعب الإنماء),2,North,Home,21:05,4,14,Normal,0,0,30.6,61.7,31.8,9,31,14,5,High
KASC_2025_M19,AFC Qualifier,Saudi NT,Jordan NT,5,Derby/High,59042,57666,Inma Stadium (ملعب الإنماء),2,North,Home,21:10,4,14,Normal,0,0,30.6,61.7,31.8,13,32,10,8,Medium
KASC_2025_M19,AFC Qualifier,Saudi NT,Jordan NT,5,Derby/High,59042,57666,Inma Stadium (ملعب الإنماء),2,North,Home,21:15,4,14,Normal,0,0,30.6,61.7,31.8,8,20,10,4,High
KASC_2025_M19,AFC Qualifier,Saudi NT,Jordan NT,5,Derby/High,59042,57666,Inma Stadium (ملعب الإنماء),2,North,Home,21:20,4,14,Normal,0,0,30.6,61.7,31.8,16,24,6,4,High
KASC_2025_M19,AFC Qualifier,Saudi NT,Jordan NT,5,Derby/High,59042,57666,Inma Stadium (ملعب الإنماء),2,North,Home,21:25,4,14,Normal,0,0,30.6,61.7,31.8,17,46,11,2,High
KASC_2025_M19,AFC Qualifier,Saudi NT,Jordan NT,5,Derby/High,59042,57666,Inma Stadium (ملعب الإنماء),2,North,Home,21:30,4,14,Normal,0,0,30.6,61.7,31.8,10,17,7,4,High
KASC_2025_M19,AFC Qualifier,Saudi NT,Jordan NT,5,Derby/High,59042,57666,Inma Stadium (ملعب الإنماء),2,North,Home,21:35,4,14,Normal,0,0,30.6,61.7,31.8,7,7,4,3,Medium
KASC_2025_M19,AFC Qualifier,Saudi NT,Jordan NT,5,Derby/High,59042,57666,Inma Stadium (ملعب الإنماء),2,North,Home,21:40,4,14,Normal,0,0,30.6,61.7,31.8,12,3,1,0,High
KASC_2025_M19,AFC Qualifier,Saudi NT,Jordan NT,5,Derby/High,59042,57666,Inma Stadium (ملعب الإنماء),2,North,Home,21:45,4,14,Normal,0,0,30.6,61.7,31.8,12,3,1,5,Low
KASC_2025_M19,AFC Qualifier,Saudi NT,Jordan NT,5,Derby/High,59042,57666,Inma Stadium (ملعب الإنماء),2,North,Home,21:50,4,14,Normal,0,0,30.6,61.7,31.8,15,11,3,1,High
KASC_2025_M19,AFC Qualifier,Saudi NT,Jordan NT,5,Derby/High,59042,57666,Inma Stadium (ملعب الإنماء),2,North,Home,21:55,4,14,Normal,0,0,30.6,61.7,31.8,12,3,1,2,Medium
KASC_2025_M19,AFC Qualifier,Saudi NT,Jordan NT,5,Derby/High,59042,57666,Inma Stadium (ملعب الإنماء),2,North,Home,22:00,4,14,Normal,0,0,30.6,61.7,31.8,18,4,1,2,Medium
KASC_2025_M19,AFC Qualifier,Saudi NT,Jordan NT,5,Derby/High,59042,57666,Inma Stadium (ملعب الإنماء),2,North,Home,22:05,4,14,Normal,0,0,30.6,61.7,31.8,12,0,0,1,Low
KASC_2025_M19,AFC Qualifier,Saudi NT,Jordan NT,5,Derby/High,59042,57666,Inma Stadium (ملعب الإنماء),2,North,Home,22:10,4,14,Normal,0,0,30.6,61.7,31.8,10,2,1,0,High
KASC_2025_M19,AFC Qualifier,Saudi NT,Jordan NT,5,Derby/High,59042,57666,Inma Stadium (ملعب الإنماء),2,North,Home,22:15,4,14,Normal,0,0,30.6,61.7,31.8,13,0,0,2,Low
KASC_2025_M19,AFC Qualifier,Saudi NT,Jordan NT,5,Derby/High,59042,57666,Inma Stadium (ملعب الإنماء),2,North,Home,22:20,4,14,Normal,0,0,30.6,61.7,31.8,13,0,0,1,Low
KASC_2025_M19,AFC Qualifier,Saudi NT,Jordan NT,5,Derby/High,59042,57666,Inma Stadium (ملعب الإنماء),2,North,Home,22:25,4,14,Normal,0,0,30.6,61.7,31.8,11,0,0,1,Low
KASC_2025_M19,AFC Qualifier,Saudi NT,Jordan NT,5,Derby/High,59042,57666,Inma Stadium (ملعب الإنماء),2,North,Home,22:30,4,14,Normal,0,0,30.6,61.7,31.8,8,0,0,0,Medium
KASC_2025_M19,AFC Qualifier,Saudi NT,Jordan NT,5,Derby/High,59042,57666,Inma Stadium (ملعب الإنماء),2,North,Home,22:35,4,14,Normal,0,0,30.6,61.7,31.8,11,0,0,0,Medium
KASC_2025_M19,AFC Qualifier,Saudi NT,Jordan NT,5,Derby/High,59042,57666,Inma Stadium (ملعب الإنماء),2,North,Home,22:40,4,14,Normal,0,0,30.6,61.7,31.8,16,0,0,0,Medium
KASC_2025_M19,AFC Qualifier,Saudi NT,Jordan NT,5,Derby/High,59042,57666,Inma Stadium (ملعب الإنماء),2,North,Home,22:45,4,14,Normal,0,0,30.6,61.7,31.8,10,0,0,0,Medium
KASC_2025_M19,AFC Qualifier,Saudi NT,Jordan NT,5,Derby/High,59042,57666,Inma Stadium (ملعب الإنماء),2,North,Home,22:50,4,14,Normal,0,0,30.6,61.7,31.8,17,0,0,1,Low
KASC_2025_M19,AFC Qualifier,Saudi NT,Jordan NT,5,Derby/High,59042,57666,Inma Stadium (ملعب الإنماء),2,North,Home,22:55,4,14,Normal,0,0,30.6,61.7,31.8,10,0,0,0,Medium
KASC_2025_M19,AFC Qualifier,Saudi NT,Jordan NT,5,Derby/High,59042,57666,Inma Stadium (ملعب الإنماء),2,North,Home,23:00,4,14,Normal,0,0,30.6,61.7,31.8,16,0,0,0,Medium
KASC_2025_M19,AFC Qualifier,Saudi NT,Jordan NT,5,Derby/High,59042,57666,Inma Stadium (ملعب الإنماء),2,North,Home,23:05,4,14,Normal,0,0,30.6,61.7,31.8,8,0,0,0,Medium
KASC_2025_M19,AFC Qualifier,Saudi NT,Jordan NT,5,Derby/High,59042,57666,Inma Stadium (ملعب الإنماء),2,North,Home,23:10,4,14,Normal,0,0,30.6,61.7,31.8,11,0,0,0,Medium
KASC_2025_M19,AFC Qualifier,Saudi NT,Jordan NT,5,Derby/High,59042,57666,Inma Stadium (ملعب الإنماء),2,North,Home,23:15,4,14,Normal,0,0,30.6,61.7,31.8,11,0,0,0,Medium
KASC_2025_M19,AFC Qualifier,Saudi NT,Jordan NT,5,Derby/High,59042,57666,Inma Stadium (ملعب الإنماء),2,North,Home,23:20,4,14,Normal,0,0,30.6,61.7,31.8,7,0,0,0,Medium
KASC_2025_M19,AFC Qualifier,Saudi NT,Jordan NT,5,Derby/High,59042,57666,Inma Stadium (ملعب الإنماء),2,North,Home,23:25,4,14,Normal,0,0,30.6,61.7,31.8,17,0,0,0,Medium
KASC_2025_M19,AFC Qualifier,Saudi NT,Jordan NT,5,Derby/High,59042,57666,Inma Stadium (ملعب الإنماء),2,North,Home,23:30,4,14,Normal,0,0,30.6,61.7,31.8,16,0,0,0,Medium
KASC_2025_M19,AFC Qualifier,Saudi NT,Jordan NT,5,Derby/High,59042,57666,Inma Stadium (ملعب الإنماء),2,North,Home,23:35,4,14,Normal,0,0,30.6,61.7,31.8,11,0,0,0,Medium
KASC_2025_M19,AFC Qualifier,Saudi NT,Jordan NT,5,Derby/High,59042,57666,Inma Stadium (ملعب الإنماء),2,North,Home,23:40,4,14,Normal,0,0,30.6,61.7,31.8,13,0,0,0,Medium
KASC_2025_M19,AFC Qualifier,Saudi NT,Jordan NT,5,Derby/High,59042,57666,Inma Stadium (ملعب الإنماء),2,North,Home,23:45,4,14,Normal,0,0,30.6,61.7,31.8,12,0,0,0,Medium
KASC_2025_M19,AFC Qualifier,Saudi NT,Jordan NT,5,Derby/High,59042,57666,Inma Stadium (ملعب الإنماء),2,North,Home,23:50,4,14,Normal,0,0,30.6,61.7,31.8,15,0,0,0,Medium
KASC_2025_M19,AFC Qualifier,Saudi NT,Jordan NT,5,Derby/High,59042,57666,Inma Stadium (ملعب الإنماء),2,North,Home,23:55,4,14,Normal,0,0,30.6,61.7,31.8,13,0,0,0,Medium
KASC_2025_M19,AFC Qualifier,Saudi NT,Jordan NT,5,Derby/High,59042,57666,Inma Stadium (ملعب الإنماء),3,East,Home,17:00,9,22,Normal,0,0,30.6,61.7,31.8,13,4,3,0,High
KASC_2025_M19,AFC Qualifier,Saudi NT,Jordan NT,5,Derby/High,59042,57666,Inma Stadium (ملعب الإنماء),3,East,Home,17:05,9,22,Normal,0,0,30.6,61.7,31.8,13,5,4,2,Medium
KASC_2025_M19,AFC Qualifier,Saudi NT,Jordan NT,5,Derby/High,59042,57666,Inma Stadium (ملعب الإنماء),3,East,Home,17:10,9,22,Normal,0,0,30.6,61.7,31.8,9,4,4,1,Medium
KASC_2025_M19,AFC Qualifier,Saudi NT,Jordan NT,5,Derby/High,59042,57666,Inma Stadium (ملعب الإنماء),3,East,Home,17:15,9,22,Normal,0,0,30.6,61.7,31.8,11,7,6,2,Medium
KASC_2025_M19,AFC Qualifier,Saudi NT,Jordan NT,5,Derby/High,59042,57666,Inma Stadium (ملعب الإنماء),3,East,Home,17:20,9,22,Normal,0,0,30.6,61.7,31.8,11,3,3,1,Medium
KASC_2025_M19,AFC Qualifier,Saudi NT,Jordan NT,5,Derby/High,59042,57666,Inma Stadium (ملعب الإنماء),3,East,Home,17:25,9,22,Normal,0,0,30.6,61.7,31.8,14,10,7,5,Medium
KASC_2025_M19,AFC Qualifier,Saudi NT,Jordan NT,5,Derby/High,59042,57666,Inma Stadium (ملعب الإنماء),3,East,Home,17:30,9,22,Normal,0,0,30.6,61.7,31.8,11,14,12,5,Medium
KASC_2025_M19,AFC Qualifier,Saudi NT,Jordan NT,5,Derby/High,59042,57666,Inma Stadium (ملعب الإنماء),3,East,Home,17:35,9,22,Normal,0,0,30.6,61.7,31.8,10,26,24,4,High
KASC_2025_M19,AFC Qualifier,Saudi NT,Jordan NT,5,Derby/High,59042,57666,Inma Stadium (ملعب الإنماء),3,East,Home,17:40,9,22,Normal,0,0,30.6,61.7,31.8,14,24,16,4,High
KASC_2025_M19,AFC Qualifier,Saudi NT,Jordan NT,5,Derby/High,59042,57666,Inma Stadium (ملعب الإنماء),3,East,Home,17:45,9,22,Normal,0,0,30.6,61.7,31.8,10,24,22,9,Medium
KASC_2025_M19,AFC Qualifier,Saudi NT,Jordan NT,5,Derby/High,59042,57666,Inma Stadium (ملعب الإنماء),3,East,Home,17:50,9,22,Normal,0,0,30.6,61.7,31.8,12,29,22,6,High
KASC_2025_M19,AFC Qualifier,Saudi NT,Jordan NT,5,Derby/High,59042,57666,Inma Stadium (ملعب الإنماء),3,East,Home,17:55,9,22,Normal,0,0,30.6,61.7,31.8,15,60,36,5,High
KASC_2025_M19,AFC Qualifier,Saudi NT,Jordan NT,5,Derby/High,59042,57666,Inma Stadium (ملعب الإنماء),3,East,Home,18:00,9,22,Normal,0,0,30.6,61.7,31.8,8,24,27,11,Medium
KASC_2025_M19,AFC Qualifier,Saudi NT,Jordan NT,5,Derby/High,59042,57666,Inma Stadium (ملعب الإنماء),3,East,Home,18:05,9,22,Normal,0,0,30.6,61.7,31.8,11,52,43,9,High
KASC_2025_M19,AFC Qualifier,Saudi NT,Jordan NT,5,Derby/High,59042,57666,Inma Stadium (ملعب الإنماء),3,East,Home,18:10,9,22,Normal,0,0,30.6,61.7,31.8,8,32,36,10,High
KASC_2025_M19,AFC Qualifier,Saudi NT,Jordan NT,5,Derby/High,59042,57666,Inma Stadium (ملعب الإنماء),3,East,Home,18:15,9,22,Normal,0,0,30.6,61.7,31.8,13,79,55,12,High
KASC_2025_M19,AFC Qualifier,Saudi NT,Jordan NT,5,Derby/High,59042,57666,Inma Stadium (ملعب الإنماء),3,East,Home,18:20,9,22,Normal,0,0,30.6,61.7,31.8,10,76,69,9,High
KASC_2025_M19,AFC Qualifier,Saudi NT,Jordan NT,5,Derby/High,59042,57666,Inma Stadium (ملعب الإنماء),3,East,Home,18:25,9,22,Normal,0,0,30.6,61.7,31.8,6,46,69,14,High
KASC_2025_M19,AFC Qualifier,Saudi NT,Jordan NT,5,Derby/High,59042,57666,Inma Stadium (ملعب الإنماء),3,East,Home,18:30,9,22,Normal,0,0,30.6,61.7,31.8,16,128,72,16,High
KASC_2025_M19,AFC Qualifier,Saudi NT,Jordan NT,5,Derby/High,59042,57666,Inma Stadium (ملعب الإنماء),3,East,Home,18:35,9,22,Normal,0,0,30.6,61.7,31.8,17,149,79,18,High
KASC_2025_M19,AFC Qualifier,Saudi NT,Jordan NT,5,Derby/High,59042,57666,Inma Stadium (ملعب الإنماء),3,East,Home,18:40,9,22,Normal,0,0,30.6,61.7,31.8,10,106,96,17,High
KASC_2025_M19,AFC Qualifier,Saudi NT,Jordan NT,5,Derby/High,59042,57666,Inma Stadium (ملعب الإنماء),3,East,Home,18:45,9,22,Normal,0,0,30.6,61.7,31.8,7,80,103,21,High
KASC_2025_M19,AFC Qualifier,Saudi NT,Jordan NT,5,Derby/High,59042,57666,Inma Stadium (ملعب الإنماء),3,East,Home,18:50,9,22,Normal,0,0,30.6,61.7,31.8,10,84,76,21,High
KASC_2025_M19,AFC Qualifier,Saudi NT,Jordan NT,5,Derby/High,59042,57666,Inma Stadium (ملعب الإنماء),3,East,Home,18:55,9,22,Normal,0,0,30.6,61.7,31.8,13,170,118,28,High
KASC_2025_M19,AFC Qualifier,Saudi NT,Jordan NT,5,Derby/High,59042,57666,Inma Stadium (ملعب الإنماء),3,East,Home,19:00,9,22,Normal,0,0,30.6,61.7,31.8,9,99,99,26,High
KASC_2025_M19,AFC Qualifier,Saudi NT,Jordan NT,5,Derby/High,59042,57666,Inma Stadium (ملعب الإنماء),3,East,Home,19:05,9,22,Normal,0,0,30.6,61.7,31.8,14,172,111,25,High
KASC_2025_M19,AFC Qualifier,Saudi NT,Jordan NT,5,Derby/High,59042,57666,Inma Stadium (ملعب الإنماء),3,East,Home,19:10,9,22,Normal,0,0,30.6,61.7,31.8,13,164,114,39,High
KASC_2025_M19,AFC Qualifier,Saudi NT,Jordan NT,5,Derby/High,59042,57666,Inma Stadium (ملعب الإنماء),3,East,Home,19:15,9,22,Normal,0,0,30.6,61.7,31.8,11,168,138,28,High
KASC_2025_M19,AFC Qualifier,Saudi NT,Jordan NT,5,Derby/High,59042,57666,Inma Stadium (ملعب الإنماء),3,East,Home,19:20,9,22,Normal,0,0,30.6,61.7,31.8,10,156,141,33,High
KASC_2025_M19,AFC Qualifier,Saudi NT,Jordan NT,5,Derby/High,59042,57666,Inma Stadium (ملعب الإنماء),3,East,Home,19:25,9,22,Normal,0,0,30.6,61.7,31.8,15,186,112,38,High
KASC_2025_M19,AFC Qualifier,Saudi NT,Jordan NT,5,Derby/High,59042,57666,Inma Stadium (ملعب الإنماء),3,East,Home,19:30,9,22,Normal,0,0,30.6,61.7,31.8,12,205,154,34,High
KASC_2025_M19,AFC Qualifier,Saudi NT,Jordan NT,5,Derby/High,59042,57666,Inma Stadium (ملعب الإنماء),3,East,Home,19:35,9,22,Normal,0,0,30.6,61.7,31.8,12,172,129,33,High
KASC_2025_M19,AFC Qualifier,Saudi NT,Jordan NT,5,Derby/High,59042,57666,Inma Stadium (ملعب الإنماء),3,East,Home,19:40,9,22,Normal,0,0,30.6,61.7,31.8,10,144,130,40,High
KASC_2025_M19,AFC Qualifier,Saudi NT,Jordan NT,5,Derby/High,59042,57666,Inma Stadium (ملعب الإنماء),3,East,Home,19:45,9,22,Normal,0,0,30.6,61.7,31.8,12,180,135,27,High
KASC_2025_M19,AFC Qualifier,Saudi NT,Jordan NT,5,Derby/High,59042,57666,Inma Stadium (ملعب الإنماء),3,East,Home,19:50,9,22,Normal,0,0,30.6,61.7,31.8,12,164,123,33,High
KASC_2025_M19,AFC Qualifier,Saudi NT,Jordan NT,5,Derby/High,59042,57666,Inma Stadium (ملعب الإنماء),3,East,Home,19:55,9,22,Normal,0,0,30.6,61.7,31.8,9,130,130,22,High
KASC_2025_M19,AFC Qualifier,Saudi NT,Jordan NT,5,Derby/High,59042,57666,Inma Stadium (ملعب الإنماء),3,East,Home,20:00,9,22,Normal,0,0,30.6,61.7,31.8,9,108,108,23,High
KASC_2025_M19,AFC Qualifier,Saudi NT,Jordan NT,5,Derby/High,59042,57666,Inma Stadium (ملعب الإنماء),3,East,Home,20:05,9,22,Normal,0,0,30.6,61.7,31.8,14,155,100,16,High
KASC_2025_M19,AFC Qualifier,Saudi NT,Jordan NT,5,Derby/High,59042,57666,Inma Stadium (ملعب الإنماء),3,East,Home,20:10,9,22,Normal,0,0,30.6,61.7,31.8,9,99,99,24,High
KASC_2025_M19,AFC Qualifier,Saudi NT,Jordan NT,5,Derby/High,59042,57666,Inma Stadium (ملعب الإنماء),3,East,Home,20:15,9,22,Normal,0,0,30.6,61.7,31.8,12,144,108,24,High
KASC_2025_M19,AFC Qualifier,Saudi NT,Jordan NT,5,Derby/High,59042,57666,Inma Stadium (ملعب الإنماء),3,East,Home,20:20,9,22,Normal,0,0,30.6,61.7,31.8,12,105,79,18,High
KASC_2025_M19,AFC Qualifier,Saudi NT,Jordan NT,5,Derby/High,59042,57666,Inma Stadium (ملعب الإنماء),3,East,Home,20:25,9,22,Normal,0,0,30.6,61.7,31.8,17,136,72,22,High
KASC_2025_M19,AFC Qualifier,Saudi NT,Jordan NT,5,Derby/High,59042,57666,Inma Stadium (ملعب الإنماء),3,East,Home,20:30,9,22,Normal,0,0,30.6,61.7,31.8,15,131,79,17,High
KASC_2025_M19,AFC Qualifier,Saudi NT,Jordan NT,5,Derby/High,59042,57666,Inma Stadium (ملعب الإنماء),3,East,Home,20:35,9,22,Normal,0,0,30.6,61.7,31.8,16,145,82,9,High
KASC_2025_M19,AFC Qualifier,Saudi NT,Jordan NT,5,Derby/High,59042,57666,Inma Stadium (ملعب الإنماء),3,East,Home,20:40,9,22,Normal,0,0,30.6,61.7,31.8,6,42,63,18,High
KASC_2025_M19,AFC Qualifier,Saudi NT,Jordan NT,5,Derby/High,59042,57666,Inma Stadium (ملعب الإنماء),3,East,Home,20:45,9,22,Normal,0,0,30.6,61.7,31.8,7,40,52,17,High
KASC_2025_M19,AFC Qualifier,Saudi NT,Jordan NT,5,Derby/High,59042,57666,Inma Stadium (ملعب الإنماء),3,East,Home,20:50,9,22,Normal,0,0,30.6,61.7,31.8,15,65,39,7,High
KASC_2025_M19,AFC Qualifier,Saudi NT,Jordan NT,5,Derby/High,59042,57666,Inma Stadium (ملعب الإنماء),3,East,Home,20:55,9,22,Normal,0,0,30.6,61.7,31.8,10,50,45,12,High
KASC_2025_M19,AFC Qualifier,Saudi NT,Jordan NT,5,Derby/High,59042,57666,Inma Stadium (ملعب الإنماء),3,East,Home,21:00,9,22,Normal,0,0,30.6,61.7,31.8,12,41,31,7,High
KASC_2025_M19,AFC Qualifier,Saudi NT,Jordan NT,5,Derby/High,59042,57666,Inma Stadium (ملعب الإنماء),3,East,Home,21:05,9,22,Normal,0,0,30.6,61.7,31.8,6,12,19,5,High
KASC_2025_M19,AFC Qualifier,Saudi NT,Jordan NT,5,Derby/High,59042,57666,Inma Stadium (ملعب الإنماء),3,East,Home,21:10,9,22,Normal,0,0,30.6,61.7,31.8,13,40,28,3,High
KASC_2025_M19,AFC Qualifier,Saudi NT,Jordan NT,5,Derby/High,59042,57666,Inma Stadium (ملعب الإنماء),3,East,Home,21:15,9,22,Normal,0,0,30.6,61.7,31.8,12,32,24,5,High
KASC_2025_M19,AFC Qualifier,Saudi NT,Jordan NT,5,Derby/High,59042,57666,Inma Stadium (ملعب الإنماء),3,East,Home,21:20,9,22,Normal,0,0,30.6,61.7,31.8,16,37,21,4,High
KASC_2025_M19,AFC Qualifier,Saudi NT,Jordan NT,5,Derby/High,59042,57666,Inma Stadium (ملعب الإنماء),3,East,Home,21:25,9,22,Normal,0,0,30.6,61.7,31.8,10,16,15,4,High
KASC_2025_M19,AFC Qualifier,Saudi NT,Jordan NT,5,Derby/High,59042,57666,Inma Stadium (ملعب الإنماء),3,East,Home,21:30,9,22,Normal,0,0,30.6,61.7,31.8,7,10,13,3,High
KASC_2025_M19,AFC Qualifier,Saudi NT,Jordan NT,5,Derby/High,59042,57666,Inma Stadium (ملعب الإنماء),3,East,Home,21:35,9,22,Normal,0,0,30.6,61.7,31.8,17,18,10,1,High
KASC_2025_M19,AFC Qualifier,Saudi NT,Jordan NT,5,Derby/High,59042,57666,Inma Stadium (ملعب الإنماء),3,East,Home,21:40,9,22,Normal,0,0,30.6,61.7,31.8,18,12,6,1,High
KASC_2025_M19,AFC Qualifier,Saudi NT,Jordan NT,5,Derby/High,59042,57666,Inma Stadium (ملعب الإنماء),3,East,Home,21:45,9,22,Normal,0,0,30.6,61.7,31.8,12,13,10,2,High
KASC_2025_M19,AFC Qualifier,Saudi NT,Jordan NT,5,Derby/High,59042,57666,Inma Stadium (ملعب الإنماء),3,East,Home,21:50,9,22,Normal,0,0,30.6,61.7,31.8,14,14,9,2,High
KASC_2025_M19,AFC Qualifier,Saudi NT,Jordan NT,5,Derby/High,59042,57666,Inma Stadium (ملعب الإنماء),3,East,Home,21:55,9,22,Normal,0,0,30.6,61.7,31.8,7,4,6,1,High
KASC_2025_M19,AFC Qualifier,Saudi NT,Jordan NT,5,Derby/High,59042,57666,Inma Stadium (ملعب الإنماء),3,East,Home,22:00,9,22,Normal,0,0,30.6,61.7,31.8,11,7,6,2,Medium
KASC_2025_M19,AFC Qualifier,Saudi NT,Jordan NT,5,Derby/High,59042,57666,Inma Stadium (ملعب الإنماء),3,East,Home,22:05,9,22,Normal,0,0,30.6,61.7,31.8,6,0,1,1,Low
KASC_2025_M19,AFC Qualifier,Saudi NT,Jordan NT,5,Derby/High,59042,57666,Inma Stadium (ملعب الإنماء),3,East,Home,22:10,9,22,Normal,0,0,30.6,61.7,31.8,8,0,1,1,Low
KASC_2025_M19,AFC Qualifier,Saudi NT,Jordan NT,5,Derby/High,59042,57666,Inma Stadium (ملعب الإنماء),3,East,Home,22:15,9,22,Normal,0,0,30.6,61.7,31.8,15,0,0,0,Low
KASC_2025_M19,AFC Qualifier,Saudi NT,Jordan NT,5,Derby/High,59042,57666,Inma Stadium (ملعب الإنماء),3,East,Home,22:20,9,22,Normal,0,0,30.6,61.7,31.8,8,3,4,0,High
KASC_2025_M19,AFC Qualifier,Saudi NT,Jordan NT,5,Derby/High,59042,57666,Inma Stadium (ملعب الإنماء),3,East,Home,22:25,9,22,Normal,0,0,30.6,61.7,31.8,8,2,3,0,High
KASC_2025_M19,AFC Qualifier,Saudi NT,Jordan NT,5,Derby/High,59042,57666,Inma Stadium (ملعب الإنماء),3,East,Home,22:30,9,22,Normal,0,0,30.6,61.7,31.8,10,0,0,0,Low
KASC_2025_M19,AFC Qualifier,Saudi NT,Jordan NT,5,Derby/High,59042,57666,Inma Stadium (ملعب الإنماء),3,East,Home,22:35,9,22,Normal,0,0,30.6,61.7,31.8,14,0,0,0,Low
KASC_2025_M19,AFC Qualifier,Saudi NT,Jordan NT,5,Derby/High,59042,57666,Inma Stadium (ملعب الإنماء),3,East,Home,22:40,9,22,Normal,0,0,30.6,61.7,31.8,13,0,0,0,Low
KASC_2025_M19,AFC Qualifier,Saudi NT,Jordan NT,5,Derby/High,59042,57666,Inma Stadium (ملعب الإنماء),3,East,Home,22:45,9,22,Normal,0,0,30.6,61.7,31.8,11,0,0,0,Low
KASC_2025_M19,AFC Qualifier,Saudi NT,Jordan NT,5,Derby/High,59042,57666,Inma Stadium (ملعب الإنماء),3,East,Home,22:50,9,22,Normal,0,0,30.6,61.7,31.8,10,0,0,0,Low
KASC_2025_M19,AFC Qualifier,Saudi NT,Jordan NT,5,Derby/High,59042,57666,Inma Stadium (ملعب الإنماء),3,East,Home,22:55,9,22,Normal,0,0,30.6,61.7,31.8,18,0,0,0,Low
KASC_2025_M19,AFC Qualifier,Saudi NT,Jordan NT,5,Derby/High,59042,57666,Inma Stadium (ملعب الإنماء),3,East,Home,23:00,9,22,Normal,0,0,30.6,61.7,31.8,6,0,0,0,Low
KASC_2025_M19,AFC Qualifier,Saudi NT,Jordan NT,5,Derby/High,59042,57666,Inma Stadium (ملعب الإنماء),3,East,Home,23:05,9,22,Normal,0,0,30.6,61.7,31.8,17,0,0,0,Low
KASC_2025_M19,AFC Qualifier,Saudi NT,Jordan NT,5,Derby/High,59042,57666,Inma Stadium (ملعب الإنماء),3,East,Home,23:10,9,22,Normal,0,0,30.6,61.7,31.8,16,0,0,0,Low
KASC_2025_M19,AFC Qualifier,Saudi NT,Jordan NT,5,Derby/High,59042,57666,Inma Stadium (ملعب الإنماء),3,East,Home,23:15,9,22,Normal,0,0,30.6,61.7,31.8,10,0,0,0,Low
KASC_2025_M19,AFC Qualifier,Saudi NT,Jordan NT,5,Derby/High,59042,57666,Inma Stadium (ملعب الإنماء),3,East,Home,23:20,9,22,Normal,0,0,30.6,61.7,31.8,10,0,0,0,Low
KASC_2025_M19,AFC Qualifier,Saudi NT,Jordan NT,5,Derby/High,59042,57666,Inma Stadium (ملعب الإنماء),3,East,Home,23:25,9,22,Normal,0,0,30.6,61.7,31.8,8,0,0,0,Low
KASC_2025_M19,AFC Qualifier,Saudi NT,Jordan NT,5,Derby/High,59042,57666,Inma Stadium (ملعب الإنماء),3,East,Home,23:30,9,22,Normal,0,0,30.6,61.7,31.8,11,0,0,0,Low
KASC_2025_M19,AFC Qualifier,Saudi NT,Jordan NT,5,Derby/High,59042,57666,Inma Stadium (ملعب الإنماء),3,East,Home,23:35,9,22,Normal,0,0,30.6,61.7,31.8,6,0,0,0,Low
KASC_2025_M19,AFC Qualifier,Saudi NT,Jordan NT,5,Derby/High,59042,57666,Inma Stadium (ملعب الإنماء),3,East,Home,23:40,9,22,Normal,0,0,30.6,61.7,31.8,9,0,0,0,Low
KASC_2025_M19,AFC Qualifier,Saudi NT,Jordan NT,5,Derby/High,59042,57666,Inma Stadium (ملعب الإنماء),3,East,Home,23:45,9,22,Normal,0,0,30.6,61.7,31.8,8,0,0,0,Low
KASC_2025_M19,AFC Qualifier,Saudi NT,Jordan NT,5,Derby/High,59042,57666,Inma Stadium (ملعب الإنماء),3,East,Home,23:50,9,22,Normal,0,0,30.6,61.7,31.8,6,0,0,0,Low
KASC_2025_M19,AFC Qualifier,Saudi NT,Jordan NT,5,Derby/High,59042,57666,Inma Stadium (ملعب الإنماء),3,East,Home,23:55,9,22,Normal,0,0,30.6,61.7,31.8,10,0,0,0,Low
KASC_2025_M19,AFC Qualifier,Saudi NT,Jordan NT,5,Derby/High,59042,57666,Inma Stadium (ملعب الإنماء),4,East,Home,17:00,4,11,Normal,0,0,30.6,61.7,31.8,16,0,0,0,Medium
KASC_2025_M19,AFC Qualifier,Saudi NT,Jordan NT,5,Derby/High,59042,57666,Inma Stadium (ملعب الإنماء),4,East,Home,17:05,4,11,Normal,0,0,30.6,61.7,31.8,8,6,3,2,High
KASC_2025_M19,AFC Qualifier,Saudi NT,Jordan NT,5,Derby/High,59042,57666,Inma Stadium (ملعب الإنماء),4,East,Home,17:10,4,11,Normal,0,0,30.6,61.7,31.8,9,9,4,0,High
KASC_2025_M19,AFC Qualifier,Saudi NT,Jordan NT,5,Derby/High,59042,57666,Inma Stadium (ملعب الإنماء),4,East,Home,17:15,4,11,Normal,0,0,30.6,61.7,31.8,13,6,2,1,High
KASC_2025_M19,AFC Qualifier,Saudi NT,Jordan NT,5,Derby/High,59042,57666,Inma Stadium (ملعب الإنماء),4,East,Home,17:20,4,11,Normal,0,0,30.6,61.7,31.8,15,15,4,2,High
KASC_2025_M19,AFC Qualifier,Saudi NT,Jordan NT,5,Derby/High,59042,57666,Inma Stadium (ملعب الإنماء),4,East,Home,17:25,4,11,Normal,0,0,30.6,61.7,31.8,15,15,4,2,High
KASC_2025_M19,AFC Qualifier,Saudi NT,Jordan NT,5,Derby/High,59042,57666,Inma Stadium (ملعب الإنماء),4,East,Home,17:30,4,11,Normal,0,0,30.6,61.7,31.8,15,22,6,3,High
KASC_2025_M19,AFC Qualifier,Saudi NT,Jordan NT,5,Derby/High,59042,57666,Inma Stadium (ملعب الإنماء),4,East,Home,17:35,4,11,Normal,0,0,30.6,61.7,31.8,10,10,4,4,Medium
KASC_2025_M19,AFC Qualifier,Saudi NT,Jordan NT,5,Derby/High,59042,57666,Inma Stadium (ملعب الإنماء),4,East,Home,17:40,4,11,Normal,0,0,30.6,61.7,31.8,11,22,8,7,Medium
KASC_2025_M19,AFC Qualifier,Saudi NT,Jordan NT,5,Derby/High,59042,57666,Inma Stadium (ملعب الإنماء),4,East,Home,17:45,4,11,Normal,0,0,30.6,61.7,31.8,10,20,8,7,Medium
KASC_2025_M19,AFC Qualifier,Saudi NT,Jordan NT,5,Derby/High,59042,57666,Inma Stadium (ملعب الإنماء),4,East,Home,17:50,4,11,Normal,0,0,30.6,61.7,31.8,13,26,8,6,High
KASC_2025_M19,AFC Qualifier,Saudi NT,Jordan NT,5,Derby/High,59042,57666,Inma Stadium (ملعب الإنماء),4,East,Home,17:55,4,11,Normal,0,0,30.6,61.7,31.8,13,35,11,7,High
KASC_2025_M19,AFC Qualifier,Saudi NT,Jordan NT,5,Derby/High,59042,57666,Inma Stadium (ملعب الإنماء),4,East,Home,18:00,4,11,Normal,0,0,30.6,61.7,31.8,14,52,15,12,Medium
KASC_2025_M19,AFC Qualifier,Saudi NT,Jordan NT,5,Derby/High,59042,57666,Inma Stadium (ملعب الإنماء),4,East,Home,18:05,4,11,Normal,0,0,30.6,61.7,31.8,6,25,17,9,High
KASC_2025_M19,AFC Qualifier,Saudi NT,Jordan NT,5,Derby/High,59042,57666,Inma Stadium (ملعب الإنماء),4,East,Home,18:10,4,11,Normal,0,0,30.6,61.7,31.8,8,46,23,14,High
KASC_2025_M19,AFC Qualifier,Saudi NT,Jordan NT,5,Derby/High,59042,57666,Inma Stadium (ملعب الإنماء),4,East,Home,18:15,4,11,Normal,0,0,30.6,61.7,31.8,17,106,25,15,High
KASC_2025_M19,AFC Qualifier,Saudi NT,Jordan NT,5,Derby/High,59042,57666,Inma Stadium (ملعب الإنماء),4,East,Home,18:20,4,11,Normal,0,0,30.6,61.7,31.8,11,77,28,24,Medium
KASC_2025_M19,AFC Qualifier,Saudi NT,Jordan NT,5,Derby/High,59042,57666,Inma Stadium (ملعب الإنماء),4,East,Home,18:25,4,11,Normal,0,0,30.6,61.7,31.8,8,52,26,16,High
KASC_2025_M19,AFC Qualifier,Saudi NT,Jordan NT,5,Derby/High,59042,57666,Inma Stadium (ملعب الإنماء),4,East,Home,18:30,4,11,Normal,0,0,30.6,61.7,31.8,12,114,38,15,High
KASC_2025_M19,AFC Qualifier,Saudi NT,Jordan NT,5,Derby/High,59042,57666,Inma Stadium (ملعب الإنماء),4,East,Home,18:35,4,11,Normal,0,0,30.6,61.7,31.8,12,99,33,21,High
KASC_2025_M19,AFC Qualifier,Saudi NT,Jordan NT,5,Derby/High,59042,57666,Inma Stadium (ملعب الإنماء),4,East,Home,18:40,4,11,Normal,0,0,30.6,61.7,31.8,13,149,46,27,High
KASC_2025_M19,AFC Qualifier,Saudi NT,Jordan NT,5,Derby/High,59042,57666,Inma Stadium (ملعب الإنماء),4,East,Home,18:45,4,11,Normal,0,0,30.6,61.7,31.8,9,101,45,17,High
KASC_2025_M19,AFC Qualifier,Saudi NT,Jordan NT,5,Derby/High,59042,57666,Inma Stadium (ملعب الإنماء),4,East,Home,18:50,4,11,Normal,0,0,30.6,61.7,31.8,16,188,47,23,High
KASC_2025_M19,AFC Qualifier,Saudi NT,Jordan NT,5,Derby/High,59042,57666,Inma Stadium (ملعب الإنماء),4,East,Home,18:55,4,11,Normal,0,0,30.6,61.7,31.8,11,159,58,31,High
KASC_2025_M19,AFC Qualifier,Saudi NT,Jordan NT,5,Derby/High,59042,57666,Inma Stadium (ملعب الإنماء),4,East,Home,19:00,4,11,Normal,0,0,30.6,61.7,31.8,6,78,52,21,High
KASC_2025_M19,AFC Qualifier,Saudi NT,Jordan NT,5,Derby/High,59042,57666,Inma Stadium (ملعب الإنماء),4,East,Home,19:05,4,11,Normal,0,0,30.6,61.7,31.8,14,203,58,26,High
KASC_2025_M19,AFC Qualifier,Saudi NT,Jordan NT,5,Derby/High,59042,57666,Inma Stadium (ملعب الإنماء),4,East,Home,19:10,4,11,Normal,0,0,30.6,61.7,31.8,10,122,49,35,High
KASC_2025_M19,AFC Qualifier,Saudi NT,Jordan NT,5,Derby/High,59042,57666,Inma Stadium (ملعب الإنماء),4,East,Home,19:15,4,11,Normal,0,0,30.6,61.7,31.8,9,126,56,28,High
KASC_2025_M19,AFC Qualifier,Saudi NT,Jordan NT,5,Derby/High,59042,57666,Inma Stadium (ملعب الإنماء),4,East,Home,19:20,4,11,Normal,0,0,30.6,61.7,31.8,9,153,68,29,High
KASC_2025_M19,AFC Qualifier,Saudi NT,Jordan NT,5,Derby/High,59042,57666,Inma Stadium (ملعب الإنماء),4,East,Home,19:25,4,11,Normal,0,0,30.6,61.7,31.8,9,144,64,37,High
KASC_2025_M19,AFC Qualifier,Saudi NT,Jordan NT,5,Derby/High,59042,57666,Inma Stadium (ملعب الإنماء),4,East,Home,19:30,4,11,Normal,0,0,30.6,61.7,31.8,12,174,58,32,High
KASC_2025_M19,AFC Qualifier,Saudi NT,Jordan NT,5,Derby/High,59042,57666,Inma Stadium (ملعب الإنماء),4,East,Home,19:35,4,11,Normal,0,0,30.6,61.7,31.8,13,204,63,32,High
KASC_2025_M19,AFC Qualifier,Saudi NT,Jordan NT,5,Derby/High,59042,57666,Inma Stadium (ملعب الإنماء),4,East,Home,19:40,4,11,Normal,0,0,30.6,61.7,31.8,8,128,64,38,High
KASC_2025_M19,AFC Qualifier,Saudi NT,Jordan NT,5,Derby/High,59042,57666,Inma Stadium (ملعب الإنماء),4,East,Home,19:45,4,11,Normal,0,0,30.6,61.7,31.8,12,210,70,32,High
KASC_2025_M19,AFC Qualifier,Saudi NT,Jordan NT,5,Derby/High,59042,57666,Inma Stadium (ملعب الإنماء),4,East,Home,19:50,4,11,Normal,0,0,30.6,61.7,31.8,10,145,58,31,High
KASC_2025_M19,AFC Qualifier,Saudi NT,Jordan NT,5,Derby/High,59042,57666,Inma Stadium (ملعب الإنماء),4,East,Home,19:55,4,11,Normal,0,0,30.6,61.7,31.8,7,94,54,27,High
KASC_2025_M19,AFC Qualifier,Saudi NT,Jordan NT,5,Derby/High,59042,57666,Inma Stadium (ملعب الإنماء),4,East,Home,20:00,4,11,Normal,0,0,30.6,61.7,31.8,11,137,50,32,High
KASC_2025_M19,AFC Qualifier,Saudi NT,Jordan NT,5,Derby/High,59042,57666,Inma Stadium (ملعب الإنماء),4,East,Home,20:05,4,11,Normal,0,0,30.6,61.7,31.8,15,172,46,32,High
KASC_2025_M19,AFC Qualifier,Saudi NT,Jordan NT,5,Derby/High,59042,57666,Inma Stadium (ملعب الإنماء),4,East,Home,20:10,4,11,Normal,0,0,30.6,61.7,31.8,11,118,43,28,High
KASC_2025_M19,AFC Qualifier,Saudi NT,Jordan NT,5,Derby/High,59042,57666,Inma Stadium (ملعب الإنماء),4,East,Home,20:15,4,11,Normal,0,0,30.6,61.7,31.8,10,110,44,33,High
KASC_2025_M19,AFC Qualifier,Saudi NT,Jordan NT,5,Derby/High,59042,57666,Inma Stadium (ملعب الإنماء),4,East,Home,20:20,4,11,Normal,0,0,30.6,61.7,31.8,13,156,48,19,High
KASC_2025_M19,AFC Qualifier,Saudi NT,Jordan NT,5,Derby/High,59042,57666,Inma Stadium (ملعب الإنماء),4,East,Home,20:25,4,11,Normal,0,0,30.6,61.7,31.8,11,110,40,20,High
KASC_2025_M19,AFC Qualifier,Saudi NT,Jordan NT,5,Derby/High,59042,57666,Inma Stadium (ملعب الإنماء),4,East,Home,20:30,4,11,Normal,0,0,30.6,61.7,31.8,10,107,43,10,High
KASC_2025_M19,AFC Qualifier,Saudi NT,Jordan NT,5,Derby/High,59042,57666,Inma Stadium (ملعب الإنماء),4,East,Home,20:35,4,11,Normal,0,0,30.6,61.7,31.8,10,80,32,18,High
KASC_2025_M19,AFC Qualifier,Saudi NT,Jordan NT,5,Derby/High,59042,57666,Inma Stadium (ملعب الإنماء),4,East,Home,20:40,4,11,Normal,0,0,30.6,61.7,31.8,7,38,22,17,High
KASC_2025_M19,AFC Qualifier,Saudi NT,Jordan NT,5,Derby/High,59042,57666,Inma Stadium (ملعب الإنماء),4,East,Home,20:45,4,11,Normal,0,0,30.6,61.7,31.8,10,75,30,11,High
KASC_2025_M19,AFC Qualifier,Saudi NT,Jordan NT,5,Derby/High,59042,57666,Inma Stadium (ملعب الإنماء),4,East,Home,20:50,4,11,Normal,0,0,30.6,61.7,31.8,17,80,19,12,High
KASC_2025_M19,AFC Qualifier,Saudi NT,Jordan NT,5,Derby/High,59042,57666,Inma Stadium (ملعب الإنماء),4,East,Home,20:55,4,11,Normal,0,0,30.6,61.7,31.8,10,55,22,9,High
KASC_2025_M19,AFC Qualifier,Saudi NT,Jordan NT,5,Derby/High,59042,57666,Inma Stadium (ملعب الإنماء),4,East,Home,21:00,4,11,Normal,0,0,30.6,61.7,31.8,13,32,10,3,High
KASC_2025_M19,AFC Qualifier,Saudi NT,Jordan NT,5,Derby/High,59042,57666,Inma Stadium (ملعب الإنماء),4,East,Home,21:05,4,11,Normal,0,0,30.6,61.7,31.8,12,30,10,6,High
KASC_2025_M19,AFC Qualifier,Saudi NT,Jordan NT,5,Derby/High,59042,57666,Inma Stadium (ملعب الإنماء),4,East,Home,21:10,4,11,Normal,0,0,30.6,61.7,31.8,8,20,10,4,High
KASC_2025_M19,AFC Qualifier,Saudi NT,Jordan NT,5,Derby/High,59042,57666,Inma Stadium (ملعب الإنماء),4,East,Home,21:15,4,11,Normal,0,0,30.6,61.7,31.8,9,27,12,4,High
KASC_2025_M19,AFC Qualifier,Saudi NT,Jordan NT,5,Derby/High,59042,57666,Inma Stadium (ملعب الإنماء),4,East,Home,21:20,4,11,Normal,0,0,30.6,61.7,31.8,7,14,8,3,High
KASC_2025_M19,AFC Qualifier,Saudi NT,Jordan NT,5,Derby/High,59042,57666,Inma Stadium (ملعب الإنماء),4,East,Home,21:25,4,11,Normal,0,0,30.6,61.7,31.8,8,10,5,6,Medium
KASC_2025_M19,AFC Qualifier,Saudi NT,Jordan NT,5,Derby/High,59042,57666,Inma Stadium (ملعب الإنماء),4,East,Home,21:30,4,11,Normal,0,0,30.6,61.7,31.8,14,28,8,0,High
KASC_2025_M19,AFC Qualifier,Saudi NT,Jordan NT,5,Derby/High,59042,57666,Inma Stadium (ملعب الإنماء),4,East,Home,21:35,4,11,Normal,0,0,30.6,61.7,31.8,14,14,4,4,Medium
KASC_2025_M19,AFC Qualifier,Saudi NT,Jordan NT,5,Derby/High,59042,57666,Inma Stadium (ملعب الإنماء),4,East,Home,21:40,4,11,Normal,0,0,30.6,61.7,31.8,19,19,4,0,High
KASC_2025_M19,AFC Qualifier,Saudi NT,Jordan NT,5,Derby/High,59042,57666,Inma Stadium (ملعب الإنماء),4,East,Home,21:45,4,11,Normal,0,0,30.6,61.7,31.8,13,13,4,3,Medium
KASC_2025_M19,AFC Qualifier,Saudi NT,Jordan NT,5,Derby/High,59042,57666,Inma Stadium (ملعب الإنماء),4,East,Home,21:50,4,11,Normal,0,0,30.6,61.7,31.8,9,2,1,2,Medium
KASC_2025_M19,AFC Qualifier,Saudi NT,Jordan NT,5,Derby/High,59042,57666,Inma Stadium (ملعب الإنماء),4,East,Home,21:55,4,11,Normal,0,0,30.6,61.7,31.8,16,0,0,1,Low
KASC_2025_M19,AFC Qualifier,Saudi NT,Jordan NT,5,Derby/High,59042,57666,Inma Stadium (ملعب الإنماء),4,East,Home,22:00,4,11,Normal,0,0,30.6,61.7,31.8,14,7,2,0,High
KASC_2025_M19,AFC Qualifier,Saudi NT,Jordan NT,5,Derby/High,59042,57666,Inma Stadium (ملعب الإنماء),4,East,Home,22:05,4,11,Normal,0,0,30.6,61.7,31.8,9,0,0,0,Medium
KASC_2025_M19,AFC Qualifier,Saudi NT,Jordan NT,5,Derby/High,59042,57666,Inma Stadium (ملعب الإنماء),4,East,Home,22:10,4,11,Normal,0,0,30.6,61.7,31.8,17,8,2,0,High
KASC_2025_M19,AFC Qualifier,Saudi NT,Jordan NT,5,Derby/High,59042,57666,Inma Stadium (ملعب الإنماء),4,East,Home,22:15,4,11,Normal,0,0,30.6,61.7,31.8,8,0,0,2,Low
KASC_2025_M19,AFC Qualifier,Saudi NT,Jordan NT,5,Derby/High,59042,57666,Inma Stadium (ملعب الإنماء),4,East,Home,22:20,4,11,Normal,0,0,30.6,61.7,31.8,13,0,0,0,Medium
KASC_2025_M19,AFC Qualifier,Saudi NT,Jordan NT,5,Derby/High,59042,57666,Inma Stadium (ملعب الإنماء),4,East,Home,22:25,4,11,Normal,0,0,30.6,61.7,31.8,11,0,0,0,Medium
KASC_2025_M19,AFC Qualifier,Saudi NT,Jordan NT,5,Derby/High,59042,57666,Inma Stadium (ملعب الإنماء),4,East,Home,22:30,4,11,Normal,0,0,30.6,61.7,31.8,9,4,2,0,High
KASC_2025_M19,AFC Qualifier,Saudi NT,Jordan NT,5,Derby/High,59042,57666,Inma Stadium (ملعب الإنماء),4,East,Home,22:35,4,11,Normal,0,0,30.6,61.7,31.8,14,0,0,0,Medium
KASC_2025_M19,AFC Qualifier,Saudi NT,Jordan NT,5,Derby/High,59042,57666,Inma Stadium (ملعب الإنماء),4,East,Home,22:40,4,11,Normal,0,0,30.6,61.7,31.8,8,0,0,0,Medium
KASC_2025_M19,AFC Qualifier,Saudi NT,Jordan NT,5,Derby/High,59042,57666,Inma Stadium (ملعب الإنماء),4,East,Home,22:45,4,11,Normal,0,0,30.6,61.7,31.8,8,0,0,0,Medium
KASC_2025_M19,AFC Qualifier,Saudi NT,Jordan NT,5,Derby/High,59042,57666,Inma Stadium (ملعب الإنماء),4,East,Home,22:50,4,11,Normal,0,0,30.6,61.7,31.8,14,0,0,0,Medium
KASC_2025_M19,AFC Qualifier,Saudi NT,Jordan NT,5,Derby/High,59042,57666,Inma Stadium (ملعب الإنماء),4,East,Home,22:55,4,11,Normal,0,0,30.6,61.7,31.8,11,0,0,0,Medium
KASC_2025_M19,AFC Qualifier,Saudi NT,Jordan NT,5,Derby/High,59042,57666,Inma Stadium (ملعب الإنماء),4,East,Home,23:00,4,11,Normal,0,0,30.6,61.7,31.8,10,0,0,0,Medium
KASC_2025_M19,AFC Qualifier,Saudi NT,Jordan NT,5,Derby/High,59042,57666,Inma Stadium (ملعب الإنماء),4,East,Home,23:05,4,11,Normal,0,0,30.6,61.7,31.8,9,0,0,0,Medium
KASC_2025_M19,AFC Qualifier,Saudi NT,Jordan NT,5,Derby/High,59042,57666,Inma Stadium (ملعب الإنماء),4,East,Home,23:10,4,11,Normal,0,0,30.6,61.7,31.8,8,0,0,0,Medium
KASC_2025_M19,AFC Qualifier,Saudi NT,Jordan NT,5,Derby/High,59042,57666,Inma Stadium (ملعب الإنماء),4,East,Home,23:15,4,11,Normal,0,0,30.6,61.7,31.8,9,0,0,0,Medium
KASC_2025_M19,AFC Qualifier,Saudi NT,Jordan NT,5,Derby/High,59042,57666,Inma Stadium (ملعب الإنماء),4,East,Home,23:20,4,11,Normal,0,0,30.6,61.7,31.8,15,0,0,0,Medium
KASC_2025_M19,AFC Qualifier,Saudi NT,Jordan NT,5,Derby/High,59042,57666,Inma Stadium (ملعب الإنماء),4,East,Home,23:25,4,11,Normal,0,0,30.6,61.7,31.8,12,0,0,0,Medium
KASC_2025_M19,AFC Qualifier,Saudi NT,Jordan NT,5,Derby/High,59042,57666,Inma Stadium (ملعب الإنماء),4,East,Home,23:30,4,11,Normal,0,0,30.6,61.7,31.8,13,0,0,0,Medium
KASC_2025_M19,AFC Qualifier,Saudi NT,Jordan NT,5,Derby/High,59042,57666,Inma Stadium (ملعب الإنماء),4,East,Home,23:35,4,11,Normal,0,0,30.6,61.7,31.8,9,0,0,0,Medium
KASC_2025_M19,AFC Qualifier,Saudi NT,Jordan NT,5,Derby/High,59042,57666,Inma Stadium (ملعب الإنماء),4,East,Home,23:40,4,11,Normal,0,0,30.6,61.7,31.8,12,0,0,0,Medium
KASC_2025_M19,AFC Qualifier,Saudi NT,Jordan NT,5,Derby/High,59042,57666,Inma Stadium (ملعب الإنماء),4,East,Home,23:45,4,11,Normal,0,0,30.6,61.7,31.8,11,0,0,0,Medium
KASC_2025_M19,AFC Qualifier,Saudi NT,Jordan NT,5,Derby/High,59042,57666,Inma Stadium (ملعب الإنماء),4,East,Home,23:50,4,11,Normal,0,0,30.6,61.7,31.8,12,0,0,0,Medium
KASC_2025_M19,AFC Qualifier,Saudi NT,Jordan NT,5,Derby/High,59042,57666,Inma Stadium (ملعب الإنماء),4,East,Home,23:55,4,11,Normal,0,0,30.6,61.7,31.8,14,0,0,0,Medium
KASC_2025_M19,AFC Qualifier,Saudi NT,Jordan NT,5,Derby/High,59042,57666,Inma Stadium (ملعب الإنماء),5,South,Away,17:00,3,25,Normal,1,8,30.6,61.7,31.8,7,0,0,0,High
KASC_2025_M19,AFC Qualifier,Saudi NT,Jordan NT,5,Derby/High,59042,57666,Inma Stadium (ملعب الإنماء),5,South,Away,17:05,3,25,Normal,1,8,30.6,61.7,31.8,14,0,0,0,High
KASC_2025_M19,AFC Qualifier,Saudi NT,Jordan NT,5,Derby/High,59042,57666,Inma Stadium (ملعب الإنماء),5,South,Away,17:10,3,25,Normal,1,8,30.6,61.7,31.8,13,0,0,0,High
KASC_2025_M19,AFC Qualifier,Saudi NT,Jordan NT,5,Derby/High,59042,57666,Inma Stadium (ملعب الإنماء),5,South,Away,17:15,3,25,Normal,1,8,30.6,61.7,31.8,9,3,1,0,High
KASC_2025_M19,AFC Qualifier,Saudi NT,Jordan NT,5,Derby/High,59042,57666,Inma Stadium (ملعب الإنماء),5,South,Away,17:20,3,25,Normal,1,8,30.6,61.7,31.8,8,0,0,2,Low
KASC_2025_M19,AFC Qualifier,Saudi NT,Jordan NT,5,Derby/High,59042,57666,Inma Stadium (ملعب الإنماء),5,South,Away,17:25,3,25,Normal,1,8,30.6,61.7,31.8,11,0,0,0,High
KASC_2025_M19,AFC Qualifier,Saudi NT,Jordan NT,5,Derby/High,59042,57666,Inma Stadium (ملعب الإنماء),5,South,Away,17:30,3,25,Normal,1,8,30.6,61.7,31.8,9,0,0,0,High
KASC_2025_M19,AFC Qualifier,Saudi NT,Jordan NT,5,Derby/High,59042,57666,Inma Stadium (ملعب الإنماء),5,South,Away,17:35,3,25,Normal,1,8,30.6,61.7,31.8,11,11,3,0,High
KASC_2025_M19,AFC Qualifier,Saudi NT,Jordan NT,5,Derby/High,59042,57666,Inma Stadium (ملعب الإنماء),5,South,Away,17:40,3,25,Normal,1,8,30.6,61.7,31.8,12,4,1,0,High
KASC_2025_M19,AFC Qualifier,Saudi NT,Jordan NT,5,Derby/High,59042,57666,Inma Stadium (ملعب الإنماء),5,South,Away,17:45,3,25,Normal,1,8,30.6,61.7,31.8,7,2,1,2,Medium
KASC_2025_M19,AFC Qualifier,Saudi NT,Jordan NT,5,Derby/High,59042,57666,Inma Stadium (ملعب الإنماء),5,South,Away,17:50,3,25,Normal,1,8,30.6,61.7,31.8,18,0,0,1,Medium
KASC_2025_M19,AFC Qualifier,Saudi NT,Jordan NT,5,Derby/High,59042,57666,Inma Stadium (ملعب الإنماء),5,South,Away,17:55,3,25,Normal,1,8,30.6,61.7,31.8,16,21,4,3,High
KASC_2025_M19,AFC Qualifier,Saudi NT,Jordan NT,5,Derby/High,59042,57666,Inma Stadium (ملعب الإنماء),5,South,Away,18:00,3,25,Normal,1,8,30.6,61.7,31.8,9,9,3,5,Medium
KASC_2025_M19,AFC Qualifier,Saudi NT,Jordan NT,5,Derby/High,59042,57666,Inma Stadium (ملعب الإنماء),5,South,Away,18:05,3,25,Normal,1,8,30.6,61.7,31.8,11,18,5,7,Medium
KASC_2025_M19,AFC Qualifier,Saudi NT,Jordan NT,5,Derby/High,59042,57666,Inma Stadium (ملعب الإنماء),5,South,Away,18:10,3,25,Normal,1,8,30.6,61.7,31.8,15,30,6,3,High
KASC_2025_M19,AFC Qualifier,Saudi NT,Jordan NT,5,Derby/High,59042,57666,Inma Stadium (ملعب الإنماء),5,South,Away,18:15,3,25,Normal,1,8,30.6,61.7,31.8,12,32,8,11,Medium
KASC_2025_M19,AFC Qualifier,Saudi NT,Jordan NT,5,Derby/High,59042,57666,Inma Stadium (ملعب الإنماء),5,South,Away,18:20,3,25,Normal,1,8,30.6,61.7,31.8,10,20,6,7,High
KASC_2025_M19,AFC Qualifier,Saudi NT,Jordan NT,5,Derby/High,59042,57666,Inma Stadium (ملعب الإنماء),5,South,Away,18:25,3,25,Normal,1,8,30.6,61.7,31.8,12,28,7,10,Medium
KASC_2025_M19,AFC Qualifier,Saudi NT,Jordan NT,5,Derby/High,59042,57666,Inma Stadium (ملعب الإنماء),5,South,Away,18:30,3,25,Normal,1,8,30.6,61.7,31.8,13,52,12,9,High
KASC_2025_M19,AFC Qualifier,Saudi NT,Jordan NT,5,Derby/High,59042,57666,Inma Stadium (ملعب الإنماء),5,South,Away,18:35,3,25,Normal,1,8,30.6,61.7,31.8,16,69,13,10,High
KASC_2025_M19,AFC Qualifier,Saudi NT,Jordan NT,5,Derby/High,59042,57666,Inma Stadium (ملعب الإنماء),5,South,Away,18:40,3,25,Normal,1,8,30.6,61.7,31.8,12,64,16,10,High
KASC_2025_M19,AFC Qualifier,Saudi NT,Jordan NT,5,Derby/High,59042,57666,Inma Stadium (ملعب الإنماء),5,South,Away,18:45,3,25,Normal,1,8,30.6,61.7,31.8,12,72,18,10,High
KASC_2025_M19,AFC Qualifier,Saudi NT,Jordan NT,5,Derby/High,59042,57666,Inma Stadium (ملعب الإنماء),5,South,Away,18:50,3,25,Normal,1,8,30.6,61.7,31.8,13,73,17,6,High
KASC_2025_M19,AFC Qualifier,Saudi NT,Jordan NT,5,Derby/High,59042,57666,Inma Stadium (ملعب الإنماء),5,South,Away,18:55,3,25,Normal,1,8,30.6,61.7,31.8,7,58,25,13,High
KASC_2025_M19,AFC Qualifier,Saudi NT,Jordan NT,5,Derby/High,59042,57666,Inma Stadium (ملعب الإنماء),5,South,Away,19:00,3,25,Normal,1,8,30.6,61.7,31.8,13,82,19,18,High
KASC_2025_M19,AFC Qualifier,Saudi NT,Jordan NT,5,Derby/High,59042,57666,Inma Stadium (ملعب الإنماء),5,South,Away,19:05,3,25,Normal,1,8,30.6,61.7,31.8,8,61,23,16,High
KASC_2025_M19,AFC Qualifier,Saudi NT,Jordan NT,5,Derby/High,59042,57666,Inma Stadium (ملعب الإنماء),5,South,Away,19:10,3,25,Normal,1,8,30.6,61.7,31.8,13,112,26,16,High
KASC_2025_M19,AFC Qualifier,Saudi NT,Jordan NT,5,Derby/High,59042,57666,Inma Stadium (ملعب الإنماء),5,South,Away,19:15,3,25,Normal,1,8,30.6,61.7,31.8,13,130,30,12,High
KASC_2025_M19,AFC Qualifier,Saudi NT,Jordan NT,5,Derby/High,59042,57666,Inma Stadium (ملعب الإنماء),5,South,Away,19:20,3,25,Normal,1,8,30.6,61.7,31.8,15,130,26,16,High
KASC_2025_M19,AFC Qualifier,Saudi NT,Jordan NT,5,Derby/High,59042,57666,Inma Stadium (ملعب الإنماء),5,South,Away,19:25,3,25,Normal,1,8,30.6,61.7,31.8,11,95,26,21,High
KASC_2025_M19,AFC Qualifier,Saudi NT,Jordan NT,5,Derby/High,59042,57666,Inma Stadium (ملعب الإنماء),5,South,Away,19:30,3,25,Normal,1,8,30.6,61.7,31.8,11,99,27,18,High
KASC_2025_M19,AFC Qualifier,Saudi NT,Jordan NT,5,Derby/High,59042,57666,Inma Stadium (ملعب الإنماء),5,South,Away,19:35,3,25,Normal,1,8,30.6,61.7,31.8,9,75,25,15,High
KASC_2025_M19,AFC Qualifier,Saudi NT,Jordan NT,5,Derby/High,59042,57666,Inma Stadium (ملعب الإنماء),5,South,Away,19:40,3,25,Normal,1,8,30.6,61.7,31.8,10,113,34,11,High
KASC_2025_M19,AFC Qualifier,Saudi NT,Jordan NT,5,Derby/High,59042,57666,Inma Stadium (ملعب الإنماء),5,South,Away,19:45,3,25,Normal,1,8,30.6,61.7,31.8,12,96,24,13,High
KASC_2025_M19,AFC Qualifier,Saudi NT,Jordan NT,5,Derby/High,59042,57666,Inma Stadium (ملعب الإنماء),5,South,Away,19:50,3,25,Normal,1,8,30.6,61.7,31.8,10,93,28,19,High
KASC_2025_M19,AFC Qualifier,Saudi NT,Jordan NT,5,Derby/High,59042,57666,Inma Stadium (ملعب الإنماء),5,South,Away,19:55,3,25,Normal,1,8,30.6,61.7,31.8,10,80,24,23,High
KASC_2025_M19,AFC Qualifier,Saudi NT,Jordan NT,5,Derby/High,59042,57666,Inma Stadium (ملعب الإنماء),5,South,Away,20:00,3,25,Normal,1,8,30.6,61.7,31.8,18,132,22,15,High
KASC_2025_M19,AFC Qualifier,Saudi NT,Jordan NT,5,Derby/High,59042,57666,Inma Stadium (ملعب الإنماء),5,South,Away,20:05,3,25,Normal,1,8,30.6,61.7,31.8,11,62,17,19,High
KASC_2025_M19,AFC Qualifier,Saudi NT,Jordan NT,5,Derby/High,59042,57666,Inma Stadium (ملعب الإنماء),5,South,Away,20:10,3,25,Normal,1,8,30.6,61.7,31.8,7,42,18,18,High
KASC_2025_M19,AFC Qualifier,Saudi NT,Jordan NT,5,Derby/High,59042,57666,Inma Stadium (ملعب الإنماء),5,South,Away,20:15,3,25,Normal,1,8,30.6,61.7,31.8,11,58,16,12,High
KASC_2025_M19,AFC Qualifier,Saudi NT,Jordan NT,5,Derby/High,59042,57666,Inma Stadium (ملعب الإنماء),5,South,Away,20:20,3,25,Normal,1,8,30.6,61.7,31.8,6,36,18,10,High
KASC_2025_M19,AFC Qualifier,Saudi NT,Jordan NT,5,Derby/High,59042,57666,Inma Stadium (ملعب الإنماء),5,South,Away,20:25,3,25,Normal,1,8,30.6,61.7,31.8,9,30,10,10,High
KASC_2025_M19,AFC Qualifier,Saudi NT,Jordan NT,5,Derby/High,59042,57666,Inma Stadium (ملعب الإنماء),5,South,Away,20:30,3,25,Normal,1,8,30.6,61.7,31.8,13,52,12,7,High
KASC_2025_M19,AFC Qualifier,Saudi NT,Jordan NT,5,Derby/High,59042,57666,Inma Stadium (ملعب الإنماء),5,South,Away,20:35,3,25,Normal,1,8,30.6,61.7,31.8,17,51,9,6,High
KASC_2025_M19,AFC Qualifier,Saudi NT,Jordan NT,5,Derby/High,59042,57666,Inma Stadium (ملعب الإنماء),5,South,Away,20:40,3,25,Normal,1,8,30.6,61.7,31.8,9,27,9,11,Medium
KASC_2025_M19,AFC Qualifier,Saudi NT,Jordan NT,5,Derby/High,59042,57666,Inma Stadium (ملعب الإنماء),5,South,Away,20:45,3,25,Normal,1,8,30.6,61.7,31.8,10,33,10,6,High
KASC_2025_M19,AFC Qualifier,Saudi NT,Jordan NT,5,Derby/High,59042,57666,Inma Stadium (ملعب الإنماء),5,South,Away,20:50,3,25,Normal,1,8,30.6,61.7,31.8,16,32,6,2,High
KASC_2025_M19,AFC Qualifier,Saudi NT,Jordan NT,5,Derby/High,59042,57666,Inma Stadium (ملعب الإنماء),5,South,Away,20:55,3,25,Normal,1,8,30.6,61.7,31.8,14,14,3,4,Medium
KASC_2025_M19,AFC Qualifier,Saudi NT,Jordan NT,5,Derby/High,59042,57666,Inma Stadium (ملعب الإنماء),5,South,Away,21:00,3,25,Normal,1,8,30.6,61.7,31.8,10,20,6,5,High
KASC_2025_M19,AFC Qualifier,Saudi NT,Jordan NT,5,Derby/High,59042,57666,Inma Stadium (ملعب الإنماء),5,South,Away,21:05,3,25,Normal,1,8,30.6,61.7,31.8,7,2,1,2,Medium
KASC_2025_M19,AFC Qualifier,Saudi NT,Jordan NT,5,Derby/High,59042,57666,Inma Stadium (ملعب الإنماء),5,South,Away,21:10,3,25,Normal,1,8,30.6,61.7,31.8,13,4,1,2,Medium
KASC_2025_M19,AFC Qualifier,Saudi NT,Jordan NT,5,Derby/High,59042,57666,Inma Stadium (ملعب الإنماء),5,South,Away,21:15,3,25,Normal,1,8,30.6,61.7,31.8,12,8,2,0,High
KASC_2025_M19,AFC Qualifier,Saudi NT,Jordan NT,5,Derby/High,59042,57666,Inma Stadium (ملعب الإنماء),5,South,Away,21:20,3,25,Normal,1,8,30.6,61.7,31.8,11,7,2,2,High
KASC_2025_M19,AFC Qualifier,Saudi NT,Jordan NT,5,Derby/High,59042,57666,Inma Stadium (ملعب الإنماء),5,South,Away,21:25,3,25,Normal,1,8,30.6,61.7,31.8,8,2,1,0,High
KASC_2025_M19,AFC Qualifier,Saudi NT,Jordan NT,5,Derby/High,59042,57666,Inma Stadium (ملعب الإنماء),5,South,Away,21:30,3,25,Normal,1,8,30.6,61.7,31.8,12,4,1,1,High
KASC_2025_M19,AFC Qualifier,Saudi NT,Jordan NT,5,Derby/High,59042,57666,Inma Stadium (ملعب الإنماء),5,South,Away,21:35,3,25,Normal,1,8,30.6,61.7,31.8,14,0,0,0,High
KASC_2025_M19,AFC Qualifier,Saudi NT,Jordan NT,5,Derby/High,59042,57666,Inma Stadium (ملعب الإنماء),5,South,Away,21:40,3,25,Normal,1,8,30.6,61.7,31.8,13,0,0,0,High
KASC_2025_M19,AFC Qualifier,Saudi NT,Jordan NT,5,Derby/High,59042,57666,Inma Stadium (ملعب الإنماء),5,South,Away,21:45,3,25,Normal,1,8,30.6,61.7,31.8,9,0,0,0,High
KASC_2025_M19,AFC Qualifier,Saudi NT,Jordan NT,5,Derby/High,59042,57666,Inma Stadium (ملعب الإنماء),5,South,Away,21:50,3,25,Normal,1,8,30.6,61.7,31.8,15,0,0,0,High
KASC_2025_M19,AFC Qualifier,Saudi NT,Jordan NT,5,Derby/High,59042,57666,Inma Stadium (ملعب الإنماء),5,South,Away,21:55,3,25,Normal,1,8,30.6,61.7,31.8,11,0,0,0,High
KASC_2025_M19,AFC Qualifier,Saudi NT,Jordan NT,5,Derby/High,59042,57666,Inma Stadium (ملعب الإنماء),5,South,Away,22:00,3,25,Normal,1,8,30.6,61.7,31.8,13,0,0,0,High
KASC_2025_M19,AFC Qualifier,Saudi NT,Jordan NT,5,Derby/High,59042,57666,Inma Stadium (ملعب الإنماء),5,South,Away,22:05,3,25,Normal,1,8,30.6,61.7,31.8,14,0,0,0,High
KASC_2025_M19,AFC Qualifier,Saudi NT,Jordan NT,5,Derby/High,59042,57666,Inma Stadium (ملعب الإنماء),5,South,Away,22:10,3,25,Normal,1,8,30.6,61.7,31.8,14,0,0,0,High
KASC_2025_M19,AFC Qualifier,Saudi NT,Jordan NT,5,Derby/High,59042,57666,Inma Stadium (ملعب الإنماء),5,South,Away,22:15,3,25,Normal,1,8,30.6,61.7,31.8,12,0,0,0,High
KASC_2025_M19,AFC Qualifier,Saudi NT,Jordan NT,5,Derby/High,59042,57666,Inma Stadium (ملعب الإنماء),5,South,Away,22:20,3,25,Normal,1,8,30.6,61.7,31.8,14,0,0,0,High
KASC_2025_M19,AFC Qualifier,Saudi NT,Jordan NT,5,Derby/High,59042,57666,Inma Stadium (ملعب الإنماء),5,South,Away,22:25,3,25,Normal,1,8,30.6,61.7,31.8,7,0,0,0,High
KASC_2025_M19,AFC Qualifier,Saudi NT,Jordan NT,5,Derby/High,59042,57666,Inma Stadium (ملعب الإنماء),5,South,Away,22:30,3,25,Normal,1,8,30.6,61.7,31.8,14,0,0,0,High
KASC_2025_M19,AFC Qualifier,Saudi NT,Jordan NT,5,Derby/High,59042,57666,Inma Stadium (ملعب الإنماء),5,South,Away,22:35,3,25,Normal,1,8,30.6,61.7,31.8,10,0,0,0,High
KASC_2025_M19,AFC Qualifier,Saudi NT,Jordan NT,5,Derby/High,59042,57666,Inma Stadium (ملعب الإنماء),5,South,Away,22:40,3,25,Normal,1,8,30.6,61.7,31.8,15,0,0,0,High
KASC_2025_M19,AFC Qualifier,Saudi NT,Jordan NT,5,Derby/High,59042,57666,Inma Stadium (ملعب الإنماء),5,South,Away,22:45,3,25,Normal,1,8,30.6,61.7,31.8,14,0,0,0,High
KASC_2025_M19,AFC Qualifier,Saudi NT,Jordan NT,5,Derby/High,59042,57666,Inma Stadium (ملعب الإنماء),5,South,Away,22:50,3,25,Normal,1,8,30.6,61.7,31.8,6,0,0,0,High
KASC_2025_M19,AFC Qualifier,Saudi NT,Jordan NT,5,Derby/High,59042,57666,Inma Stadium (ملعب الإنماء),5,South,Away,22:55,3,25,Normal,1,8,30.6,61.7,31.8,12,0,0,0,High
KASC_2025_M19,AFC Qualifier,Saudi NT,Jordan NT,5,Derby/High,59042,57666,Inma Stadium (ملعب الإنماء),5,South,Away,23:00,3,25,Normal,1,8,30.6,61.7,31.8,10,0,0,0,High
KASC_2025_M19,AFC Qualifier,Saudi NT,Jordan NT,5,Derby/High,59042,57666,Inma Stadium (ملعب الإنماء),5,South,Away,23:05,3,25,Normal,1,8,30.6,61.7,31.8,10,0,0,0,High
KASC_2025_M19,AFC Qualifier,Saudi NT,Jordan NT,5,Derby/High,59042,57666,Inma Stadium (ملعب الإنماء),5,South,Away,23:10,3,25,Normal,1,8,30.6,61.7,31.8,13,0,0,0,High
KASC_2025_M19,AFC Qualifier,Saudi NT,Jordan NT,5,Derby/High,59042,57666,Inma Stadium (ملعب الإنماء),5,South,Away,23:15,3,25,Normal,1,8,30.6,61.7,31.8,14,0,0,0,High
KASC_2025_M19,AFC Qualifier,Saudi NT,Jordan NT,5,Derby/High,59042,57666,Inma Stadium (ملعب الإنماء),5,South,Away,23:20,3,25,Normal,1,8,30.6,61.7,31.8,11,0,0,0,High
KASC_2025_M19,AFC Qualifier,Saudi NT,Jordan NT,5,Derby/High,59042,57666,Inma Stadium (ملعب الإنماء),5,South,Away,23:25,3,25,Normal,1,8,30.6,61.7,31.8,15,0,0,0,High
KASC_2025_M19,AFC Qualifier,Saudi NT,Jordan NT,5,Derby/High,59042,57666,Inma Stadium (ملعب الإنماء),5,South,Away,23:30,3,25,Normal,1,8,30.6,61.7,31.8,12,0,0,0,High
KASC_2025_M19,AFC Qualifier,Saudi NT,Jordan NT,5,Derby/High,59042,57666,Inma Stadium (ملعب الإنماء),5,South,Away,23:35,3,25,Normal,1,8,30.6,61.7,31.8,12,0,0,0,High
KASC_2025_M19,AFC Qualifier,Saudi NT,Jordan NT,5,Derby/High,59042,57666,Inma Stadium (ملعب الإنماء),5,South,Away,23:40,3,25,Normal,1,8,30.6,61.7,31.8,7,0,0,0,High
KASC_2025_M19,AFC Qualifier,Saudi NT,Jordan NT,5,Derby/High,59042,57666,Inma Stadium (ملعب الإنماء),5,South,Away,23:45,3,25,Normal,1,8,30.6,61.7,31.8,14,0,0,0,High
KASC_2025_M19,AFC Qualifier,Saudi NT,Jordan NT,5,Derby/High,59042,57666,Inma Stadium (ملعب الإنماء),5,South,Away,23:50,3,25,Normal,1,8,30.6,61.7,31.8,7,0,0,0,High
KASC_2025_M19,AFC Qualifier,Saudi NT,Jordan NT,5,Derby/High,59042,57666,Inma Stadium (ملعب الإنماء),5,South,Away,23:55,3,25,Normal,1,8,30.6,61.7,31.8,8,0,0,0,High
KASC_2025_M19,AFC Qualifier,Saudi NT,Jordan NT,5,Derby/High,59042,57666,Inma Stadium (ملعب الإنماء),6,West,VIP,17:00,6,20,Normal,0,0,30.6,61.7,31.8,14,0,0,0,Medium
KASC_2025_M19,AFC Qualifier,Saudi NT,Jordan NT,5,Derby/High,59042,57666,Inma Stadium (ملعب الإنماء),6,West,VIP,17:05,6,20,Normal,0,0,30.6,61.7,31.8,9,0,0,0,Medium
KASC_2025_M19,AFC Qualifier,Saudi NT,Jordan NT,5,Derby/High,59042,57666,Inma Stadium (ملعب الإنماء),6,West,VIP,17:10,6,20,Normal,0,0,30.6,61.7,31.8,19,0,0,0,Medium
KASC_2025_M19,AFC Qualifier,Saudi NT,Jordan NT,5,Derby/High,59042,57666,Inma Stadium (ملعب الإنماء),6,West,VIP,17:15,6,20,Normal,0,0,30.6,61.7,31.8,10,0,0,0,Medium
KASC_2025_M19,AFC Qualifier,Saudi NT,Jordan NT,5,Derby/High,59042,57666,Inma Stadium (ملعب الإنماء),6,West,VIP,17:20,6,20,Normal,0,0,30.6,61.7,31.8,16,0,0,0,Medium
KASC_2025_M19,AFC Qualifier,Saudi NT,Jordan NT,5,Derby/High,59042,57666,Inma Stadium (ملعب الإنماء),6,West,VIP,17:25,6,20,Normal,0,0,30.6,61.7,31.8,11,0,0,0,Medium
KASC_2025_M19,AFC Qualifier,Saudi NT,Jordan NT,5,Derby/High,59042,57666,Inma Stadium (ملعب الإنماء),6,West,VIP,17:30,6,20,Normal,0,0,30.6,61.7,31.8,13,0,0,0,Medium
KASC_2025_M19,AFC Qualifier,Saudi NT,Jordan NT,5,Derby/High,59042,57666,Inma Stadium (ملعب الإنماء),6,West,VIP,17:35,6,20,Normal,0,0,30.6,61.7,31.8,12,0,0,0,Medium
KASC_2025_M19,AFC Qualifier,Saudi NT,Jordan NT,5,Derby/High,59042,57666,Inma Stadium (ملعب الإنماء),6,West,VIP,17:40,6,20,Normal,0,0,30.6,61.7,31.8,12,2,1,0,High
KASC_2025_M19,AFC Qualifier,Saudi NT,Jordan NT,5,Derby/High,59042,57666,Inma Stadium (ملعب الإنماء),6,West,VIP,17:45,6,20,Normal,0,0,30.6,61.7,31.8,11,0,0,1,Low
KASC_2025_M19,AFC Qualifier,Saudi NT,Jordan NT,5,Derby/High,59042,57666,Inma Stadium (ملعب الإنماء),6,West,VIP,17:50,6,20,Normal,0,0,30.6,61.7,31.8,16,5,2,0,High
KASC_2025_M19,AFC Qualifier,Saudi NT,Jordan NT,5,Derby/High,59042,57666,Inma Stadium (ملعب الإنماء),6,West,VIP,17:55,6,20,Normal,0,0,30.6,61.7,31.8,16,2,1,1,Medium
KASC_2025_M19,AFC Qualifier,Saudi NT,Jordan NT,5,Derby/High,59042,57666,Inma Stadium (ملعب الإنماء),6,West,VIP,18:00,6,20,Normal,0,0,30.6,61.7,31.8,11,5,3,0,High
KASC_2025_M19,AFC Qualifier,Saudi NT,Jordan NT,5,Derby/High,59042,57666,Inma Stadium (ملعب الإنماء),6,West,VIP,18:05,6,20,Normal,0,0,30.6,61.7,31.8,11,3,2,0,High
KASC_2025_M19,AFC Qualifier,Saudi NT,Jordan NT,5,Derby/High,59042,57666,Inma Stadium (ملعب الإنماء),6,West,VIP,18:10,6,20,Normal,0,0,30.6,61.7,31.8,6,3,3,1,High
KASC_2025_M19,AFC Qualifier,Saudi NT,Jordan NT,5,Derby/High,59042,57666,Inma Stadium (ملعب الإنماء),6,West,VIP,18:15,6,20,Normal,0,0,30.6,61.7,31.8,11,7,4,0,High
KASC_2025_M19,AFC Qualifier,Saudi NT,Jordan NT,5,Derby/High,59042,57666,Inma Stadium (ملعب الإنماء),6,West,VIP,18:20,6,20,Normal,0,0,30.6,61.7,31.8,12,18,9,0,High
KASC_2025_M19,AFC Qualifier,Saudi NT,Jordan NT,5,Derby/High,59042,57666,Inma Stadium (ملعب الإنماء),6,West,VIP,18:25,6,20,Normal,0,0,30.6,61.7,31.8,14,7,3,3,Medium
KASC_2025_M19,AFC Qualifier,Saudi NT,Jordan NT,5,Derby/High,59042,57666,Inma Stadium (ملعب الإنماء),6,West,VIP,18:30,6,20,Normal,0,0,30.6,61.7,31.8,6,11,11,3,High
KASC_2025_M19,AFC Qualifier,Saudi NT,Jordan NT,5,Derby/High,59042,57666,Inma Stadium (ملعب الإنماء),6,West,VIP,18:35,6,20,Normal,0,0,30.6,61.7,31.8,13,19,9,4,High
KASC_2025_M19,AFC Qualifier,Saudi NT,Jordan NT,5,Derby/High,59042,57666,Inma Stadium (ملعب الإنماء),6,West,VIP,18:40,6,20,Normal,0,0,30.6,61.7,31.8,9,13,9,5,Medium
KASC_2025_M19,AFC Qualifier,Saudi NT,Jordan NT,5,Derby/High,59042,57666,Inma Stadium (ملعب الإنماء),6,West,VIP,18:45,6,20,Normal,0,0,30.6,61.7,31.8,6,19,19,5,High
KASC_2025_M19,AFC Qualifier,Saudi NT,Jordan NT,5,Derby/High,59042,57666,Inma Stadium (ملعب الإنماء),6,West,VIP,18:50,6,20,Normal,0,0,30.6,61.7,31.8,10,31,19,5,High
KASC_2025_M19,AFC Qualifier,Saudi NT,Jordan NT,5,Derby/High,59042,57666,Inma Stadium (ملعب الإنماء),6,West,VIP,18:55,6,20,Normal,0,0,30.6,61.7,31.8,9,25,17,4,High
KASC_2025_M19,AFC Qualifier,Saudi NT,Jordan NT,5,Derby/High,59042,57666,Inma Stadium (ملعب الإنماء),6,West,VIP,19:00,6,20,Normal,0,0,30.6,61.7,31.8,15,55,22,11,High
KASC_2025_M19,AFC Qualifier,Saudi NT,Jordan NT,5,Derby/High,59042,57666,Inma Stadium (ملعب الإنماء),6,West,VIP,19:05,6,20,Normal,0,0,30.6,61.7,31.8,14,46,20,9,High
KASC_2025_M19,AFC Qualifier,Saudi NT,Jordan NT,5,Derby/High,59042,57666,Inma Stadium (ملعب الإنماء),6,West,VIP,19:10,6,20,Normal,0,0,30.6,61.7,31.8,15,42,17,4,High
KASC_2025_M19,AFC Qualifier,Saudi NT,Jordan NT,5,Derby/High,59042,57666,Inma Stadium (ملعب الإنماء),6,West,VIP,19:15,6,20,Normal,0,0,30.6,61.7,31.8,11,55,30,7,High
KASC_2025_M19,AFC Qualifier,Saudi NT,Jordan NT,5,Derby/High,59042,57666,Inma Stadium (ملعب الإنماء),6,West,VIP,19:20,6,20,Normal,0,0,30.6,61.7,31.8,13,62,29,10,High
KASC_2025_M19,AFC Qualifier,Saudi NT,Jordan NT,5,Derby/High,59042,57666,Inma Stadium (ملعب الإنماء),6,West,VIP,19:25,6,20,Normal,0,0,30.6,61.7,31.8,10,48,29,5,High
KASC_2025_M19,AFC Qualifier,Saudi NT,Jordan NT,5,Derby/High,59042,57666,Inma Stadium (ملعب الإنماء),6,West,VIP,19:30,6,20,Normal,0,0,30.6,61.7,31.8,11,45,25,13,High
KASC_2025_M19,AFC Qualifier,Saudi NT,Jordan NT,5,Derby/High,59042,57666,Inma Stadium (ملعب الإنماء),6,West,VIP,19:35,6,20,Normal,0,0,30.6,61.7,31.8,11,44,24,7,High
KASC_2025_M19,AFC Qualifier,Saudi NT,Jordan NT,5,Derby/High,59042,57666,Inma Stadium (ملعب الإنماء),6,West,VIP,19:40,6,20,Normal,0,0,30.6,61.7,31.8,12,46,23,13,Medium
KASC_2025_M19,AFC Qualifier,Saudi NT,Jordan NT,5,Derby/High,59042,57666,Inma Stadium (ملعب الإنماء),6,West,VIP,19:45,6,20,Normal,0,0,30.6,61.7,31.8,12,34,17,7,High
KASC_2025_M19,AFC Qualifier,Saudi NT,Jordan NT,5,Derby/High,59042,57666,Inma Stadium (ملعب الإنماء),6,West,VIP,19:50,6,20,Normal,0,0,30.6,61.7,31.8,14,39,17,9,High
KASC_2025_M19,AFC Qualifier,Saudi NT,Jordan NT,5,Derby/High,59042,57666,Inma Stadium (ملعب الإنماء),6,West,VIP,19:55,6,20,Normal,0,0,30.6,61.7,31.8,9,33,22,5,High
KASC_2025_M19,AFC Qualifier,Saudi NT,Jordan NT,5,Derby/High,59042,57666,Inma Stadium (ملعب الإنماء),6,West,VIP,20:00,6,20,Normal,0,0,30.6,61.7,31.8,9,19,13,8,Medium
KASC_2025_M19,AFC Qualifier,Saudi NT,Jordan NT,5,Derby/High,59042,57666,Inma Stadium (ملعب الإنماء),6,West,VIP,20:05,6,20,Normal,0,0,30.6,61.7,31.8,15,42,17,1,High
KASC_2025_M19,AFC Qualifier,Saudi NT,Jordan NT,5,Derby/High,59042,57666,Inma Stadium (ملعب الإنماء),6,West,VIP,20:10,6,20,Normal,0,0,30.6,61.7,31.8,14,37,16,3,High
KASC_2025_M19,AFC Qualifier,Saudi NT,Jordan NT,5,Derby/High,59042,57666,Inma Stadium (ملعب الإنماء),6,West,VIP,20:15,6,20,Normal,0,0,30.6,61.7,31.8,11,27,15,8,High
KASC_2025_M19,AFC Qualifier,Saudi NT,Jordan NT,5,Derby/High,59042,57666,Inma Stadium (ملعب الإنماء),6,West,VIP,20:20,6,20,Normal,0,0,30.6,61.7,31.8,10,10,6,4,Medium
KASC_2025_M19,AFC Qualifier,Saudi NT,Jordan NT,5,Derby/High,59042,57666,Inma Stadium (ملعب الإنماء),6,West,VIP,20:25,6,20,Normal,0,0,30.6,61.7,31.8,15,30,12,2,High
KASC_2025_M19,AFC Qualifier,Saudi NT,Jordan NT,5,Derby/High,59042,57666,Inma Stadium (ملعب الإنماء),6,West,VIP,20:30,6,20,Normal,0,0,30.6,61.7,31.8,14,28,12,2,High
KASC_2025_M19,AFC Qualifier,Saudi NT,Jordan NT,5,Derby/High,59042,57666,Inma Stadium (ملعب الإنماء),6,West,VIP,20:35,6,20,Normal,0,0,30.6,61.7,31.8,15,20,8,3,High
KASC_2025_M19,AFC Qualifier,Saudi NT,Jordan NT,5,Derby/High,59042,57666,Inma Stadium (ملعب الإنماء),6,West,VIP,20:40,6,20,Normal,0,0,30.6,61.7,31.8,12,4,2,0,High
KASC_2025_M19,AFC Qualifier,Saudi NT,Jordan NT,5,Derby/High,59042,57666,Inma Stadium (ملعب الإنماء),6,West,VIP,20:45,6,20,Normal,0,0,30.6,61.7,31.8,11,7,4,1,High
KASC_2025_M19,AFC Qualifier,Saudi NT,Jordan NT,5,Derby/High,59042,57666,Inma Stadium (ملعب الإنماء),6,West,VIP,20:50,6,20,Normal,0,0,30.6,61.7,31.8,10,5,3,1,High
KASC_2025_M19,AFC Qualifier,Saudi NT,Jordan NT,5,Derby/High,59042,57666,Inma Stadium (ملعب الإنماء),6,West,VIP,20:55,6,20,Normal,0,0,30.6,61.7,31.8,8,2,2,1,Medium
KASC_2025_M19,AFC Qualifier,Saudi NT,Jordan NT,5,Derby/High,59042,57666,Inma Stadium (ملعب الإنماء),6,West,VIP,21:00,6,20,Normal,0,0,30.6,61.7,31.8,12,0,0,3,Low
KASC_2025_M19,AFC Qualifier,Saudi NT,Jordan NT,5,Derby/High,59042,57666,Inma Stadium (ملعب الإنماء),6,West,VIP,21:05,6,20,Normal,0,0,30.6,61.7,31.8,8,5,4,1,High
KASC_2025_M19,AFC Qualifier,Saudi NT,Jordan NT,5,Derby/High,59042,57666,Inma Stadium (ملعب الإنماء),6,West,VIP,21:10,6,20,Normal,0,0,30.6,61.7,31.8,12,0,0,0,Medium
KASC_2025_M19,AFC Qualifier,Saudi NT,Jordan NT,5,Derby/High,59042,57666,Inma Stadium (ملعب الإنماء),6,West,VIP,21:15,6,20,Normal,0,0,30.6,61.7,31.8,15,2,1,0,High
KASC_2025_M19,AFC Qualifier,Saudi NT,Jordan NT,5,Derby/High,59042,57666,Inma Stadium (ملعب الإنماء),6,West,VIP,21:20,6,20,Normal,0,0,30.6,61.7,31.8,13,0,0,0,Medium
KASC_2025_M19,AFC Qualifier,Saudi NT,Jordan NT,5,Derby/High,59042,57666,Inma Stadium (ملعب الإنماء),6,West,VIP,21:25,6,20,Normal,0,0,30.6,61.7,31.8,14,0,0,0,Medium
KASC_2025_M19,AFC Qualifier,Saudi NT,Jordan NT,5,Derby/High,59042,57666,Inma Stadium (ملعب الإنماء),6,West,VIP,21:30,6,20,Normal,0,0,30.6,61.7,31.8,13,0,0,0,Medium
KASC_2025_M19,AFC Qualifier,Saudi NT,Jordan NT,5,Derby/High,59042,57666,Inma Stadium (ملعب الإنماء),6,West,VIP,21:35,6,20,Normal,0,0,30.6,61.7,31.8,12,0,0,0,Medium
KASC_2025_M19,AFC Qualifier,Saudi NT,Jordan NT,5,Derby/High,59042,57666,Inma Stadium (ملعب الإنماء),6,West,VIP,21:40,6,20,Normal,0,0,30.6,61.7,31.8,6,0,0,0,Medium
KASC_2025_M19,AFC Qualifier,Saudi NT,Jordan NT,5,Derby/High,59042,57666,Inma Stadium (ملعب الإنماء),6,West,VIP,21:45,6,20,Normal,0,0,30.6,61.7,31.8,12,0,0,0,Medium
KASC_2025_M19,AFC Qualifier,Saudi NT,Jordan NT,5,Derby/High,59042,57666,Inma Stadium (ملعب الإنماء),6,West,VIP,21:50,6,20,Normal,0,0,30.6,61.7,31.8,14,0,0,0,Medium
KASC_2025_M19,AFC Qualifier,Saudi NT,Jordan NT,5,Derby/High,59042,57666,Inma Stadium (ملعب الإنماء),6,West,VIP,21:55,6,20,Normal,0,0,30.6,61.7,31.8,10,0,0,0,Medium
KASC_2025_M19,AFC Qualifier,Saudi NT,Jordan NT,5,Derby/High,59042,57666,Inma Stadium (ملعب الإنماء),6,West,VIP,22:00,6,20,Normal,0,0,30.6,61.7,31.8,16,0,0,0,Medium
KASC_2025_M19,AFC Qualifier,Saudi NT,Jordan NT,5,Derby/High,59042,57666,Inma Stadium (ملعب الإنماء),6,West,VIP,22:05,6,20,Normal,0,0,30.6,61.7,31.8,10,0,0,0,Medium
KASC_2025_M19,AFC Qualifier,Saudi NT,Jordan NT,5,Derby/High,59042,57666,Inma Stadium (ملعب الإنماء),6,West,VIP,22:10,6,20,Normal,0,0,30.6,61.7,31.8,15,0,0,0,Medium
KASC_2025_M19,AFC Qualifier,Saudi NT,Jordan NT,5,Derby/High,59042,57666,Inma Stadium (ملعب الإنماء),6,West,VIP,22:15,6,20,Normal,0,0,30.6,61.7,31.8,14,0,0,0,Medium
KASC_2025_M19,AFC Qualifier,Saudi NT,Jordan NT,5,Derby/High,59042,57666,Inma Stadium (ملعب الإنماء),6,West,VIP,22:20,6,20,Normal,0,0,30.6,61.7,31.8,6,0,0,0,Medium
KASC_2025_M19,AFC Qualifier,Saudi NT,Jordan NT,5,Derby/High,59042,57666,Inma Stadium (ملعب الإنماء),6,West,VIP,22:25,6,20,Normal,0,0,30.6,61.7,31.8,6,0,0,0,Medium
KASC_2025_M19,AFC Qualifier,Saudi NT,Jordan NT,5,Derby/High,59042,57666,Inma Stadium (ملعب الإنماء),6,West,VIP,22:30,6,20,Normal,0,0,30.6,61.7,31.8,11,0,0,0,Medium
KASC_2025_M19,AFC Qualifier,Saudi NT,Jordan NT,5,Derby/High,59042,57666,Inma Stadium (ملعب الإنماء),6,West,VIP,22:35,6,20,Normal,0,0,30.6,61.7,31.8,16,0,0,0,Medium
KASC_2025_M19,AFC Qualifier,Saudi NT,Jordan NT,5,Derby/High,59042,57666,Inma Stadium (ملعب الإنماء),6,West,VIP,22:40,6,20,Normal,0,0,30.6,61.7,31.8,10,0,0,0,Medium
KASC_2025_M19,AFC Qualifier,Saudi NT,Jordan NT,5,Derby/High,59042,57666,Inma Stadium (ملعب الإنماء),6,West,VIP,22:45,6,20,Normal,0,0,30.6,61.7,31.8,11,0,0,0,Medium
KASC_2025_M19,AFC Qualifier,Saudi NT,Jordan NT,5,Derby/High,59042,57666,Inma Stadium (ملعب الإنماء),6,West,VIP,22:50,6,20,Normal,0,0,30.6,61.7,31.8,17,0,0,0,Medium
KASC_2025_M19,AFC Qualifier,Saudi NT,Jordan NT,5,Derby/High,59042,57666,Inma Stadium (ملعب الإنماء),6,West,VIP,22:55,6,20,Normal,0,0,30.6,61.7,31.8,14,0,0,0,Medium
KASC_2025_M19,AFC Qualifier,Saudi NT,Jordan NT,5,Derby/High,59042,57666,Inma Stadium (ملعب الإنماء),6,West,VIP,23:00,6,20,Normal,0,0,30.6,61.7,31.8,12,0,0,0,Medium
KASC_2025_M19,AFC Qualifier,Saudi NT,Jordan NT,5,Derby/High,59042,57666,Inma Stadium (ملعب الإنماء),6,West,VIP,23:05,6,20,Normal,0,0,30.6,61.7,31.8,8,0,0,0,Medium
KASC_2025_M19,AFC Qualifier,Saudi NT,Jordan NT,5,Derby/High,59042,57666,Inma Stadium (ملعب الإنماء),6,West,VIP,23:10,6,20,Normal,0,0,30.6,61.7,31.8,12,0,0,0,Medium
KASC_2025_M19,AFC Qualifier,Saudi NT,Jordan NT,5,Derby/High,59042,57666,Inma Stadium (ملعب الإنماء),6,West,VIP,23:15,6,20,Normal,0,0,30.6,61.7,31.8,15,0,0,0,Medium
KASC_2025_M19,AFC Qualifier,Saudi NT,Jordan NT,5,Derby/High,59042,57666,Inma Stadium (ملعب الإنماء),6,West,VIP,23:20,6,20,Normal,0,0,30.6,61.7,31.8,11,0,0,0,Medium
KASC_2025_M19,AFC Qualifier,Saudi NT,Jordan NT,5,Derby/High,59042,57666,Inma Stadium (ملعب الإنماء),6,West,VIP,23:25,6,20,Normal,0,0,30.6,61.7,31.8,6,0,0,0,Medium
KASC_2025_M19,AFC Qualifier,Saudi NT,Jordan NT,5,Derby/High,59042,57666,Inma Stadium (ملعب الإنماء),6,West,VIP,23:30,6,20,Normal,0,0,30.6,61.7,31.8,15,0,0,0,Medium
KASC_2025_M19,AFC Qualifier,Saudi NT,Jordan NT,5,Derby/High,59042,57666,Inma Stadium (ملعب الإنماء),6,West,VIP,23:35,6,20,Normal,0,0,30.6,61.7,31.8,14,0,0,0,Medium
KASC_2025_M19,AFC Qualifier,Saudi NT,Jordan NT,5,Derby/High,59042,57666,Inma Stadium (ملعب الإنماء),6,West,VIP,23:40,6,20,Normal,0,0,30.6,61.7,31.8,13,0,0,0,Medium
KASC_2025_M19,AFC Qualifier,Saudi NT,Jordan NT,5,Derby/High,59042,57666,Inma Stadium (ملعب الإنماء),6,West,VIP,23:45,6,20,Normal,0,0,30.6,61.7,31.8,9,0,0,0,Medium
KASC_2025_M19,AFC Qualifier,Saudi NT,Jordan NT,5,Derby/High,59042,57666,Inma Stadium (ملعب الإنماء),6,West,VIP,23:50,6,20,Normal,0,0,30.6,61.7,31.8,6,0,0,0,Medium
KASC_2025_M19,AFC Qualifier,Saudi NT,Jordan NT,5,Derby/High,59042,57666,Inma Stadium (ملعب الإنماء),6,West,VIP,23:55,6,20,Normal,0,0,30.6,61.7,31.8,18,0,0,0,Medium
KASC_2025_M20,League,Al-Ahli,Al-Okhdood,3,Normal,45476,43648,Inma Stadium (ملعب الإنماء),1,North,Home,17:00,5,17,Normal,0,0,31.9,63.1,33.2,10,2,1,1,Medium
KASC_2025_M20,League,Al-Ahli,Al-Okhdood,3,Normal,45476,43648,Inma Stadium (ملعب الإنماء),1,North,Home,17:05,5,17,Normal,0,0,31.9,63.1,33.2,7,0,0,0,Medium
KASC_2025_M20,League,Al-Ahli,Al-Okhdood,3,Normal,45476,43648,Inma Stadium (ملعب الإنماء),1,North,Home,17:10,5,17,Normal,0,0,31.9,63.1,33.2,11,0,0,1,Low
KASC_2025_M20,League,Al-Ahli,Al-Okhdood,3,Normal,45476,43648,Inma Stadium (ملعب الإنماء),1,North,Home,17:15,5,17,Normal,0,0,31.9,63.1,33.2,8,6,4,1,High
KASC_2025_M20,League,Al-Ahli,Al-Okhdood,3,Normal,45476,43648,Inma Stadium (ملعب الإنماء),1,North,Home,17:20,5,17,Normal,0,0,31.9,63.1,33.2,11,6,3,2,Medium
KASC_2025_M20,League,Al-Ahli,Al-Okhdood,3,Normal,45476,43648,Inma Stadium (ملعب الإنماء),1,North,Home,17:25,5,17,Normal,0,0,31.9,63.1,33.2,10,16,8,3,High
KASC_2025_M20,League,Al-Ahli,Al-Okhdood,3,Normal,45476,43648,Inma Stadium (ملعب الإنماء),1,North,Home,17:30,5,17,Normal,0,0,31.9,63.1,33.2,16,28,9,5,High
KASC_2025_M20,League,Al-Ahli,Al-Okhdood,3,Normal,45476,43648,Inma Stadium (ملعب الإنماء),1,North,Home,17:35,5,17,Normal,0,0,31.9,63.1,33.2,16,28,9,3,High
KASC_2025_M20,League,Al-Ahli,Al-Okhdood,3,Normal,45476,43648,Inma Stadium (ملعب الإنماء),1,North,Home,17:40,5,17,Normal,0,0,31.9,63.1,33.2,6,14,12,4,High
KASC_2025_M20,League,Al-Ahli,Al-Okhdood,3,Normal,45476,43648,Inma Stadium (ملعب الإنماء),1,North,Home,17:45,5,17,Normal,0,0,31.9,63.1,33.2,16,32,10,2,High
KASC_2025_M20,League,Al-Ahli,Al-Okhdood,3,Normal,45476,43648,Inma Stadium (ملعب الإنماء),1,North,Home,17:50,5,17,Normal,0,0,31.9,63.1,33.2,14,47,17,4,High
KASC_2025_M20,League,Al-Ahli,Al-Okhdood,3,Normal,45476,43648,Inma Stadium (ملعب الإنماء),1,North,Home,17:55,5,17,Normal,0,0,31.9,63.1,33.2,11,35,16,3,High
KASC_2025_M20,League,Al-Ahli,Al-Okhdood,3,Normal,45476,43648,Inma Stadium (ملعب الإنماء),1,North,Home,18:00,5,17,Normal,0,0,31.9,63.1,33.2,16,73,23,6,High
KASC_2025_M20,League,Al-Ahli,Al-Okhdood,3,Normal,45476,43648,Inma Stadium (ملعب الإنماء),1,North,Home,18:05,5,17,Normal,0,0,31.9,63.1,33.2,9,48,27,11,High
KASC_2025_M20,League,Al-Ahli,Al-Okhdood,3,Normal,45476,43648,Inma Stadium (ملعب الإنماء),1,North,Home,18:10,5,17,Normal,0,0,31.9,63.1,33.2,14,67,24,9,High
KASC_2025_M20,League,Al-Ahli,Al-Okhdood,3,Normal,45476,43648,Inma Stadium (ملعب الإنماء),1,North,Home,18:15,5,17,Normal,0,0,31.9,63.1,33.2,11,52,24,18,Medium
KASC_2025_M20,League,Al-Ahli,Al-Okhdood,3,Normal,45476,43648,Inma Stadium (ملعب الإنماء),1,North,Home,18:20,5,17,Normal,0,0,31.9,63.1,33.2,9,75,42,12,High
KASC_2025_M20,League,Al-Ahli,Al-Okhdood,3,Normal,45476,43648,Inma Stadium (ملعب الإنماء),1,North,Home,18:25,5,17,Normal,0,0,31.9,63.1,33.2,12,86,36,12,High
KASC_2025_M20,League,Al-Ahli,Al-Okhdood,3,Normal,45476,43648,Inma Stadium (ملعب الإنماء),1,North,Home,18:30,5,17,Normal,0,0,31.9,63.1,33.2,10,112,56,17,High
KASC_2025_M20,League,Al-Ahli,Al-Okhdood,3,Normal,45476,43648,Inma Stadium (ملعب الإنماء),1,North,Home,18:35,5,17,Normal,0,0,31.9,63.1,33.2,16,137,43,31,Medium
KASC_2025_M20,League,Al-Ahli,Al-Okhdood,3,Normal,45476,43648,Inma Stadium (ملعب الإنماء),1,North,Home,18:40,5,17,Normal,0,0,31.9,63.1,33.2,12,112,47,25,High
KASC_2025_M20,League,Al-Ahli,Al-Okhdood,3,Normal,45476,43648,Inma Stadium (ملعب الإنماء),1,North,Home,18:45,5,17,Normal,0,0,31.9,63.1,33.2,8,80,50,19,High
KASC_2025_M20,League,Al-Ahli,Al-Okhdood,3,Normal,45476,43648,Inma Stadium (ملعب الإنماء),1,North,Home,18:50,5,17,Normal,0,0,31.9,63.1,33.2,15,180,60,23,High
KASC_2025_M20,League,Al-Ahli,Al-Okhdood,3,Normal,45476,43648,Inma Stadium (ملعب الإنماء),1,North,Home,18:55,5,17,Normal,0,0,31.9,63.1,33.2,10,152,76,30,High
KASC_2025_M20,League,Al-Ahli,Al-Okhdood,3,Normal,45476,43648,Inma Stadium (ملعب الإنماء),1,North,Home,19:00,5,17,Normal,0,0,31.9,63.1,33.2,14,154,55,22,High
KASC_2025_M20,League,Al-Ahli,Al-Okhdood,3,Normal,45476,43648,Inma Stadium (ملعب الإنماء),1,North,Home,19:05,5,17,Normal,0,0,31.9,63.1,33.2,11,156,71,30,High
KASC_2025_M20,League,Al-Ahli,Al-Okhdood,3,Normal,45476,43648,Inma Stadium (ملعب الإنماء),1,North,Home,19:10,5,17,Normal,0,0,31.9,63.1,33.2,11,171,78,30,High
KASC_2025_M20,League,Al-Ahli,Al-Okhdood,3,Normal,45476,43648,Inma Stadium (ملعب الإنماء),1,North,Home,19:15,5,17,Normal,0,0,31.9,63.1,33.2,14,207,74,33,High
KASC_2025_M20,League,Al-Ahli,Al-Okhdood,3,Normal,45476,43648,Inma Stadium (ملعب الإنماء),1,North,Home,19:20,5,17,Normal,0,0,31.9,63.1,33.2,9,127,71,27,High
KASC_2025_M20,League,Al-Ahli,Al-Okhdood,3,Normal,45476,43648,Inma Stadium (ملعب الإنماء),1,North,Home,19:25,5,17,Normal,0,0,31.9,63.1,33.2,13,184,71,32,High
KASC_2025_M20,League,Al-Ahli,Al-Okhdood,3,Normal,45476,43648,Inma Stadium (ملعب الإنماء),1,North,Home,19:30,5,17,Normal,0,0,31.9,63.1,33.2,6,92,77,29,High
KASC_2025_M20,League,Al-Ahli,Al-Okhdood,3,Normal,45476,43648,Inma Stadium (ملعب الإنماء),1,North,Home,19:35,5,17,Normal,0,0,31.9,63.1,33.2,14,196,70,28,High
KASC_2025_M20,League,Al-Ahli,Al-Okhdood,3,Normal,45476,43648,Inma Stadium (ملعب الإنماء),1,North,Home,19:40,5,17,Normal,0,0,31.9,63.1,33.2,6,85,71,24,High
KASC_2025_M20,League,Al-Ahli,Al-Okhdood,3,Normal,45476,43648,Inma Stadium (ملعب الإنماء),1,North,Home,19:45,5,17,Normal,0,0,31.9,63.1,33.2,14,193,69,28,High
KASC_2025_M20,League,Al-Ahli,Al-Okhdood,3,Normal,45476,43648,Inma Stadium (ملعب الإنماء),1,North,Home,19:50,5,17,Normal,0,0,31.9,63.1,33.2,15,183,61,38,High
KASC_2025_M20,League,Al-Ahli,Al-Okhdood,3,Normal,45476,43648,Inma Stadium (ملعب الإنماء),1,North,Home,19:55,5,17,Normal,0,0,31.9,63.1,33.2,9,131,73,27,High
KASC_2025_M20,League,Al-Ahli,Al-Okhdood,3,Normal,45476,43648,Inma Stadium (ملعب الإنماء),1,North,Home,20:00,5,17,Normal,0,0,31.9,63.1,33.2,16,220,69,28,High
KASC_2025_M20,League,Al-Ahli,Al-Okhdood,3,Normal,45476,43648,Inma Stadium (ملعب الإنماء),1,North,Home,20:05,5,17,Normal,0,0,31.9,63.1,33.2,12,134,56,22,High
KASC_2025_M20,League,Al-Ahli,Al-Okhdood,3,Normal,45476,43648,Inma Stadium (ملعب الإنماء),1,North,Home,20:10,5,17,Normal,0,0,31.9,63.1,33.2,11,121,55,25,High
KASC_2025_M20,League,Al-Ahli,Al-Okhdood,3,Normal,45476,43648,Inma Stadium (ملعب الإنماء),1,North,Home,20:15,5,17,Normal,0,0,31.9,63.1,33.2,9,77,43,24,High
KASC_2025_M20,League,Al-Ahli,Al-Okhdood,3,Normal,45476,43648,Inma Stadium (ملعب الإنماء),1,North,Home,20:20,5,17,Normal,0,0,31.9,63.1,33.2,10,100,50,20,High
KASC_2025_M20,League,Al-Ahli,Al-Okhdood,3,Normal,45476,43648,Inma Stadium (ملعب الإنماء),1,North,Home,20:25,5,17,Normal,0,0,31.9,63.1,33.2,8,88,55,18,High
KASC_2025_M20,League,Al-Ahli,Al-Okhdood,3,Normal,45476,43648,Inma Stadium (ملعب الإنماء),1,North,Home,20:30,5,17,Normal,0,0,31.9,63.1,33.2,10,76,38,18,High
KASC_2025_M20,League,Al-Ahli,Al-Okhdood,3,Normal,45476,43648,Inma Stadium (ملعب الإنماء),1,North,Home,20:35,5,17,Normal,0,0,31.9,63.1,33.2,14,112,40,26,High
KASC_2025_M20,League,Al-Ahli,Al-Okhdood,3,Normal,45476,43648,Inma Stadium (ملعب الإنماء),1,North,Home,20:40,5,17,Normal,0,0,31.9,63.1,33.2,13,67,26,12,High
KASC_2025_M20,League,Al-Ahli,Al-Okhdood,3,Normal,45476,43648,Inma Stadium (ملعب الإنماء),1,North,Home,20:45,5,17,Normal,0,0,31.9,63.1,33.2,14,75,27,8,High
KASC_2025_M20,League,Al-Ahli,Al-Okhdood,3,Normal,45476,43648,Inma Stadium (ملعب الإنماء),1,North,Home,20:50,5,17,Normal,0,0,31.9,63.1,33.2,12,62,26,13,High
KASC_2025_M20,League,Al-Ahli,Al-Okhdood,3,Normal,45476,43648,Inma Stadium (ملعب الإنماء),1,North,Home,20:55,5,17,Normal,0,0,31.9,63.1,33.2,13,80,31,12,High
KASC_2025_M20,League,Al-Ahli,Al-Okhdood,3,Normal,45476,43648,Inma Stadium (ملعب الإنماء),1,North,Home,21:00,5,17,Normal,0,0,31.9,63.1,33.2,12,50,21,5,High
KASC_2025_M20,League,Al-Ahli,Al-Okhdood,3,Normal,45476,43648,Inma Stadium (ملعب الإنماء),1,North,Home,21:05,5,17,Normal,0,0,31.9,63.1,33.2,6,22,19,8,High
KASC_2025_M20,League,Al-Ahli,Al-Okhdood,3,Normal,45476,43648,Inma Stadium (ملعب الإنماء),1,North,Home,21:10,5,17,Normal,0,0,31.9,63.1,33.2,7,21,15,1,High
KASC_2025_M20,League,Al-Ahli,Al-Okhdood,3,Normal,45476,43648,Inma Stadium (ملعب الإنماء),1,North,Home,21:15,5,17,Normal,0,0,31.9,63.1,33.2,14,36,13,6,High
KASC_2025_M20,League,Al-Ahli,Al-Okhdood,3,Normal,45476,43648,Inma Stadium (ملعب الإنماء),1,North,Home,21:20,5,17,Normal,0,0,31.9,63.1,33.2,12,19,8,4,High
KASC_2025_M20,League,Al-Ahli,Al-Okhdood,3,Normal,45476,43648,Inma Stadium (ملعب الإنماء),1,North,Home,21:25,5,17,Normal,0,0,31.9,63.1,33.2,12,31,13,3,High
KASC_2025_M20,League,Al-Ahli,Al-Okhdood,3,Normal,45476,43648,Inma Stadium (ملعب الإنماء),1,North,Home,21:30,5,17,Normal,0,0,31.9,63.1,33.2,6,6,5,5,Medium
KASC_2025_M20,League,Al-Ahli,Al-Okhdood,3,Normal,45476,43648,Inma Stadium (ملعب الإنماء),1,North,Home,21:35,5,17,Normal,0,0,31.9,63.1,33.2,10,10,5,2,High
KASC_2025_M20,League,Al-Ahli,Al-Okhdood,3,Normal,45476,43648,Inma Stadium (ملعب الإنماء),1,North,Home,21:40,5,17,Normal,0,0,31.9,63.1,33.2,12,12,5,2,High
KASC_2025_M20,League,Al-Ahli,Al-Okhdood,3,Normal,45476,43648,Inma Stadium (ملعب الإنماء),1,North,Home,21:45,5,17,Normal,0,0,31.9,63.1,33.2,12,2,1,0,High
KASC_2025_M20,League,Al-Ahli,Al-Okhdood,3,Normal,45476,43648,Inma Stadium (ملعب الإنماء),1,North,Home,21:50,5,17,Normal,0,0,31.9,63.1,33.2,13,5,2,2,Medium
KASC_2025_M20,League,Al-Ahli,Al-Okhdood,3,Normal,45476,43648,Inma Stadium (ملعب الإنماء),1,North,Home,21:55,5,17,Normal,0,0,31.9,63.1,33.2,8,3,2,1,Medium
KASC_2025_M20,League,Al-Ahli,Al-Okhdood,3,Normal,45476,43648,Inma Stadium (ملعب الإنماء),1,North,Home,22:00,5,17,Normal,0,0,31.9,63.1,33.2,9,5,3,2,Medium
KASC_2025_M20,League,Al-Ahli,Al-Okhdood,3,Normal,45476,43648,Inma Stadium (ملعب الإنماء),1,North,Home,22:05,5,17,Normal,0,0,31.9,63.1,33.2,10,0,0,1,Low
KASC_2025_M20,League,Al-Ahli,Al-Okhdood,3,Normal,45476,43648,Inma Stadium (ملعب الإنماء),1,North,Home,22:10,5,17,Normal,0,0,31.9,63.1,33.2,20,0,0,0,Medium
KASC_2025_M20,League,Al-Ahli,Al-Okhdood,3,Normal,45476,43648,Inma Stadium (ملعب الإنماء),1,North,Home,22:15,5,17,Normal,0,0,31.9,63.1,33.2,7,0,0,0,Medium
KASC_2025_M20,League,Al-Ahli,Al-Okhdood,3,Normal,45476,43648,Inma Stadium (ملعب الإنماء),1,North,Home,22:20,5,17,Normal,0,0,31.9,63.1,33.2,9,0,0,0,Medium
KASC_2025_M20,League,Al-Ahli,Al-Okhdood,3,Normal,45476,43648,Inma Stadium (ملعب الإنماء),1,North,Home,22:25,5,17,Normal,0,0,31.9,63.1,33.2,8,0,0,0,Medium
KASC_2025_M20,League,Al-Ahli,Al-Okhdood,3,Normal,45476,43648,Inma Stadium (ملعب الإنماء),1,North,Home,22:30,5,17,Normal,0,0,31.9,63.1,33.2,12,0,0,0,Medium
KASC_2025_M20,League,Al-Ahli,Al-Okhdood,3,Normal,45476,43648,Inma Stadium (ملعب الإنماء),1,North,Home,22:35,5,17,Normal,0,0,31.9,63.1,33.2,15,0,0,0,Medium
KASC_2025_M20,League,Al-Ahli,Al-Okhdood,3,Normal,45476,43648,Inma Stadium (ملعب الإنماء),1,North,Home,22:40,5,17,Normal,0,0,31.9,63.1,33.2,15,0,0,0,Medium
KASC_2025_M20,League,Al-Ahli,Al-Okhdood,3,Normal,45476,43648,Inma Stadium (ملعب الإنماء),1,North,Home,22:45,5,17,Normal,0,0,31.9,63.1,33.2,11,0,0,0,Medium
KASC_2025_M20,League,Al-Ahli,Al-Okhdood,3,Normal,45476,43648,Inma Stadium (ملعب الإنماء),1,North,Home,22:50,5,17,Normal,0,0,31.9,63.1,33.2,6,0,0,0,Medium
KASC_2025_M20,League,Al-Ahli,Al-Okhdood,3,Normal,45476,43648,Inma Stadium (ملعب الإنماء),1,North,Home,22:55,5,17,Normal,0,0,31.9,63.1,33.2,9,0,0,0,Medium
KASC_2025_M20,League,Al-Ahli,Al-Okhdood,3,Normal,45476,43648,Inma Stadium (ملعب الإنماء),1,North,Home,23:00,5,17,Normal,0,0,31.9,63.1,33.2,13,0,0,0,Medium
KASC_2025_M20,League,Al-Ahli,Al-Okhdood,3,Normal,45476,43648,Inma Stadium (ملعب الإنماء),1,North,Home,23:05,5,17,Normal,0,0,31.9,63.1,33.2,17,0,0,0,Medium
KASC_2025_M20,League,Al-Ahli,Al-Okhdood,3,Normal,45476,43648,Inma Stadium (ملعب الإنماء),1,North,Home,23:10,5,17,Normal,0,0,31.9,63.1,33.2,13,0,0,0,Medium
KASC_2025_M20,League,Al-Ahli,Al-Okhdood,3,Normal,45476,43648,Inma Stadium (ملعب الإنماء),1,North,Home,23:15,5,17,Normal,0,0,31.9,63.1,33.2,10,0,0,0,Medium
KASC_2025_M20,League,Al-Ahli,Al-Okhdood,3,Normal,45476,43648,Inma Stadium (ملعب الإنماء),1,North,Home,23:20,5,17,Normal,0,0,31.9,63.1,33.2,6,0,0,0,Medium
KASC_2025_M20,League,Al-Ahli,Al-Okhdood,3,Normal,45476,43648,Inma Stadium (ملعب الإنماء),1,North,Home,23:25,5,17,Normal,0,0,31.9,63.1,33.2,7,0,0,0,Medium
KASC_2025_M20,League,Al-Ahli,Al-Okhdood,3,Normal,45476,43648,Inma Stadium (ملعب الإنماء),1,North,Home,23:30,5,17,Normal,0,0,31.9,63.1,33.2,12,0,0,0,Medium
KASC_2025_M20,League,Al-Ahli,Al-Okhdood,3,Normal,45476,43648,Inma Stadium (ملعب الإنماء),1,North,Home,23:35,5,17,Normal,0,0,31.9,63.1,33.2,13,0,0,0,Medium
KASC_2025_M20,League,Al-Ahli,Al-Okhdood,3,Normal,45476,43648,Inma Stadium (ملعب الإنماء),1,North,Home,23:40,5,17,Normal,0,0,31.9,63.1,33.2,8,0,0,0,Medium
KASC_2025_M20,League,Al-Ahli,Al-Okhdood,3,Normal,45476,43648,Inma Stadium (ملعب الإنماء),1,North,Home,23:45,5,17,Normal,0,0,31.9,63.1,33.2,16,0,0,0,Medium
KASC_2025_M20,League,Al-Ahli,Al-Okhdood,3,Normal,45476,43648,Inma Stadium (ملعب الإنماء),1,North,Home,23:50,5,17,Normal,0,0,31.9,63.1,33.2,16,0,0,0,Medium
KASC_2025_M20,League,Al-Ahli,Al-Okhdood,3,Normal,45476,43648,Inma Stadium (ملعب الإنماء),1,North,Home,23:55,5,17,Normal,0,0,31.9,63.1,33.2,9,0,0,0,Medium
KASC_2025_M20,League,Al-Ahli,Al-Okhdood,3,Normal,45476,43648,Inma Stadium (ملعب الإنماء),2,North,Home,17:00,6,12,Normal,0,0,31.9,63.1,33.2,10,8,5,1,High
KASC_2025_M20,League,Al-Ahli,Al-Okhdood,3,Normal,45476,43648,Inma Stadium (ملعب الإنماء),2,North,Home,17:05,6,12,Normal,0,0,31.9,63.1,33.2,12,0,0,0,Medium
KASC_2025_M20,League,Al-Ahli,Al-Okhdood,3,Normal,45476,43648,Inma Stadium (ملعب الإنماء),2,North,Home,17:10,6,12,Normal,0,0,31.9,63.1,33.2,10,1,1,1,Medium
KASC_2025_M20,League,Al-Ahli,Al-Okhdood,3,Normal,45476,43648,Inma Stadium (ملعب الإنماء),2,North,Home,17:15,6,12,Normal,0,0,31.9,63.1,33.2,16,16,6,0,High
KASC_2025_M20,League,Al-Ahli,Al-Okhdood,3,Normal,45476,43648,Inma Stadium (ملعب الإنماء),2,North,Home,17:20,6,12,Normal,0,0,31.9,63.1,33.2,15,12,5,1,High
KASC_2025_M20,League,Al-Ahli,Al-Okhdood,3,Normal,45476,43648,Inma Stadium (ملعب الإنماء),2,North,Home,17:25,6,12,Normal,0,0,31.9,63.1,33.2,13,17,8,2,High
KASC_2025_M20,League,Al-Ahli,Al-Okhdood,3,Normal,45476,43648,Inma Stadium (ملعب الإنماء),2,North,Home,17:30,6,12,Normal,0,0,31.9,63.1,33.2,8,10,8,3,High
KASC_2025_M20,League,Al-Ahli,Al-Okhdood,3,Normal,45476,43648,Inma Stadium (ملعب الإنماء),2,North,Home,17:35,6,12,Normal,0,0,31.9,63.1,33.2,10,21,13,7,Medium
KASC_2025_M20,League,Al-Ahli,Al-Okhdood,3,Normal,45476,43648,Inma Stadium (ملعب الإنماء),2,North,Home,17:40,6,12,Normal,0,0,31.9,63.1,33.2,14,23,10,5,High
KASC_2025_M20,League,Al-Ahli,Al-Okhdood,3,Normal,45476,43648,Inma Stadium (ملعب الإنماء),2,North,Home,17:45,6,12,Normal,0,0,31.9,63.1,33.2,11,29,16,3,High
KASC_2025_M20,League,Al-Ahli,Al-Okhdood,3,Normal,45476,43648,Inma Stadium (ملعب الإنماء),2,North,Home,17:50,6,12,Normal,0,0,31.9,63.1,33.2,11,27,15,4,High
KASC_2025_M20,League,Al-Ahli,Al-Okhdood,3,Normal,45476,43648,Inma Stadium (ملعب الإنماء),2,North,Home,17:55,6,12,Normal,0,0,31.9,63.1,33.2,11,31,17,9,High
KASC_2025_M20,League,Al-Ahli,Al-Okhdood,3,Normal,45476,43648,Inma Stadium (ملعب الإنماء),2,North,Home,18:00,6,12,Normal,0,0,31.9,63.1,33.2,9,27,18,11,Medium
KASC_2025_M20,League,Al-Ahli,Al-Okhdood,3,Normal,45476,43648,Inma Stadium (ملعب الإنماء),2,North,Home,18:05,6,12,Normal,0,0,31.9,63.1,33.2,12,52,26,5,High
KASC_2025_M20,League,Al-Ahli,Al-Okhdood,3,Normal,45476,43648,Inma Stadium (ملعب الإنماء),2,North,Home,18:10,6,12,Normal,0,0,31.9,63.1,33.2,13,78,36,11,High
KASC_2025_M20,League,Al-Ahli,Al-Okhdood,3,Normal,45476,43648,Inma Stadium (ملعب الإنماء),2,North,Home,18:15,6,12,Normal,0,0,31.9,63.1,33.2,12,72,36,15,High
KASC_2025_M20,League,Al-Ahli,Al-Okhdood,3,Normal,45476,43648,Inma Stadium (ملعب الإنماء),2,North,Home,18:20,6,12,Normal,0,0,31.9,63.1,33.2,12,82,41,18,High
KASC_2025_M20,League,Al-Ahli,Al-Okhdood,3,Normal,45476,43648,Inma Stadium (ملعب الإنماء),2,North,Home,18:25,6,12,Normal,0,0,31.9,63.1,33.2,11,78,43,17,High
KASC_2025_M20,League,Al-Ahli,Al-Okhdood,3,Normal,45476,43648,Inma Stadium (ملعب الإنماء),2,North,Home,18:30,6,12,Normal,0,0,31.9,63.1,33.2,14,102,44,16,High
KASC_2025_M20,League,Al-Ahli,Al-Okhdood,3,Normal,45476,43648,Inma Stadium (ملعب الإنماء),2,North,Home,18:35,6,12,Normal,0,0,31.9,63.1,33.2,12,90,45,24,High
KASC_2025_M20,League,Al-Ahli,Al-Okhdood,3,Normal,45476,43648,Inma Stadium (ملعب الإنماء),2,North,Home,18:40,6,12,Normal,0,0,31.9,63.1,33.2,8,81,61,24,High
KASC_2025_M20,League,Al-Ahli,Al-Okhdood,3,Normal,45476,43648,Inma Stadium (ملعب الإنماء),2,North,Home,18:45,6,12,Normal,0,0,31.9,63.1,33.2,7,78,67,25,High
KASC_2025_M20,League,Al-Ahli,Al-Okhdood,3,Normal,45476,43648,Inma Stadium (ملعب الإنماء),2,North,Home,18:50,6,12,Normal,0,0,31.9,63.1,33.2,15,152,61,29,High
KASC_2025_M20,League,Al-Ahli,Al-Okhdood,3,Normal,45476,43648,Inma Stadium (ملعب الإنماء),2,North,Home,18:55,6,12,Normal,0,0,31.9,63.1,33.2,12,166,83,18,High
KASC_2025_M20,League,Al-Ahli,Al-Okhdood,3,Normal,45476,43648,Inma Stadium (ملعب الإنماء),2,North,Home,19:00,6,12,Normal,0,0,31.9,63.1,33.2,8,108,81,22,High
KASC_2025_M20,League,Al-Ahli,Al-Okhdood,3,Normal,45476,43648,Inma Stadium (ملعب الإنماء),2,North,Home,19:05,6,12,Normal,0,0,31.9,63.1,33.2,15,195,78,32,High
KASC_2025_M20,League,Al-Ahli,Al-Okhdood,3,Normal,45476,43648,Inma Stadium (ملعب الإنماء),2,North,Home,19:10,6,12,Normal,0,0,31.9,63.1,33.2,10,145,87,31,High
KASC_2025_M20,League,Al-Ahli,Al-Okhdood,3,Normal,45476,43648,Inma Stadium (ملعب الإنماء),2,North,Home,19:15,6,12,Normal,0,0,31.9,63.1,33.2,13,186,86,25,High
KASC_2025_M20,League,Al-Ahli,Al-Okhdood,3,Normal,45476,43648,Inma Stadium (ملعب الإنماء),2,North,Home,19:20,6,12,Normal,0,0,31.9,63.1,33.2,9,135,90,30,High
KASC_2025_M20,League,Al-Ahli,Al-Okhdood,3,Normal,45476,43648,Inma Stadium (ملعب الإنماء),2,North,Home,19:25,6,12,Normal,0,0,31.9,63.1,33.2,11,165,90,30,High
KASC_2025_M20,League,Al-Ahli,Al-Okhdood,3,Normal,45476,43648,Inma Stadium (ملعب الإنماء),2,North,Home,19:30,6,12,Normal,0,0,31.9,63.1,33.2,12,148,74,27,High
KASC_2025_M20,League,Al-Ahli,Al-Okhdood,3,Normal,45476,43648,Inma Stadium (ملعب الإنماء),2,North,Home,19:35,6,12,Normal,0,0,31.9,63.1,33.2,10,153,92,28,High
KASC_2025_M20,League,Al-Ahli,Al-Okhdood,3,Normal,45476,43648,Inma Stadium (ملعب الإنماء),2,North,Home,19:40,6,12,Normal,0,0,31.9,63.1,33.2,11,174,95,26,High
KASC_2025_M20,League,Al-Ahli,Al-Okhdood,3,Normal,45476,43648,Inma Stadium (ملعب الإنماء),2,North,Home,19:45,6,12,Normal,0,0,31.9,63.1,33.2,14,172,74,35,High
KASC_2025_M20,League,Al-Ahli,Al-Okhdood,3,Normal,45476,43648,Inma Stadium (ملعب الإنماء),2,North,Home,19:50,6,12,Normal,0,0,31.9,63.1,33.2,10,158,95,35,High
KASC_2025_M20,League,Al-Ahli,Al-Okhdood,3,Normal,45476,43648,Inma Stadium (ملعب الإنماء),2,North,Home,19:55,6,12,Normal,0,0,31.9,63.1,33.2,12,182,91,21,High
KASC_2025_M20,League,Al-Ahli,Al-Okhdood,3,Normal,45476,43648,Inma Stadium (ملعب الإنماء),2,North,Home,20:00,6,12,Normal,0,0,31.9,63.1,33.2,9,111,74,30,High
KASC_2025_M20,League,Al-Ahli,Al-Okhdood,3,Normal,45476,43648,Inma Stadium (ملعب الإنماء),2,North,Home,20:05,6,12,Normal,0,0,31.9,63.1,33.2,6,77,77,19,High
KASC_2025_M20,League,Al-Ahli,Al-Okhdood,3,Normal,45476,43648,Inma Stadium (ملعب الإنماء),2,North,Home,20:10,6,12,Normal,0,0,31.9,63.1,33.2,12,126,63,26,High
KASC_2025_M20,League,Al-Ahli,Al-Okhdood,3,Normal,45476,43648,Inma Stadium (ملعب الإنماء),2,North,Home,20:15,6,12,Normal,0,0,31.9,63.1,33.2,6,65,65,24,High
KASC_2025_M20,League,Al-Ahli,Al-Okhdood,3,Normal,45476,43648,Inma Stadium (ملعب الإنماء),2,North,Home,20:20,6,12,Normal,0,0,31.9,63.1,33.2,18,201,67,14,High
KASC_2025_M20,League,Al-Ahli,Al-Okhdood,3,Normal,45476,43648,Inma Stadium (ملعب الإنماء),2,North,Home,20:25,6,12,Normal,0,0,31.9,63.1,33.2,9,81,54,13,High
KASC_2025_M20,League,Al-Ahli,Al-Okhdood,3,Normal,45476,43648,Inma Stadium (ملعب الإنماء),2,North,Home,20:30,6,12,Normal,0,0,31.9,63.1,33.2,14,121,52,21,High
KASC_2025_M20,League,Al-Ahli,Al-Okhdood,3,Normal,45476,43648,Inma Stadium (ملعب الإنماء),2,North,Home,20:35,6,12,Normal,0,0,31.9,63.1,33.2,11,77,42,18,High
KASC_2025_M20,League,Al-Ahli,Al-Okhdood,3,Normal,45476,43648,Inma Stadium (ملعب الإنماء),2,North,Home,20:40,6,12,Normal,0,0,31.9,63.1,33.2,11,56,31,11,High
KASC_2025_M20,League,Al-Ahli,Al-Okhdood,3,Normal,45476,43648,Inma Stadium (ملعب الإنماء),2,North,Home,20:45,6,12,Normal,0,0,31.9,63.1,33.2,15,75,30,8,High
KASC_2025_M20,League,Al-Ahli,Al-Okhdood,3,Normal,45476,43648,Inma Stadium (ملعب الإنماء),2,North,Home,20:50,6,12,Normal,0,0,31.9,63.1,33.2,7,30,26,12,High
KASC_2025_M20,League,Al-Ahli,Al-Okhdood,3,Normal,45476,43648,Inma Stadium (ملعب الإنماء),2,North,Home,20:55,6,12,Normal,0,0,31.9,63.1,33.2,9,52,35,8,High
KASC_2025_M20,League,Al-Ahli,Al-Okhdood,3,Normal,45476,43648,Inma Stadium (ملعب الإنماء),2,North,Home,21:00,6,12,Normal,0,0,31.9,63.1,33.2,17,73,26,15,Medium
KASC_2025_M20,League,Al-Ahli,Al-Okhdood,3,Normal,45476,43648,Inma Stadium (ملعب الإنماء),2,North,Home,21:05,6,12,Normal,0,0,31.9,63.1,33.2,7,28,24,9,High
KASC_2025_M20,League,Al-Ahli,Al-Okhdood,3,Normal,45476,43648,Inma Stadium (ملعب الإنماء),2,North,Home,21:10,6,12,Normal,0,0,31.9,63.1,33.2,14,21,9,6,Medium
KASC_2025_M20,League,Al-Ahli,Al-Okhdood,3,Normal,45476,43648,Inma Stadium (ملعب الإنماء),2,North,Home,21:15,6,12,Normal,0,0,31.9,63.1,33.2,14,28,12,7,Medium
KASC_2025_M20,League,Al-Ahli,Al-Okhdood,3,Normal,45476,43648,Inma Stadium (ملعب الإنماء),2,North,Home,21:20,6,12,Normal,0,0,31.9,63.1,33.2,12,22,11,3,High
KASC_2025_M20,League,Al-Ahli,Al-Okhdood,3,Normal,45476,43648,Inma Stadium (ملعب الإنماء),2,North,Home,21:25,6,12,Normal,0,0,31.9,63.1,33.2,11,20,11,5,High
KASC_2025_M20,League,Al-Ahli,Al-Okhdood,3,Normal,45476,43648,Inma Stadium (ملعب الإنماء),2,North,Home,21:30,6,12,Normal,0,0,31.9,63.1,33.2,19,15,5,5,Medium
KASC_2025_M20,League,Al-Ahli,Al-Okhdood,3,Normal,45476,43648,Inma Stadium (ملعب الإنماء),2,North,Home,21:35,6,12,Normal,0,0,31.9,63.1,33.2,9,12,8,1,High
KASC_2025_M20,League,Al-Ahli,Al-Okhdood,3,Normal,45476,43648,Inma Stadium (ملعب الإنماء),2,North,Home,21:40,6,12,Normal,0,0,31.9,63.1,33.2,10,6,4,1,High
KASC_2025_M20,League,Al-Ahli,Al-Okhdood,3,Normal,45476,43648,Inma Stadium (ملعب الإنماء),2,North,Home,21:45,6,12,Normal,0,0,31.9,63.1,33.2,9,9,6,1,High
KASC_2025_M20,League,Al-Ahli,Al-Okhdood,3,Normal,45476,43648,Inma Stadium (ملعب الإنماء),2,North,Home,21:50,6,12,Normal,0,0,31.9,63.1,33.2,15,12,5,1,High
KASC_2025_M20,League,Al-Ahli,Al-Okhdood,3,Normal,45476,43648,Inma Stadium (ملعب الإنماء),2,North,Home,21:55,6,12,Normal,0,0,31.9,63.1,33.2,17,2,1,2,Low
KASC_2025_M20,League,Al-Ahli,Al-Okhdood,3,Normal,45476,43648,Inma Stadium (ملعب الإنماء),2,North,Home,22:00,6,12,Normal,0,0,31.9,63.1,33.2,13,4,2,0,High
KASC_2025_M20,League,Al-Ahli,Al-Okhdood,3,Normal,45476,43648,Inma Stadium (ملعب الإنماء),2,North,Home,22:05,6,12,Normal,0,0,31.9,63.1,33.2,6,2,2,1,Medium
KASC_2025_M20,League,Al-Ahli,Al-Okhdood,3,Normal,45476,43648,Inma Stadium (ملعب الإنماء),2,North,Home,22:10,6,12,Normal,0,0,31.9,63.1,33.2,9,1,1,0,High
KASC_2025_M20,League,Al-Ahli,Al-Okhdood,3,Normal,45476,43648,Inma Stadium (ملعب الإنماء),2,North,Home,22:15,6,12,Normal,0,0,31.9,63.1,33.2,7,1,1,0,High
KASC_2025_M20,League,Al-Ahli,Al-Okhdood,3,Normal,45476,43648,Inma Stadium (ملعب الإنماء),2,North,Home,22:20,6,12,Normal,0,0,31.9,63.1,33.2,13,0,0,0,Medium
KASC_2025_M20,League,Al-Ahli,Al-Okhdood,3,Normal,45476,43648,Inma Stadium (ملعب الإنماء),2,North,Home,22:25,6,12,Normal,0,0,31.9,63.1,33.2,10,0,0,0,Medium
KASC_2025_M20,League,Al-Ahli,Al-Okhdood,3,Normal,45476,43648,Inma Stadium (ملعب الإنماء),2,North,Home,22:30,6,12,Normal,0,0,31.9,63.1,33.2,16,2,1,0,High
KASC_2025_M20,League,Al-Ahli,Al-Okhdood,3,Normal,45476,43648,Inma Stadium (ملعب الإنماء),2,North,Home,22:35,6,12,Normal,0,0,31.9,63.1,33.2,8,2,2,0,High
KASC_2025_M20,League,Al-Ahli,Al-Okhdood,3,Normal,45476,43648,Inma Stadium (ملعب الإنماء),2,North,Home,22:40,6,12,Normal,0,0,31.9,63.1,33.2,15,2,1,0,High
KASC_2025_M20,League,Al-Ahli,Al-Okhdood,3,Normal,45476,43648,Inma Stadium (ملعب الإنماء),2,North,Home,22:45,6,12,Normal,0,0,31.9,63.1,33.2,15,0,0,0,Medium
KASC_2025_M20,League,Al-Ahli,Al-Okhdood,3,Normal,45476,43648,Inma Stadium (ملعب الإنماء),2,North,Home,22:50,6,12,Normal,0,0,31.9,63.1,33.2,15,0,0,0,Medium
KASC_2025_M20,League,Al-Ahli,Al-Okhdood,3,Normal,45476,43648,Inma Stadium (ملعب الإنماء),2,North,Home,22:55,6,12,Normal,0,0,31.9,63.1,33.2,15,0,0,0,Medium
KASC_2025_M20,League,Al-Ahli,Al-Okhdood,3,Normal,45476,43648,Inma Stadium (ملعب الإنماء),2,North,Home,23:00,6,12,Normal,0,0,31.9,63.1,33.2,13,0,0,0,Medium
KASC_2025_M20,League,Al-Ahli,Al-Okhdood,3,Normal,45476,43648,Inma Stadium (ملعب الإنماء),2,North,Home,23:05,6,12,Normal,0,0,31.9,63.1,33.2,13,0,0,0,Medium
KASC_2025_M20,League,Al-Ahli,Al-Okhdood,3,Normal,45476,43648,Inma Stadium (ملعب الإنماء),2,North,Home,23:10,6,12,Normal,0,0,31.9,63.1,33.2,7,0,0,0,Medium
KASC_2025_M20,League,Al-Ahli,Al-Okhdood,3,Normal,45476,43648,Inma Stadium (ملعب الإنماء),2,North,Home,23:15,6,12,Normal,0,0,31.9,63.1,33.2,12,0,0,0,Medium
KASC_2025_M20,League,Al-Ahli,Al-Okhdood,3,Normal,45476,43648,Inma Stadium (ملعب الإنماء),2,North,Home,23:20,6,12,Normal,0,0,31.9,63.1,33.2,10,0,0,0,Medium
KASC_2025_M20,League,Al-Ahli,Al-Okhdood,3,Normal,45476,43648,Inma Stadium (ملعب الإنماء),2,North,Home,23:25,6,12,Normal,0,0,31.9,63.1,33.2,9,0,0,0,Medium
KASC_2025_M20,League,Al-Ahli,Al-Okhdood,3,Normal,45476,43648,Inma Stadium (ملعب الإنماء),2,North,Home,23:30,6,12,Normal,0,0,31.9,63.1,33.2,16,0,0,0,Medium
KASC_2025_M20,League,Al-Ahli,Al-Okhdood,3,Normal,45476,43648,Inma Stadium (ملعب الإنماء),2,North,Home,23:35,6,12,Normal,0,0,31.9,63.1,33.2,13,0,0,0,Medium
KASC_2025_M20,League,Al-Ahli,Al-Okhdood,3,Normal,45476,43648,Inma Stadium (ملعب الإنماء),2,North,Home,23:40,6,12,Normal,0,0,31.9,63.1,33.2,13,0,0,0,Medium
KASC_2025_M20,League,Al-Ahli,Al-Okhdood,3,Normal,45476,43648,Inma Stadium (ملعب الإنماء),2,North,Home,23:45,6,12,Normal,0,0,31.9,63.1,33.2,6,0,0,0,Medium
KASC_2025_M20,League,Al-Ahli,Al-Okhdood,3,Normal,45476,43648,Inma Stadium (ملعب الإنماء),2,North,Home,23:50,6,12,Normal,0,0,31.9,63.1,33.2,11,0,0,0,Medium
KASC_2025_M20,League,Al-Ahli,Al-Okhdood,3,Normal,45476,43648,Inma Stadium (ملعب الإنماء),2,North,Home,23:55,6,12,Normal,0,0,31.9,63.1,33.2,13,0,0,0,Medium
KASC_2025_M20,League,Al-Ahli,Al-Okhdood,3,Normal,45476,43648,Inma Stadium (ملعب الإنماء),3,East,Home,17:00,6,18,Normal,0,0,31.9,63.1,33.2,15,5,2,3,Low
KASC_2025_M20,League,Al-Ahli,Al-Okhdood,3,Normal,45476,43648,Inma Stadium (ملعب الإنماء),3,East,Home,17:05,6,18,Normal,0,0,31.9,63.1,33.2,7,2,2,1,Medium
KASC_2025_M20,League,Al-Ahli,Al-Okhdood,3,Normal,45476,43648,Inma Stadium (ملعب الإنماء),3,East,Home,17:10,6,18,Normal,0,0,31.9,63.1,33.2,10,3,2,1,Medium
KASC_2025_M20,League,Al-Ahli,Al-Okhdood,3,Normal,45476,43648,Inma Stadium (ملعب الإنماء),3,East,Home,17:15,6,18,Normal,0,0,31.9,63.1,33.2,10,6,4,1,High
KASC_2025_M20,League,Al-Ahli,Al-Okhdood,3,Normal,45476,43648,Inma Stadium (ملعب الإنماء),3,East,Home,17:20,6,18,Normal,0,0,31.9,63.1,33.2,6,4,4,4,Medium
KASC_2025_M20,League,Al-Ahli,Al-Okhdood,3,Normal,45476,43648,Inma Stadium (ملعب الإنماء),3,East,Home,17:25,6,18,Normal,0,0,31.9,63.1,33.2,12,12,6,1,High
KASC_2025_M20,League,Al-Ahli,Al-Okhdood,3,Normal,45476,43648,Inma Stadium (ملعب الإنماء),3,East,Home,17:30,6,18,Normal,0,0,31.9,63.1,33.2,9,15,10,0,High
KASC_2025_M20,League,Al-Ahli,Al-Okhdood,3,Normal,45476,43648,Inma Stadium (ملعب الإنماء),3,East,Home,17:35,6,18,Normal,0,0,31.9,63.1,33.2,13,28,13,5,High
KASC_2025_M20,League,Al-Ahli,Al-Okhdood,3,Normal,45476,43648,Inma Stadium (ملعب الإنماء),3,East,Home,17:40,6,18,Normal,0,0,31.9,63.1,33.2,14,37,16,8,High
KASC_2025_M20,League,Al-Ahli,Al-Okhdood,3,Normal,45476,43648,Inma Stadium (ملعب الإنماء),3,East,Home,17:45,6,18,Normal,0,0,31.9,63.1,33.2,8,16,12,6,High
KASC_2025_M20,League,Al-Ahli,Al-Okhdood,3,Normal,45476,43648,Inma Stadium (ملعب الإنماء),3,East,Home,17:50,6,18,Normal,0,0,31.9,63.1,33.2,8,20,15,1,High
KASC_2025_M20,League,Al-Ahli,Al-Okhdood,3,Normal,45476,43648,Inma Stadium (ملعب الإنماء),3,East,Home,17:55,6,18,Normal,0,0,31.9,63.1,33.2,10,30,18,10,Medium
KASC_2025_M20,League,Al-Ahli,Al-Okhdood,3,Normal,45476,43648,Inma Stadium (ملعب الإنماء),3,East,Home,18:00,6,18,Normal,0,0,31.9,63.1,33.2,8,24,18,10,Medium
KASC_2025_M20,League,Al-Ahli,Al-Okhdood,3,Normal,45476,43648,Inma Stadium (ملعب الإنماء),3,East,Home,18:05,6,18,Normal,0,0,31.9,63.1,33.2,13,58,27,7,High
KASC_2025_M20,League,Al-Ahli,Al-Okhdood,3,Normal,45476,43648,Inma Stadium (ملعب الإنماء),3,East,Home,18:10,6,18,Normal,0,0,31.9,63.1,33.2,6,35,35,14,High
KASC_2025_M20,League,Al-Ahli,Al-Okhdood,3,Normal,45476,43648,Inma Stadium (ملعب الإنماء),3,East,Home,18:15,6,18,Normal,0,0,31.9,63.1,33.2,17,124,44,14,High
KASC_2025_M20,League,Al-Ahli,Al-Okhdood,3,Normal,45476,43648,Inma Stadium (ملعب الإنماء),3,East,Home,18:20,6,18,Normal,0,0,31.9,63.1,33.2,13,91,42,14,High
KASC_2025_M20,League,Al-Ahli,Al-Okhdood,3,Normal,45476,43648,Inma Stadium (ملعب الإنماء),3,East,Home,18:25,6,18,Normal,0,0,31.9,63.1,33.2,12,82,41,20,High
KASC_2025_M20,League,Al-Ahli,Al-Okhdood,3,Normal,45476,43648,Inma Stadium (ملعب الإنماء),3,East,Home,18:30,6,18,Normal,0,0,31.9,63.1,33.2,12,106,53,18,High
KASC_2025_M20,League,Al-Ahli,Al-Okhdood,3,Normal,45476,43648,Inma Stadium (ملعب الإنماء),3,East,Home,18:35,6,18,Normal,0,0,31.9,63.1,33.2,11,102,56,20,High
KASC_2025_M20,League,Al-Ahli,Al-Okhdood,3,Normal,45476,43648,Inma Stadium (ملعب الإنماء),3,East,Home,18:40,6,18,Normal,0,0,31.9,63.1,33.2,12,118,59,19,High
KASC_2025_M20,League,Al-Ahli,Al-Okhdood,3,Normal,45476,43648,Inma Stadium (ملعب الإنماء),3,East,Home,18:45,6,18,Normal,0,0,31.9,63.1,33.2,8,76,57,28,High
KASC_2025_M20,League,Al-Ahli,Al-Okhdood,3,Normal,45476,43648,Inma Stadium (ملعب الإنماء),3,East,Home,18:50,6,18,Normal,0,0,31.9,63.1,33.2,10,143,86,18,High
KASC_2025_M20,League,Al-Ahli,Al-Okhdood,3,Normal,45476,43648,Inma Stadium (ملعب الإنماء),3,East,Home,18:55,6,18,Normal,0,0,31.9,63.1,33.2,11,141,77,35,High
KASC_2025_M20,League,Al-Ahli,Al-Okhdood,3,Normal,45476,43648,Inma Stadium (ملعب الإنماء),3,East,Home,19:00,6,18,Normal,0,0,31.9,63.1,33.2,18,207,69,24,High
KASC_2025_M20,League,Al-Ahli,Al-Okhdood,3,Normal,45476,43648,Inma Stadium (ملعب الإنماء),3,East,Home,19:05,6,18,Normal,0,0,31.9,63.1,33.2,8,112,84,29,High
KASC_2025_M20,League,Al-Ahli,Al-Okhdood,3,Normal,45476,43648,Inma Stadium (ملعب الإنماء),3,East,Home,19:10,6,18,Normal,0,0,31.9,63.1,33.2,8,113,85,23,High
KASC_2025_M20,League,Al-Ahli,Al-Okhdood,3,Normal,45476,43648,Inma Stadium (ملعب الإنماء),3,East,Home,19:15,6,18,Normal,0,0,31.9,63.1,33.2,13,175,81,27,High
KASC_2025_M20,League,Al-Ahli,Al-Okhdood,3,Normal,45476,43648,Inma Stadium (ملعب الإنماء),3,East,Home,19:20,6,18,Normal,0,0,31.9,63.1,33.2,13,173,80,26,High
KASC_2025_M20,League,Al-Ahli,Al-Okhdood,3,Normal,45476,43648,Inma Stadium (ملعب الإنماء),3,East,Home,19:25,6,18,Normal,0,0,31.9,63.1,33.2,9,139,93,29,High
KASC_2025_M20,League,Al-Ahli,Al-Okhdood,3,Normal,45476,43648,Inma Stadium (ملعب الإنماء),3,East,Home,19:30,6,18,Normal,0,0,31.9,63.1,33.2,12,176,88,35,High
KASC_2025_M20,League,Al-Ahli,Al-Okhdood,3,Normal,45476,43648,Inma Stadium (ملعب الإنماء),3,East,Home,19:35,6,18,Normal,0,0,31.9,63.1,33.2,9,147,98,29,High
KASC_2025_M20,League,Al-Ahli,Al-Okhdood,3,Normal,45476,43648,Inma Stadium (ملعب الإنماء),3,East,Home,19:40,6,18,Normal,0,0,31.9,63.1,33.2,17,255,90,23,High
KASC_2025_M20,League,Al-Ahli,Al-Okhdood,3,Normal,45476,43648,Inma Stadium (ملعب الإنماء),3,East,Home,19:45,6,18,Normal,0,0,31.9,63.1,33.2,11,143,78,27,High
KASC_2025_M20,League,Al-Ahli,Al-Okhdood,3,Normal,45476,43648,Inma Stadium (ملعب الإنماء),3,East,Home,19:50,6,18,Normal,0,0,31.9,63.1,33.2,15,202,81,32,High
KASC_2025_M20,League,Al-Ahli,Al-Okhdood,3,Normal,45476,43648,Inma Stadium (ملعب الإنماء),3,East,Home,19:55,6,18,Normal,0,0,31.9,63.1,33.2,15,235,94,26,High
KASC_2025_M20,League,Al-Ahli,Al-Okhdood,3,Normal,45476,43648,Inma Stadium (ملعب الإنماء),3,East,Home,20:00,6,18,Normal,0,0,31.9,63.1,33.2,14,177,76,24,High
KASC_2025_M20,League,Al-Ahli,Al-Okhdood,3,Normal,45476,43648,Inma Stadium (ملعب الإنماء),3,East,Home,20:05,6,18,Normal,0,0,31.9,63.1,33.2,16,200,75,31,High
KASC_2025_M20,League,Al-Ahli,Al-Okhdood,3,Normal,45476,43648,Inma Stadium (ملعب الإنماء),3,East,Home,20:10,6,18,Normal,0,0,31.9,63.1,33.2,14,151,65,29,High
KASC_2025_M20,League,Al-Ahli,Al-Okhdood,3,Normal,45476,43648,Inma Stadium (ملعب الإنماء),3,East,Home,20:15,6,18,Normal,0,0,31.9,63.1,33.2,15,162,65,22,High
KASC_2025_M20,League,Al-Ahli,Al-Okhdood,3,Normal,45476,43648,Inma Stadium (ملعب الإنماء),3,East,Home,20:20,6,18,Normal,0,0,31.9,63.1,33.2,6,51,51,17,High
KASC_2025_M20,League,Al-Ahli,Al-Okhdood,3,Normal,45476,43648,Inma Stadium (ملعب الإنماء),3,East,Home,20:25,6,18,Normal,0,0,31.9,63.1,33.2,10,88,53,21,High
KASC_2025_M20,League,Al-Ahli,Al-Okhdood,3,Normal,45476,43648,Inma Stadium (ملعب الإنماء),3,East,Home,20:30,6,18,Normal,0,0,31.9,63.1,33.2,17,150,53,20,High
KASC_2025_M20,League,Al-Ahli,Al-Okhdood,3,Normal,45476,43648,Inma Stadium (ملعب الإنماء),3,East,Home,20:35,6,18,Normal,0,0,31.9,63.1,33.2,11,67,37,13,High
KASC_2025_M20,League,Al-Ahli,Al-Okhdood,3,Normal,45476,43648,Inma Stadium (ملعب الإنماء),3,East,Home,20:40,6,18,Normal,0,0,31.9,63.1,33.2,15,92,37,15,High
KASC_2025_M20,League,Al-Ahli,Al-Okhdood,3,Normal,45476,43648,Inma Stadium (ملعب الإنماء),3,East,Home,20:45,6,18,Normal,0,0,31.9,63.1,33.2,11,71,39,15,High
KASC_2025_M20,League,Al-Ahli,Al-Okhdood,3,Normal,45476,43648,Inma Stadium (ملعب الإنماء),3,East,Home,20:50,6,18,Normal,0,0,31.9,63.1,33.2,10,51,31,10,High
KASC_2025_M20,League,Al-Ahli,Al-Okhdood,3,Normal,45476,43648,Inma Stadium (ملعب الإنماء),3,East,Home,20:55,6,18,Normal,0,0,31.9,63.1,33.2,9,37,25,11,High
KASC_2025_M20,League,Al-Ahli,Al-Okhdood,3,Normal,45476,43648,Inma Stadium (ملعب الإنماء),3,East,Home,21:00,6,18,Normal,0,0,31.9,63.1,33.2,14,58,25,10,High
KASC_2025_M20,League,Al-Ahli,Al-Okhdood,3,Normal,45476,43648,Inma Stadium (ملعب الإنماء),3,East,Home,21:05,6,18,Normal,0,0,31.9,63.1,33.2,15,72,29,5,High
KASC_2025_M20,League,Al-Ahli,Al-Okhdood,3,Normal,45476,43648,Inma Stadium (ملعب الإنماء),3,East,Home,21:10,6,18,Normal,0,0,31.9,63.1,33.2,6,14,14,5,High
KASC_2025_M20,League,Al-Ahli,Al-Okhdood,3,Normal,45476,43648,Inma Stadium (ملعب الإنماء),3,East,Home,21:15,6,18,Normal,0,0,31.9,63.1,33.2,6,11,11,6,Medium
KASC_2025_M20,League,Al-Ahli,Al-Okhdood,3,Normal,45476,43648,Inma Stadium (ملعب الإنماء),3,East,Home,21:20,6,18,Normal,0,0,31.9,63.1,33.2,11,18,10,7,Medium
KASC_2025_M20,League,Al-Ahli,Al-Okhdood,3,Normal,45476,43648,Inma Stadium (ملعب الإنماء),3,East,Home,21:25,6,18,Normal,0,0,31.9,63.1,33.2,12,12,6,2,High
KASC_2025_M20,League,Al-Ahli,Al-Okhdood,3,Normal,45476,43648,Inma Stadium (ملعب الإنماء),3,East,Home,21:30,6,18,Normal,0,0,31.9,63.1,33.2,14,21,9,2,High
KASC_2025_M20,League,Al-Ahli,Al-Okhdood,3,Normal,45476,43648,Inma Stadium (ملعب الإنماء),3,East,Home,21:35,6,18,Normal,0,0,31.9,63.1,33.2,9,9,6,2,High
KASC_2025_M20,League,Al-Ahli,Al-Okhdood,3,Normal,45476,43648,Inma Stadium (ملعب الإنماء),3,East,Home,21:40,6,18,Normal,0,0,31.9,63.1,33.2,12,12,6,1,High
KASC_2025_M20,League,Al-Ahli,Al-Okhdood,3,Normal,45476,43648,Inma Stadium (ملعب الإنماء),3,East,Home,21:45,6,18,Normal,0,0,31.9,63.1,33.2,14,11,5,4,Medium
KASC_2025_M20,League,Al-Ahli,Al-Okhdood,3,Normal,45476,43648,Inma Stadium (ملعب الإنماء),3,East,Home,21:50,6,18,Normal,0,0,31.9,63.1,33.2,15,15,6,0,High
KASC_2025_M20,League,Al-Ahli,Al-Okhdood,3,Normal,45476,43648,Inma Stadium (ملعب الإنماء),3,East,Home,21:55,6,18,Normal,0,0,31.9,63.1,33.2,16,5,2,0,High
KASC_2025_M20,League,Al-Ahli,Al-Okhdood,3,Normal,45476,43648,Inma Stadium (ملعب الإنماء),3,East,Home,22:00,6,18,Normal,0,0,31.9,63.1,33.2,12,2,1,3,Low
KASC_2025_M20,League,Al-Ahli,Al-Okhdood,3,Normal,45476,43648,Inma Stadium (ملعب الإنماء),3,East,Home,22:05,6,18,Normal,0,0,31.9,63.1,33.2,7,2,2,1,Medium
KASC_2025_M20,League,Al-Ahli,Al-Okhdood,3,Normal,45476,43648,Inma Stadium (ملعب الإنماء),3,East,Home,22:10,6,18,Normal,0,0,31.9,63.1,33.2,14,0,0,1,Low
KASC_2025_M20,League,Al-Ahli,Al-Okhdood,3,Normal,45476,43648,Inma Stadium (ملعب الإنماء),3,East,Home,22:15,6,18,Normal,0,0,31.9,63.1,33.2,10,0,0,0,Medium
KASC_2025_M20,League,Al-Ahli,Al-Okhdood,3,Normal,45476,43648,Inma Stadium (ملعب الإنماء),3,East,Home,22:20,6,18,Normal,0,0,31.9,63.1,33.2,11,1,1,0,High
KASC_2025_M20,League,Al-Ahli,Al-Okhdood,3,Normal,45476,43648,Inma Stadium (ملعب الإنماء),3,East,Home,22:25,6,18,Normal,0,0,31.9,63.1,33.2,8,1,1,0,High
KASC_2025_M20,League,Al-Ahli,Al-Okhdood,3,Normal,45476,43648,Inma Stadium (ملعب الإنماء),3,East,Home,22:30,6,18,Normal,0,0,31.9,63.1,33.2,11,1,1,0,High
KASC_2025_M20,League,Al-Ahli,Al-Okhdood,3,Normal,45476,43648,Inma Stadium (ملعب الإنماء),3,East,Home,22:35,6,18,Normal,0,0,31.9,63.1,33.2,9,0,0,0,Medium
KASC_2025_M20,League,Al-Ahli,Al-Okhdood,3,Normal,45476,43648,Inma Stadium (ملعب الإنماء),3,East,Home,22:40,6,18,Normal,0,0,31.9,63.1,33.2,12,0,0,0,Medium
KASC_2025_M20,League,Al-Ahli,Al-Okhdood,3,Normal,45476,43648,Inma Stadium (ملعب الإنماء),3,East,Home,22:45,6,18,Normal,0,0,31.9,63.1,33.2,8,0,0,0,Medium
KASC_2025_M20,League,Al-Ahli,Al-Okhdood,3,Normal,45476,43648,Inma Stadium (ملعب الإنماء),3,East,Home,22:50,6,18,Normal,0,0,31.9,63.1,33.2,8,0,0,0,Medium
KASC_2025_M20,League,Al-Ahli,Al-Okhdood,3,Normal,45476,43648,Inma Stadium (ملعب الإنماء),3,East,Home,22:55,6,18,Normal,0,0,31.9,63.1,33.2,10,0,0,0,Medium
KASC_2025_M20,League,Al-Ahli,Al-Okhdood,3,Normal,45476,43648,Inma Stadium (ملعب الإنماء),3,East,Home,23:00,6,18,Normal,0,0,31.9,63.1,33.2,9,0,0,0,Medium
KASC_2025_M20,League,Al-Ahli,Al-Okhdood,3,Normal,45476,43648,Inma Stadium (ملعب الإنماء),3,East,Home,23:05,6,18,Normal,0,0,31.9,63.1,33.2,17,0,0,0,Medium
KASC_2025_M20,League,Al-Ahli,Al-Okhdood,3,Normal,45476,43648,Inma Stadium (ملعب الإنماء),3,East,Home,23:10,6,18,Normal,0,0,31.9,63.1,33.2,6,0,0,0,Medium
KASC_2025_M20,League,Al-Ahli,Al-Okhdood,3,Normal,45476,43648,Inma Stadium (ملعب الإنماء),3,East,Home,23:15,6,18,Normal,0,0,31.9,63.1,33.2,15,0,0,0,Medium
KASC_2025_M20,League,Al-Ahli,Al-Okhdood,3,Normal,45476,43648,Inma Stadium (ملعب الإنماء),3,East,Home,23:20,6,18,Normal,0,0,31.9,63.1,33.2,14,0,0,0,Medium
KASC_2025_M20,League,Al-Ahli,Al-Okhdood,3,Normal,45476,43648,Inma Stadium (ملعب الإنماء),3,East,Home,23:25,6,18,Normal,0,0,31.9,63.1,33.2,19,0,0,0,Medium
KASC_2025_M20,League,Al-Ahli,Al-Okhdood,3,Normal,45476,43648,Inma Stadium (ملعب الإنماء),3,East,Home,23:30,6,18,Normal,0,0,31.9,63.1,33.2,10,0,0,0,Medium
KASC_2025_M20,League,Al-Ahli,Al-Okhdood,3,Normal,45476,43648,Inma Stadium (ملعب الإنماء),3,East,Home,23:35,6,18,Normal,0,0,31.9,63.1,33.2,7,0,0,0,Medium
KASC_2025_M20,League,Al-Ahli,Al-Okhdood,3,Normal,45476,43648,Inma Stadium (ملعب الإنماء),3,East,Home,23:40,6,18,Normal,0,0,31.9,63.1,33.2,13,0,0,0,Medium
KASC_2025_M20,League,Al-Ahli,Al-Okhdood,3,Normal,45476,43648,Inma Stadium (ملعب الإنماء),3,East,Home,23:45,6,18,Normal,0,0,31.9,63.1,33.2,6,0,0,0,Medium
KASC_2025_M20,League,Al-Ahli,Al-Okhdood,3,Normal,45476,43648,Inma Stadium (ملعب الإنماء),3,East,Home,23:50,6,18,Normal,0,0,31.9,63.1,33.2,8,0,0,0,Medium
KASC_2025_M20,League,Al-Ahli,Al-Okhdood,3,Normal,45476,43648,Inma Stadium (ملعب الإنماء),3,East,Home,23:55,6,18,Normal,0,0,31.9,63.1,33.2,15,0,0,0,Medium
KASC_2025_M20,League,Al-Ahli,Al-Okhdood,3,Normal,45476,43648,Inma Stadium (ملعب الإنماء),4,East,Home,17:00,4,21,Normal,0,0,31.9,63.1,33.2,9,4,2,1,High
KASC_2025_M20,League,Al-Ahli,Al-Okhdood,3,Normal,45476,43648,Inma Stadium (ملعب الإنماء),4,East,Home,17:05,4,21,Normal,0,0,31.9,63.1,33.2,12,6,2,0,High
KASC_2025_M20,League,Al-Ahli,Al-Okhdood,3,Normal,45476,43648,Inma Stadium (ملعب الإنماء),4,East,Home,17:10,4,21,Normal,0,0,31.9,63.1,33.2,9,4,2,0,High
KASC_2025_M20,League,Al-Ahli,Al-Okhdood,3,Normal,45476,43648,Inma Stadium (ملعب الإنماء),4,East,Home,17:15,4,21,Normal,0,0,31.9,63.1,33.2,12,0,0,0,Medium
KASC_2025_M20,League,Al-Ahli,Al-Okhdood,3,Normal,45476,43648,Inma Stadium (ملعب الإنماء),4,East,Home,17:20,4,21,Normal,0,0,31.9,63.1,33.2,16,16,4,1,High
KASC_2025_M20,League,Al-Ahli,Al-Okhdood,3,Normal,45476,43648,Inma Stadium (ملعب الإنماء),4,East,Home,17:25,4,21,Normal,0,0,31.9,63.1,33.2,16,0,0,5,Low
KASC_2025_M20,League,Al-Ahli,Al-Okhdood,3,Normal,45476,43648,Inma Stadium (ملعب الإنماء),4,East,Home,17:30,4,21,Normal,0,0,31.9,63.1,33.2,10,10,4,1,High
KASC_2025_M20,League,Al-Ahli,Al-Okhdood,3,Normal,45476,43648,Inma Stadium (ملعب الإنماء),4,East,Home,17:35,4,21,Normal,0,0,31.9,63.1,33.2,6,10,7,3,High
KASC_2025_M20,League,Al-Ahli,Al-Okhdood,3,Normal,45476,43648,Inma Stadium (ملعب الإنماء),4,East,Home,17:40,4,21,Normal,0,0,31.9,63.1,33.2,11,11,4,3,Medium
KASC_2025_M20,League,Al-Ahli,Al-Okhdood,3,Normal,45476,43648,Inma Stadium (ملعب الإنماء),4,East,Home,17:45,4,21,Normal,0,0,31.9,63.1,33.2,12,36,12,7,High
KASC_2025_M20,League,Al-Ahli,Al-Okhdood,3,Normal,45476,43648,Inma Stadium (ملعب الإنماء),4,East,Home,17:50,4,21,Normal,0,0,31.9,63.1,33.2,6,21,14,3,High
KASC_2025_M20,League,Al-Ahli,Al-Okhdood,3,Normal,45476,43648,Inma Stadium (ملعب الإنماء),4,East,Home,17:55,4,21,Normal,0,0,31.9,63.1,33.2,11,38,14,8,High
KASC_2025_M20,League,Al-Ahli,Al-Okhdood,3,Normal,45476,43648,Inma Stadium (ملعب الإنماء),4,East,Home,18:00,4,21,Normal,0,0,31.9,63.1,33.2,13,45,14,7,High
KASC_2025_M20,League,Al-Ahli,Al-Okhdood,3,Normal,45476,43648,Inma Stadium (ملعب الإنماء),4,East,Home,18:05,4,21,Normal,0,0,31.9,63.1,33.2,15,86,23,9,High
KASC_2025_M20,League,Al-Ahli,Al-Okhdood,3,Normal,45476,43648,Inma Stadium (ملعب الإنماء),4,East,Home,18:10,4,21,Normal,0,0,31.9,63.1,33.2,9,49,22,14,High
KASC_2025_M20,League,Al-Ahli,Al-Okhdood,3,Normal,45476,43648,Inma Stadium (ملعب الإنماء),4,East,Home,18:15,4,21,Normal,0,0,31.9,63.1,33.2,14,84,24,10,High
KASC_2025_M20,League,Al-Ahli,Al-Okhdood,3,Normal,45476,43648,Inma Stadium (ملعب الإنماء),4,East,Home,18:20,4,21,Normal,0,0,31.9,63.1,33.2,9,36,16,14,Medium
KASC_2025_M20,League,Al-Ahli,Al-Okhdood,3,Normal,45476,43648,Inma Stadium (ملعب الإنماء),4,East,Home,18:25,4,21,Normal,0,0,31.9,63.1,33.2,14,84,24,24,Medium
KASC_2025_M20,League,Al-Ahli,Al-Okhdood,3,Normal,45476,43648,Inma Stadium (ملعب الإنماء),4,East,Home,18:30,4,21,Normal,0,0,31.9,63.1,33.2,12,90,30,18,High
KASC_2025_M20,League,Al-Ahli,Al-Okhdood,3,Normal,45476,43648,Inma Stadium (ملعب الإنماء),4,East,Home,18:35,4,21,Normal,0,0,31.9,63.1,33.2,16,120,30,17,High
KASC_2025_M20,League,Al-Ahli,Al-Okhdood,3,Normal,45476,43648,Inma Stadium (ملعب الإنماء),4,East,Home,18:40,4,21,Normal,0,0,31.9,63.1,33.2,14,140,40,28,High
KASC_2025_M20,League,Al-Ahli,Al-Okhdood,3,Normal,45476,43648,Inma Stadium (ملعب الإنماء),4,East,Home,18:45,4,21,Normal,0,0,31.9,63.1,33.2,9,85,38,24,High
KASC_2025_M20,League,Al-Ahli,Al-Okhdood,3,Normal,45476,43648,Inma Stadium (ملعب الإنماء),4,East,Home,18:50,4,21,Normal,0,0,31.9,63.1,33.2,11,112,41,21,High
KASC_2025_M20,League,Al-Ahli,Al-Okhdood,3,Normal,45476,43648,Inma Stadium (ملعب الإنماء),4,East,Home,18:55,4,21,Normal,0,0,31.9,63.1,33.2,12,144,48,25,High
KASC_2025_M20,League,Al-Ahli,Al-Okhdood,3,Normal,45476,43648,Inma Stadium (ملعب الإنماء),4,East,Home,19:00,4,21,Normal,0,0,31.9,63.1,33.2,13,143,44,22,High
KASC_2025_M20,League,Al-Ahli,Al-Okhdood,3,Normal,45476,43648,Inma Stadium (ملعب الإنماء),4,East,Home,19:05,4,21,Normal,0,0,31.9,63.1,33.2,16,256,64,28,High
KASC_2025_M20,League,Al-Ahli,Al-Okhdood,3,Normal,45476,43648,Inma Stadium (ملعب الإنماء),4,East,Home,19:10,4,21,Normal,0,0,31.9,63.1,33.2,14,185,53,38,High
KASC_2025_M20,League,Al-Ahli,Al-Okhdood,3,Normal,45476,43648,Inma Stadium (ملعب الإنماء),4,East,Home,19:15,4,21,Normal,0,0,31.9,63.1,33.2,14,199,57,34,High
KASC_2025_M20,League,Al-Ahli,Al-Okhdood,3,Normal,45476,43648,Inma Stadium (ملعب الإنماء),4,East,Home,19:20,4,21,Normal,0,0,31.9,63.1,33.2,12,162,54,30,High
KASC_2025_M20,League,Al-Ahli,Al-Okhdood,3,Normal,45476,43648,Inma Stadium (ملعب الإنماء),4,East,Home,19:25,4,21,Normal,0,0,31.9,63.1,33.2,11,162,59,32,High
KASC_2025_M20,League,Al-Ahli,Al-Okhdood,3,Normal,45476,43648,Inma Stadium (ملعب الإنماء),4,East,Home,19:30,4,21,Normal,0,0,31.9,63.1,33.2,9,130,58,39,High
KASC_2025_M20,League,Al-Ahli,Al-Okhdood,3,Normal,45476,43648,Inma Stadium (ملعب الإنماء),4,East,Home,19:35,4,21,Normal,0,0,31.9,63.1,33.2,14,161,46,22,High
KASC_2025_M20,League,Al-Ahli,Al-Okhdood,3,Normal,45476,43648,Inma Stadium (ملعب الإنماء),4,East,Home,19:40,4,21,Normal,0,0,31.9,63.1,33.2,13,169,52,20,High
KASC_2025_M20,League,Al-Ahli,Al-Okhdood,3,Normal,45476,43648,Inma Stadium (ملعب الإنماء),4,East,Home,19:45,4,21,Normal,0,0,31.9,63.1,33.2,8,120,60,33,High
KASC_2025_M20,League,Al-Ahli,Al-Okhdood,3,Normal,45476,43648,Inma Stadium (ملعب الإنماء),4,East,Home,19:50,4,21,Normal,0,0,31.9,63.1,33.2,10,142,57,30,High
KASC_2025_M20,League,Al-Ahli,Al-Okhdood,3,Normal,45476,43648,Inma Stadium (ملعب الإنماء),4,East,Home,19:55,4,21,Normal,0,0,31.9,63.1,33.2,13,188,58,30,High
KASC_2025_M20,League,Al-Ahli,Al-Okhdood,3,Normal,45476,43648,Inma Stadium (ملعب الإنماء),4,East,Home,20:00,4,21,Normal,0,0,31.9,63.1,33.2,12,156,52,32,High
KASC_2025_M20,League,Al-Ahli,Al-Okhdood,3,Normal,45476,43648,Inma Stadium (ملعب الإنماء),4,East,Home,20:05,4,21,Normal,0,0,31.9,63.1,33.2,6,76,51,34,High
KASC_2025_M20,League,Al-Ahli,Al-Okhdood,3,Normal,45476,43648,Inma Stadium (ملعب الإنماء),4,East,Home,20:10,4,21,Normal,0,0,31.9,63.1,33.2,12,150,50,15,High
KASC_2025_M20,League,Al-Ahli,Al-Okhdood,3,Normal,45476,43648,Inma Stadium (ملعب الإنماء),4,East,Home,20:15,4,21,Normal,0,0,31.9,63.1,33.2,10,80,32,23,High
KASC_2025_M20,League,Al-Ahli,Al-Okhdood,3,Normal,45476,43648,Inma Stadium (ملعب الإنماء),4,East,Home,20:20,4,21,Normal,0,0,31.9,63.1,33.2,8,102,51,20,High
KASC_2025_M20,League,Al-Ahli,Al-Okhdood,3,Normal,45476,43648,Inma Stadium (ملعب الإنماء),4,East,Home,20:25,4,21,Normal,0,0,31.9,63.1,33.2,9,60,27,14,High
KASC_2025_M20,League,Al-Ahli,Al-Okhdood,3,Normal,45476,43648,Inma Stadium (ملعب الإنماء),4,East,Home,20:30,4,21,Normal,0,0,31.9,63.1,33.2,13,136,42,24,High
KASC_2025_M20,League,Al-Ahli,Al-Okhdood,3,Normal,45476,43648,Inma Stadium (ملعب الإنماء),4,East,Home,20:35,4,21,Normal,0,0,31.9,63.1,33.2,9,81,36,16,High
KASC_2025_M20,League,Al-Ahli,Al-Okhdood,3,Normal,45476,43648,Inma Stadium (ملعب الإنماء),4,East,Home,20:40,4,21,Normal,0,0,31.9,63.1,33.2,12,84,28,18,High
KASC_2025_M20,League,Al-Ahli,Al-Okhdood,3,Normal,45476,43648,Inma Stadium (ملعب الإنماء),4,East,Home,20:45,4,21,Normal,0,0,31.9,63.1,33.2,11,66,24,15,High
KASC_2025_M20,League,Al-Ahli,Al-Okhdood,3,Normal,45476,43648,Inma Stadium (ملعب الإنماء),4,East,Home,20:50,4,21,Normal,0,0,31.9,63.1,33.2,9,40,18,13,High
KASC_2025_M20,League,Al-Ahli,Al-Okhdood,3,Normal,45476,43648,Inma Stadium (ملعب الإنماء),4,East,Home,20:55,4,21,Normal,0,0,31.9,63.1,33.2,8,42,21,11,High
KASC_2025_M20,League,Al-Ahli,Al-Okhdood,3,Normal,45476,43648,Inma Stadium (ملعب الإنماء),4,East,Home,21:00,4,21,Normal,0,0,31.9,63.1,33.2,11,44,16,8,High
KASC_2025_M20,League,Al-Ahli,Al-Okhdood,3,Normal,45476,43648,Inma Stadium (ملعب الإنماء),4,East,Home,21:05,4,21,Normal,0,0,31.9,63.1,33.2,13,39,12,7,High
KASC_2025_M20,League,Al-Ahli,Al-Okhdood,3,Normal,45476,43648,Inma Stadium (ملعب الإنماء),4,East,Home,21:10,4,21,Normal,0,0,31.9,63.1,33.2,11,16,6,6,Medium
KASC_2025_M20,League,Al-Ahli,Al-Okhdood,3,Normal,45476,43648,Inma Stadium (ملعب الإنماء),4,East,Home,21:15,4,21,Normal,0,0,31.9,63.1,33.2,13,35,11,1,High
KASC_2025_M20,League,Al-Ahli,Al-Okhdood,3,Normal,45476,43648,Inma Stadium (ملعب الإنماء),4,East,Home,21:20,4,21,Normal,0,0,31.9,63.1,33.2,8,16,8,6,High
KASC_2025_M20,League,Al-Ahli,Al-Okhdood,3,Normal,45476,43648,Inma Stadium (ملعب الإنماء),4,East,Home,21:25,4,21,Normal,0,0,31.9,63.1,33.2,14,35,10,4,High
KASC_2025_M20,League,Al-Ahli,Al-Okhdood,3,Normal,45476,43648,Inma Stadium (ملعب الإنماء),4,East,Home,21:30,4,21,Normal,0,0,31.9,63.1,33.2,11,22,8,3,High
KASC_2025_M20,League,Al-Ahli,Al-Okhdood,3,Normal,45476,43648,Inma Stadium (ملعب الإنماء),4,East,Home,21:35,4,21,Normal,0,0,31.9,63.1,33.2,13,13,4,3,Medium
KASC_2025_M20,League,Al-Ahli,Al-Okhdood,3,Normal,45476,43648,Inma Stadium (ملعب الإنماء),4,East,Home,21:40,4,21,Normal,0,0,31.9,63.1,33.2,14,7,2,2,Medium
KASC_2025_M20,League,Al-Ahli,Al-Okhdood,3,Normal,45476,43648,Inma Stadium (ملعب الإنماء),4,East,Home,21:45,4,21,Normal,0,0,31.9,63.1,33.2,9,4,2,0,High
KASC_2025_M20,League,Al-Ahli,Al-Okhdood,3,Normal,45476,43648,Inma Stadium (ملعب الإنماء),4,East,Home,21:50,4,21,Normal,0,0,31.9,63.1,33.2,8,4,2,2,Medium
KASC_2025_M20,League,Al-Ahli,Al-Okhdood,3,Normal,45476,43648,Inma Stadium (ملعب الإنماء),4,East,Home,21:55,4,21,Normal,0,0,31.9,63.1,33.2,10,2,1,0,High
KASC_2025_M20,League,Al-Ahli,Al-Okhdood,3,Normal,45476,43648,Inma Stadium (ملعب الإنماء),4,East,Home,22:00,4,21,Normal,0,0,31.9,63.1,33.2,16,0,0,0,Medium
KASC_2025_M20,League,Al-Ahli,Al-Okhdood,3,Normal,45476,43648,Inma Stadium (ملعب الإنماء),4,East,Home,22:05,4,21,Normal,0,0,31.9,63.1,33.2,15,0,0,2,Low
KASC_2025_M20,League,Al-Ahli,Al-Okhdood,3,Normal,45476,43648,Inma Stadium (ملعب الإنماء),4,East,Home,22:10,4,21,Normal,0,0,31.9,63.1,33.2,8,0,0,0,Medium
KASC_2025_M20,League,Al-Ahli,Al-Okhdood,3,Normal,45476,43648,Inma Stadium (ملعب الإنماء),4,East,Home,22:15,4,21,Normal,0,0,31.9,63.1,33.2,10,0,0,0,Medium
KASC_2025_M20,League,Al-Ahli,Al-Okhdood,3,Normal,45476,43648,Inma Stadium (ملعب الإنماء),4,East,Home,22:20,4,21,Normal,0,0,31.9,63.1,33.2,11,0,0,1,Low
KASC_2025_M20,League,Al-Ahli,Al-Okhdood,3,Normal,45476,43648,Inma Stadium (ملعب الإنماء),4,East,Home,22:25,4,21,Normal,0,0,31.9,63.1,33.2,9,0,0,0,Medium
KASC_2025_M20,League,Al-Ahli,Al-Okhdood,3,Normal,45476,43648,Inma Stadium (ملعب الإنماء),4,East,Home,22:30,4,21,Normal,0,0,31.9,63.1,33.2,9,0,0,0,Medium
KASC_2025_M20,League,Al-Ahli,Al-Okhdood,3,Normal,45476,43648,Inma Stadium (ملعب الإنماء),4,East,Home,22:35,4,21,Normal,0,0,31.9,63.1,33.2,14,0,0,0,Medium
KASC_2025_M20,League,Al-Ahli,Al-Okhdood,3,Normal,45476,43648,Inma Stadium (ملعب الإنماء),4,East,Home,22:40,4,21,Normal,0,0,31.9,63.1,33.2,15,0,0,0,Medium
KASC_2025_M20,League,Al-Ahli,Al-Okhdood,3,Normal,45476,43648,Inma Stadium (ملعب الإنماء),4,East,Home,22:45,4,21,Normal,0,0,31.9,63.1,33.2,10,0,0,0,Medium
KASC_2025_M20,League,Al-Ahli,Al-Okhdood,3,Normal,45476,43648,Inma Stadium (ملعب الإنماء),4,East,Home,22:50,4,21,Normal,0,0,31.9,63.1,33.2,12,0,0,0,Medium
KASC_2025_M20,League,Al-Ahli,Al-Okhdood,3,Normal,45476,43648,Inma Stadium (ملعب الإنماء),4,East,Home,22:55,4,21,Normal,0,0,31.9,63.1,33.2,11,0,0,0,Medium
KASC_2025_M20,League,Al-Ahli,Al-Okhdood,3,Normal,45476,43648,Inma Stadium (ملعب الإنماء),4,East,Home,23:00,4,21,Normal,0,0,31.9,63.1,33.2,10,0,0,0,Medium
KASC_2025_M20,League,Al-Ahli,Al-Okhdood,3,Normal,45476,43648,Inma Stadium (ملعب الإنماء),4,East,Home,23:05,4,21,Normal,0,0,31.9,63.1,33.2,9,0,0,0,Medium
KASC_2025_M20,League,Al-Ahli,Al-Okhdood,3,Normal,45476,43648,Inma Stadium (ملعب الإنماء),4,East,Home,23:10,4,21,Normal,0,0,31.9,63.1,33.2,14,0,0,0,Medium
KASC_2025_M20,League,Al-Ahli,Al-Okhdood,3,Normal,45476,43648,Inma Stadium (ملعب الإنماء),4,East,Home,23:15,4,21,Normal,0,0,31.9,63.1,33.2,14,0,0,0,Medium
KASC_2025_M20,League,Al-Ahli,Al-Okhdood,3,Normal,45476,43648,Inma Stadium (ملعب الإنماء),4,East,Home,23:20,4,21,Normal,0,0,31.9,63.1,33.2,12,0,0,0,Medium
KASC_2025_M20,League,Al-Ahli,Al-Okhdood,3,Normal,45476,43648,Inma Stadium (ملعب الإنماء),4,East,Home,23:25,4,21,Normal,0,0,31.9,63.1,33.2,12,0,0,0,Medium
KASC_2025_M20,League,Al-Ahli,Al-Okhdood,3,Normal,45476,43648,Inma Stadium (ملعب الإنماء),4,East,Home,23:30,4,21,Normal,0,0,31.9,63.1,33.2,10,0,0,0,Medium
KASC_2025_M20,League,Al-Ahli,Al-Okhdood,3,Normal,45476,43648,Inma Stadium (ملعب الإنماء),4,East,Home,23:35,4,21,Normal,0,0,31.9,63.1,33.2,13,0,0,0,Medium
KASC_2025_M20,League,Al-Ahli,Al-Okhdood,3,Normal,45476,43648,Inma Stadium (ملعب الإنماء),4,East,Home,23:40,4,21,Normal,0,0,31.9,63.1,33.2,11,0,0,0,Medium
KASC_2025_M20,League,Al-Ahli,Al-Okhdood,3,Normal,45476,43648,Inma Stadium (ملعب الإنماء),4,East,Home,23:45,4,21,Normal,0,0,31.9,63.1,33.2,14,0,0,0,Medium
KASC_2025_M20,League,Al-Ahli,Al-Okhdood,3,Normal,45476,43648,Inma Stadium (ملعب الإنماء),4,East,Home,23:50,4,21,Normal,0,0,31.9,63.1,33.2,6,0,0,0,Medium
KASC_2025_M20,League,Al-Ahli,Al-Okhdood,3,Normal,45476,43648,Inma Stadium (ملعب الإنماء),4,East,Home,23:55,4,21,Normal,0,0,31.9,63.1,33.2,8,0,0,0,Medium
KASC_2025_M20,League,Al-Ahli,Al-Okhdood,3,Normal,45476,43648,Inma Stadium (ملعب الإنماء),5,South,Away,17:00,5,13,Normal,1,9,31.9,63.1,33.2,14,0,0,0,Medium
KASC_2025_M20,League,Al-Ahli,Al-Okhdood,3,Normal,45476,43648,Inma Stadium (ملعب الإنماء),5,South,Away,17:05,5,13,Normal,1,9,31.9,63.1,33.2,8,0,0,0,Medium
KASC_2025_M20,League,Al-Ahli,Al-Okhdood,3,Normal,45476,43648,Inma Stadium (ملعب الإنماء),5,South,Away,17:10,5,13,Normal,1,9,31.9,63.1,33.2,13,0,0,1,Low
KASC_2025_M20,League,Al-Ahli,Al-Okhdood,3,Normal,45476,43648,Inma Stadium (ملعب الإنماء),5,South,Away,17:15,5,13,Normal,1,9,31.9,63.1,33.2,9,0,0,0,Medium
KASC_2025_M20,League,Al-Ahli,Al-Okhdood,3,Normal,45476,43648,Inma Stadium (ملعب الإنماء),5,South,Away,17:20,5,13,Normal,1,9,31.9,63.1,33.2,13,0,0,1,Low
KASC_2025_M20,League,Al-Ahli,Al-Okhdood,3,Normal,45476,43648,Inma Stadium (ملعب الإنماء),5,South,Away,17:25,5,13,Normal,1,9,31.9,63.1,33.2,12,0,0,0,Medium
KASC_2025_M20,League,Al-Ahli,Al-Okhdood,3,Normal,45476,43648,Inma Stadium (ملعب الإنماء),5,South,Away,17:30,5,13,Normal,1,9,31.9,63.1,33.2,10,6,3,1,High
KASC_2025_M20,League,Al-Ahli,Al-Okhdood,3,Normal,45476,43648,Inma Stadium (ملعب الإنماء),5,South,Away,17:35,5,13,Normal,1,9,31.9,63.1,33.2,10,0,0,1,Low
KASC_2025_M20,League,Al-Ahli,Al-Okhdood,3,Normal,45476,43648,Inma Stadium (ملعب الإنماء),5,South,Away,17:40,5,13,Normal,1,9,31.9,63.1,33.2,15,12,4,1,High
KASC_2025_M20,League,Al-Ahli,Al-Okhdood,3,Normal,45476,43648,Inma Stadium (ملعب الإنماء),5,South,Away,17:45,5,13,Normal,1,9,31.9,63.1,33.2,12,4,2,0,High
KASC_2025_M20,League,Al-Ahli,Al-Okhdood,3,Normal,45476,43648,Inma Stadium (ملعب الإنماء),5,South,Away,17:50,5,13,Normal,1,9,31.9,63.1,33.2,14,14,5,2,High
KASC_2025_M20,League,Al-Ahli,Al-Okhdood,3,Normal,45476,43648,Inma Stadium (ملعب الإنماء),5,South,Away,17:55,5,13,Normal,1,9,31.9,63.1,33.2,13,15,6,5,Medium
KASC_2025_M20,League,Al-Ahli,Al-Okhdood,3,Normal,45476,43648,Inma Stadium (ملعب الإنماء),5,South,Away,18:00,5,13,Normal,1,9,31.9,63.1,33.2,12,9,4,1,High
KASC_2025_M20,League,Al-Ahli,Al-Okhdood,3,Normal,45476,43648,Inma Stadium (ملعب الإنماء),5,South,Away,18:05,5,13,Normal,1,9,31.9,63.1,33.2,6,6,5,5,Medium
KASC_2025_M20,League,Al-Ahli,Al-Okhdood,3,Normal,45476,43648,Inma Stadium (ملعب الإنماء),5,South,Away,18:10,5,13,Normal,1,9,31.9,63.1,33.2,11,22,10,3,High
KASC_2025_M20,League,Al-Ahli,Al-Okhdood,3,Normal,45476,43648,Inma Stadium (ملعب الإنماء),5,South,Away,18:15,5,13,Normal,1,9,31.9,63.1,33.2,10,18,9,3,High
KASC_2025_M20,League,Al-Ahli,Al-Okhdood,3,Normal,45476,43648,Inma Stadium (ملعب الإنماء),5,South,Away,18:20,5,13,Normal,1,9,31.9,63.1,33.2,12,38,16,6,High
KASC_2025_M20,League,Al-Ahli,Al-Okhdood,3,Normal,45476,43648,Inma Stadium (ملعب الإنماء),5,South,Away,18:25,5,13,Normal,1,9,31.9,63.1,33.2,13,39,15,8,High
KASC_2025_M20,League,Al-Ahli,Al-Okhdood,3,Normal,45476,43648,Inma Stadium (ملعب الإنماء),5,South,Away,18:30,5,13,Normal,1,9,31.9,63.1,33.2,10,32,16,14,Medium
KASC_2025_M20,League,Al-Ahli,Al-Okhdood,3,Normal,45476,43648,Inma Stadium (ملعب الإنماء),5,South,Away,18:35,5,13,Normal,1,9,31.9,63.1,33.2,10,36,18,6,High
KASC_2025_M20,League,Al-Ahli,Al-Okhdood,3,Normal,45476,43648,Inma Stadium (ملعب الإنماء),5,South,Away,18:40,5,13,Normal,1,9,31.9,63.1,33.2,13,83,32,14,High
KASC_2025_M20,League,Al-Ahli,Al-Okhdood,3,Normal,45476,43648,Inma Stadium (ملعب الإنماء),5,South,Away,18:45,5,13,Normal,1,9,31.9,63.1,33.2,11,68,31,10,High
KASC_2025_M20,League,Al-Ahli,Al-Okhdood,3,Normal,45476,43648,Inma Stadium (ملعب الإنماء),5,South,Away,18:50,5,13,Normal,1,9,31.9,63.1,33.2,10,54,27,8,High
KASC_2025_M20,League,Al-Ahli,Al-Okhdood,3,Normal,45476,43648,Inma Stadium (ملعب الإنماء),5,South,Away,18:55,5,13,Normal,1,9,31.9,63.1,33.2,11,92,42,9,High
KASC_2025_M20,League,Al-Ahli,Al-Okhdood,3,Normal,45476,43648,Inma Stadium (ملعب الإنماء),5,South,Away,19:00,5,13,Normal,1,9,31.9,63.1,33.2,10,64,32,28,Medium
KASC_2025_M20,League,Al-Ahli,Al-Okhdood,3,Normal,45476,43648,Inma Stadium (ملعب الإنماء),5,South,Away,19:05,5,13,Normal,1,9,31.9,63.1,33.2,10,70,35,14,High
KASC_2025_M20,League,Al-Ahli,Al-Okhdood,3,Normal,45476,43648,Inma Stadium (ملعب الإنماء),5,South,Away,19:10,5,13,Normal,1,9,31.9,63.1,33.2,13,109,42,19,High
KASC_2025_M20,League,Al-Ahli,Al-Okhdood,3,Normal,45476,43648,Inma Stadium (ملعب الإنماء),5,South,Away,19:15,5,13,Normal,1,9,31.9,63.1,33.2,14,84,30,17,High
KASC_2025_M20,League,Al-Ahli,Al-Okhdood,3,Normal,45476,43648,Inma Stadium (ملعب الإنماء),5,South,Away,19:20,5,13,Normal,1,9,31.9,63.1,33.2,14,123,44,13,High
KASC_2025_M20,League,Al-Ahli,Al-Okhdood,3,Normal,45476,43648,Inma Stadium (ملعب الإنماء),5,South,Away,19:25,5,13,Normal,1,9,31.9,63.1,33.2,10,100,50,28,High
KASC_2025_M20,League,Al-Ahli,Al-Okhdood,3,Normal,45476,43648,Inma Stadium (ملعب الإنماء),5,South,Away,19:30,5,13,Normal,1,9,31.9,63.1,33.2,11,70,32,11,High
KASC_2025_M20,League,Al-Ahli,Al-Okhdood,3,Normal,45476,43648,Inma Stadium (ملعب الإنماء),5,South,Away,19:35,5,13,Normal,1,9,31.9,63.1,33.2,9,72,40,22,High
KASC_2025_M20,League,Al-Ahli,Al-Okhdood,3,Normal,45476,43648,Inma Stadium (ملعب الإنماء),5,South,Away,19:40,5,13,Normal,1,9,31.9,63.1,33.2,12,100,42,14,High
KASC_2025_M20,League,Al-Ahli,Al-Okhdood,3,Normal,45476,43648,Inma Stadium (ملعب الإنماء),5,South,Away,19:45,5,13,Normal,1,9,31.9,63.1,33.2,6,50,42,18,High
KASC_2025_M20,League,Al-Ahli,Al-Okhdood,3,Normal,45476,43648,Inma Stadium (ملعب الإنماء),5,South,Away,19:50,5,13,Normal,1,9,31.9,63.1,33.2,15,135,45,17,High
KASC_2025_M20,League,Al-Ahli,Al-Okhdood,3,Normal,45476,43648,Inma Stadium (ملعب الإنماء),5,South,Away,19:55,5,13,Normal,1,9,31.9,63.1,33.2,6,54,45,18,High
KASC_2025_M20,League,Al-Ahli,Al-Okhdood,3,Normal,45476,43648,Inma Stadium (ملعب الإنماء),5,South,Away,20:00,5,13,Normal,1,9,31.9,63.1,33.2,12,84,35,17,High
KASC_2025_M20,League,Al-Ahli,Al-Okhdood,3,Normal,45476,43648,Inma Stadium (ملعب الإنماء),5,South,Away,20:05,5,13,Normal,1,9,31.9,63.1,33.2,12,60,25,12,High
KASC_2025_M20,League,Al-Ahli,Al-Okhdood,3,Normal,45476,43648,Inma Stadium (ملعب الإنماء),5,South,Away,20:10,5,13,Normal,1,9,31.9,63.1,33.2,11,57,26,17,High
KASC_2025_M20,League,Al-Ahli,Al-Okhdood,3,Normal,45476,43648,Inma Stadium (ملعب الإنماء),5,South,Away,20:15,5,13,Normal,1,9,31.9,63.1,33.2,13,70,27,15,High
KASC_2025_M20,League,Al-Ahli,Al-Okhdood,3,Normal,45476,43648,Inma Stadium (ملعب الإنماء),5,South,Away,20:20,5,13,Normal,1,9,31.9,63.1,33.2,6,28,24,9,High
KASC_2025_M20,League,Al-Ahli,Al-Okhdood,3,Normal,45476,43648,Inma Stadium (ملعب الإنماء),5,South,Away,20:25,5,13,Normal,1,9,31.9,63.1,33.2,14,50,18,7,High
KASC_2025_M20,League,Al-Ahli,Al-Okhdood,3,Normal,45476,43648,Inma Stadium (ملعب الإنماء),5,South,Away,20:30,5,13,Normal,1,9,31.9,63.1,33.2,11,30,14,7,High
KASC_2025_M20,League,Al-Ahli,Al-Okhdood,3,Normal,45476,43648,Inma Stadium (ملعب الإنماء),5,South,Away,20:35,5,13,Normal,1,9,31.9,63.1,33.2,7,33,24,2,High
KASC_2025_M20,League,Al-Ahli,Al-Okhdood,3,Normal,45476,43648,Inma Stadium (ملعب الإنماء),5,South,Away,20:40,5,13,Normal,1,9,31.9,63.1,33.2,12,36,15,4,High
KASC_2025_M20,League,Al-Ahli,Al-Okhdood,3,Normal,45476,43648,Inma Stadium (ملعب الإنماء),5,South,Away,20:45,5,13,Normal,1,9,31.9,63.1,33.2,12,31,13,7,High
KASC_2025_M20,League,Al-Ahli,Al-Okhdood,3,Normal,45476,43648,Inma Stadium (ملعب الإنماء),5,South,Away,20:50,5,13,Normal,1,9,31.9,63.1,33.2,11,26,12,3,High
KASC_2025_M20,League,Al-Ahli,Al-Okhdood,3,Normal,45476,43648,Inma Stadium (ملعب الإنماء),5,South,Away,20:55,5,13,Normal,1,9,31.9,63.1,33.2,8,8,5,2,High
KASC_2025_M20,League,Al-Ahli,Al-Okhdood,3,Normal,45476,43648,Inma Stadium (ملعب الإنماء),5,South,Away,21:00,5,13,Normal,1,9,31.9,63.1,33.2,10,10,5,1,High
KASC_2025_M20,League,Al-Ahli,Al-Okhdood,3,Normal,45476,43648,Inma Stadium (ملعب الإنماء),5,South,Away,21:05,5,13,Normal,1,9,31.9,63.1,33.2,17,17,5,0,High
KASC_2025_M20,League,Al-Ahli,Al-Okhdood,3,Normal,45476,43648,Inma Stadium (ملعب الإنماء),5,South,Away,21:10,5,13,Normal,1,9,31.9,63.1,33.2,13,10,4,0,High
KASC_2025_M20,League,Al-Ahli,Al-Okhdood,3,Normal,45476,43648,Inma Stadium (ملعب الإنماء),5,South,Away,21:15,5,13,Normal,1,9,31.9,63.1,33.2,13,13,5,3,High
KASC_2025_M20,League,Al-Ahli,Al-Okhdood,3,Normal,45476,43648,Inma Stadium (ملعب الإنماء),5,South,Away,21:20,5,13,Normal,1,9,31.9,63.1,33.2,12,4,2,0,High
KASC_2025_M20,League,Al-Ahli,Al-Okhdood,3,Normal,45476,43648,Inma Stadium (ملعب الإنماء),5,South,Away,21:25,5,13,Normal,1,9,31.9,63.1,33.2,14,2,1,0,High
KASC_2025_M20,League,Al-Ahli,Al-Okhdood,3,Normal,45476,43648,Inma Stadium (ملعب الإنماء),5,South,Away,21:30,5,13,Normal,1,9,31.9,63.1,33.2,12,0,0,1,Low
KASC_2025_M20,League,Al-Ahli,Al-Okhdood,3,Normal,45476,43648,Inma Stadium (ملعب الإنماء),5,South,Away,21:35,5,13,Normal,1,9,31.9,63.1,33.2,15,0,0,1,Low
KASC_2025_M20,League,Al-Ahli,Al-Okhdood,3,Normal,45476,43648,Inma Stadium (ملعب الإنماء),5,South,Away,21:40,5,13,Normal,1,9,31.9,63.1,33.2,12,0,0,0,Medium
KASC_2025_M20,League,Al-Ahli,Al-Okhdood,3,Normal,45476,43648,Inma Stadium (ملعب الإنماء),5,South,Away,21:45,5,13,Normal,1,9,31.9,63.1,33.2,17,3,1,0,High
KASC_2025_M20,League,Al-Ahli,Al-Okhdood,3,Normal,45476,43648,Inma Stadium (ملعب الإنماء),5,South,Away,21:50,5,13,Normal,1,9,31.9,63.1,33.2,9,0,0,0,Medium
KASC_2025_M20,League,Al-Ahli,Al-Okhdood,3,Normal,45476,43648,Inma Stadium (ملعب الإنماء),5,South,Away,21:55,5,13,Normal,1,9,31.9,63.1,33.2,10,0,0,0,Medium
KASC_2025_M20,League,Al-Ahli,Al-Okhdood,3,Normal,45476,43648,Inma Stadium (ملعب الإنماء),5,South,Away,22:00,5,13,Normal,1,9,31.9,63.1,33.2,10,0,0,0,Medium
KASC_2025_M20,League,Al-Ahli,Al-Okhdood,3,Normal,45476,43648,Inma Stadium (ملعب الإنماء),5,South,Away,22:05,5,13,Normal,1,9,31.9,63.1,33.2,14,0,0,0,Medium
KASC_2025_M20,League,Al-Ahli,Al-Okhdood,3,Normal,45476,43648,Inma Stadium (ملعب الإنماء),5,South,Away,22:10,5,13,Normal,1,9,31.9,63.1,33.2,7,0,0,0,Medium
KASC_2025_M20,League,Al-Ahli,Al-Okhdood,3,Normal,45476,43648,Inma Stadium (ملعب الإنماء),5,South,Away,22:15,5,13,Normal,1,9,31.9,63.1,33.2,11,0,0,0,Medium
KASC_2025_M20,League,Al-Ahli,Al-Okhdood,3,Normal,45476,43648,Inma Stadium (ملعب الإنماء),5,South,Away,22:20,5,13,Normal,1,9,31.9,63.1,33.2,17,0,0,0,Medium
KASC_2025_M20,League,Al-Ahli,Al-Okhdood,3,Normal,45476,43648,Inma Stadium (ملعب الإنماء),5,South,Away,22:25,5,13,Normal,1,9,31.9,63.1,33.2,10,0,0,0,Medium
KASC_2025_M20,League,Al-Ahli,Al-Okhdood,3,Normal,45476,43648,Inma Stadium (ملعب الإنماء),5,South,Away,22:30,5,13,Normal,1,9,31.9,63.1,33.2,10,0,0,0,Medium
KASC_2025_M20,League,Al-Ahli,Al-Okhdood,3,Normal,45476,43648,Inma Stadium (ملعب الإنماء),5,South,Away,22:35,5,13,Normal,1,9,31.9,63.1,33.2,11,0,0,0,Medium
KASC_2025_M20,League,Al-Ahli,Al-Okhdood,3,Normal,45476,43648,Inma Stadium (ملعب الإنماء),5,South,Away,22:40,5,13,Normal,1,9,31.9,63.1,33.2,13,0,0,0,Medium
KASC_2025_M20,League,Al-Ahli,Al-Okhdood,3,Normal,45476,43648,Inma Stadium (ملعب الإنماء),5,South,Away,22:45,5,13,Normal,1,9,31.9,63.1,33.2,13,0,0,0,Medium
KASC_2025_M20,League,Al-Ahli,Al-Okhdood,3,Normal,45476,43648,Inma Stadium (ملعب الإنماء),5,South,Away,22:50,5,13,Normal,1,9,31.9,63.1,33.2,8,0,0,0,Medium
KASC_2025_M20,League,Al-Ahli,Al-Okhdood,3,Normal,45476,43648,Inma Stadium (ملعب الإنماء),5,South,Away,22:55,5,13,Normal,1,9,31.9,63.1,33.2,16,0,0,0,Medium
KASC_2025_M20,League,Al-Ahli,Al-Okhdood,3,Normal,45476,43648,Inma Stadium (ملعب الإنماء),5,South,Away,23:00,5,13,Normal,1,9,31.9,63.1,33.2,11,0,0,0,Medium
KASC_2025_M20,League,Al-Ahli,Al-Okhdood,3,Normal,45476,43648,Inma Stadium (ملعب الإنماء),5,South,Away,23:05,5,13,Normal,1,9,31.9,63.1,33.2,10,0,0,0,Medium
KASC_2025_M20,League,Al-Ahli,Al-Okhdood,3,Normal,45476,43648,Inma Stadium (ملعب الإنماء),5,South,Away,23:10,5,13,Normal,1,9,31.9,63.1,33.2,11,0,0,0,Medium
KASC_2025_M20,League,Al-Ahli,Al-Okhdood,3,Normal,45476,43648,Inma Stadium (ملعب الإنماء),5,South,Away,23:15,5,13,Normal,1,9,31.9,63.1,33.2,6,0,0,0,Medium
KASC_2025_M20,League,Al-Ahli,Al-Okhdood,3,Normal,45476,43648,Inma Stadium (ملعب الإنماء),5,South,Away,23:20,5,13,Normal,1,9,31.9,63.1,33.2,6,0,0,0,Medium
KASC_2025_M20,League,Al-Ahli,Al-Okhdood,3,Normal,45476,43648,Inma Stadium (ملعب الإنماء),5,South,Away,23:25,5,13,Normal,1,9,31.9,63.1,33.2,6,0,0,0,Medium
KASC_2025_M20,League,Al-Ahli,Al-Okhdood,3,Normal,45476,43648,Inma Stadium (ملعب الإنماء),5,South,Away,23:30,5,13,Normal,1,9,31.9,63.1,33.2,12,0,0,0,Medium
KASC_2025_M20,League,Al-Ahli,Al-Okhdood,3,Normal,45476,43648,Inma Stadium (ملعب الإنماء),5,South,Away,23:35,5,13,Normal,1,9,31.9,63.1,33.2,12,0,0,0,Medium
KASC_2025_M20,League,Al-Ahli,Al-Okhdood,3,Normal,45476,43648,Inma Stadium (ملعب الإنماء),5,South,Away,23:40,5,13,Normal,1,9,31.9,63.1,33.2,10,0,0,0,Medium
KASC_2025_M20,League,Al-Ahli,Al-Okhdood,3,Normal,45476,43648,Inma Stadium (ملعب الإنماء),5,South,Away,23:45,5,13,Normal,1,9,31.9,63.1,33.2,16,0,0,0,Medium
KASC_2025_M20,League,Al-Ahli,Al-Okhdood,3,Normal,45476,43648,Inma Stadium (ملعب الإنماء),5,South,Away,23:50,5,13,Normal,1,9,31.9,63.1,33.2,15,0,0,0,Medium
KASC_2025_M20,League,Al-Ahli,Al-Okhdood,3,Normal,45476,43648,Inma Stadium (ملعب الإنماء),5,South,Away,23:55,5,13,Normal,1,9,31.9,63.1,33.2,13,0,0,0,Medium
KASC_2025_M20,League,Al-Ahli,Al-Okhdood,3,Normal,45476,43648,Inma Stadium (ملعب الإنماء),6,West,VIP,17:00,5,21,Normal,0,0,31.9,63.1,33.2,14,0,0,0,Medium
KASC_2025_M20,League,Al-Ahli,Al-Okhdood,3,Normal,45476,43648,Inma Stadium (ملعب الإنماء),6,West,VIP,17:05,5,21,Normal,0,0,31.9,63.1,33.2,10,0,0,0,Medium
KASC_2025_M20,League,Al-Ahli,Al-Okhdood,3,Normal,45476,43648,Inma Stadium (ملعب الإنماء),6,West,VIP,17:10,5,21,Normal,0,0,31.9,63.1,33.2,9,0,0,0,Medium
KASC_2025_M20,League,Al-Ahli,Al-Okhdood,3,Normal,45476,43648,Inma Stadium (ملعب الإنماء),6,West,VIP,17:15,5,21,Normal,0,0,31.9,63.1,33.2,15,0,0,0,Medium
KASC_2025_M20,League,Al-Ahli,Al-Okhdood,3,Normal,45476,43648,Inma Stadium (ملعب الإنماء),6,West,VIP,17:20,5,21,Normal,0,0,31.9,63.1,33.2,15,0,0,0,Medium
KASC_2025_M20,League,Al-Ahli,Al-Okhdood,3,Normal,45476,43648,Inma Stadium (ملعب الإنماء),6,West,VIP,17:25,5,21,Normal,0,0,31.9,63.1,33.2,8,0,0,0,Medium
KASC_2025_M20,League,Al-Ahli,Al-Okhdood,3,Normal,45476,43648,Inma Stadium (ملعب الإنماء),6,West,VIP,17:30,5,21,Normal,0,0,31.9,63.1,33.2,6,0,0,0,Medium
KASC_2025_M20,League,Al-Ahli,Al-Okhdood,3,Normal,45476,43648,Inma Stadium (ملعب الإنماء),6,West,VIP,17:35,5,21,Normal,0,0,31.9,63.1,33.2,11,0,0,0,Medium
KASC_2025_M20,League,Al-Ahli,Al-Okhdood,3,Normal,45476,43648,Inma Stadium (ملعب الإنماء),6,West,VIP,17:40,5,21,Normal,0,0,31.9,63.1,33.2,15,0,0,0,Medium
KASC_2025_M20,League,Al-Ahli,Al-Okhdood,3,Normal,45476,43648,Inma Stadium (ملعب الإنماء),6,West,VIP,17:45,5,21,Normal,0,0,31.9,63.1,33.2,17,0,0,0,Medium
KASC_2025_M20,League,Al-Ahli,Al-Okhdood,3,Normal,45476,43648,Inma Stadium (ملعب الإنماء),6,West,VIP,17:50,5,21,Normal,0,0,31.9,63.1,33.2,14,0,0,0,Medium
KASC_2025_M20,League,Al-Ahli,Al-Okhdood,3,Normal,45476,43648,Inma Stadium (ملعب الإنماء),6,West,VIP,17:55,5,21,Normal,0,0,31.9,63.1,33.2,9,3,2,0,High
KASC_2025_M20,League,Al-Ahli,Al-Okhdood,3,Normal,45476,43648,Inma Stadium (ملعب الإنماء),6,West,VIP,18:00,5,21,Normal,0,0,31.9,63.1,33.2,16,3,1,0,High
KASC_2025_M20,League,Al-Ahli,Al-Okhdood,3,Normal,45476,43648,Inma Stadium (ملعب الإنماء),6,West,VIP,18:05,5,21,Normal,0,0,31.9,63.1,33.2,8,3,2,0,High
KASC_2025_M20,League,Al-Ahli,Al-Okhdood,3,Normal,45476,43648,Inma Stadium (ملعب الإنماء),6,West,VIP,18:10,5,21,Normal,0,0,31.9,63.1,33.2,6,1,1,1,Medium
KASC_2025_M20,League,Al-Ahli,Al-Okhdood,3,Normal,45476,43648,Inma Stadium (ملعب الإنماء),6,West,VIP,18:15,5,21,Normal,0,0,31.9,63.1,33.2,15,6,2,0,High
KASC_2025_M20,League,Al-Ahli,Al-Okhdood,3,Normal,45476,43648,Inma Stadium (ملعب الإنماء),6,West,VIP,18:20,5,21,Normal,0,0,31.9,63.1,33.2,10,16,8,2,High
KASC_2025_M20,League,Al-Ahli,Al-Okhdood,3,Normal,45476,43648,Inma Stadium (ملعب الإنماء),6,West,VIP,18:25,5,21,Normal,0,0,31.9,63.1,33.2,9,12,7,4,High
KASC_2025_M20,League,Al-Ahli,Al-Okhdood,3,Normal,45476,43648,Inma Stadium (ملعب الإنماء),6,West,VIP,18:30,5,21,Normal,0,0,31.9,63.1,33.2,11,4,2,5,Low
KASC_2025_M20,League,Al-Ahli,Al-Okhdood,3,Normal,45476,43648,Inma Stadium (ملعب الإنماء),6,West,VIP,18:35,5,21,Normal,0,0,31.9,63.1,33.2,10,10,5,4,Medium
KASC_2025_M20,League,Al-Ahli,Al-Okhdood,3,Normal,45476,43648,Inma Stadium (ملعب الإنماء),6,West,VIP,18:40,5,21,Normal,0,0,31.9,63.1,33.2,12,33,14,3,High
KASC_2025_M20,League,Al-Ahli,Al-Okhdood,3,Normal,45476,43648,Inma Stadium (ملعب الإنماء),6,West,VIP,18:45,5,21,Normal,0,0,31.9,63.1,33.2,14,42,15,8,High
KASC_2025_M20,League,Al-Ahli,Al-Okhdood,3,Normal,45476,43648,Inma Stadium (ملعب الإنماء),6,West,VIP,18:50,5,21,Normal,0,0,31.9,63.1,33.2,8,22,14,3,High
KASC_2025_M20,League,Al-Ahli,Al-Okhdood,3,Normal,45476,43648,Inma Stadium (ملعب الإنماء),6,West,VIP,18:55,5,21,Normal,0,0,31.9,63.1,33.2,8,25,16,12,Medium
KASC_2025_M20,League,Al-Ahli,Al-Okhdood,3,Normal,45476,43648,Inma Stadium (ملعب الإنماء),6,West,VIP,19:00,5,21,Normal,0,0,31.9,63.1,33.2,8,32,20,7,High
KASC_2025_M20,League,Al-Ahli,Al-Okhdood,3,Normal,45476,43648,Inma Stadium (ملعب الإنماء),6,West,VIP,19:05,5,21,Normal,0,0,31.9,63.1,33.2,10,30,15,7,High
KASC_2025_M20,League,Al-Ahli,Al-Okhdood,3,Normal,45476,43648,Inma Stadium (ملعب الإنماء),6,West,VIP,19:10,5,21,Normal,0,0,31.9,63.1,33.2,9,34,19,8,High
KASC_2025_M20,League,Al-Ahli,Al-Okhdood,3,Normal,45476,43648,Inma Stadium (ملعب الإنماء),6,West,VIP,19:15,5,21,Normal,0,0,31.9,63.1,33.2,12,50,21,11,High
KASC_2025_M20,League,Al-Ahli,Al-Okhdood,3,Normal,45476,43648,Inma Stadium (ملعب الإنماء),6,West,VIP,19:20,5,21,Normal,0,0,31.9,63.1,33.2,8,30,19,9,High
KASC_2025_M20,League,Al-Ahli,Al-Okhdood,3,Normal,45476,43648,Inma Stadium (ملعب الإنماء),6,West,VIP,19:25,5,21,Normal,0,0,31.9,63.1,33.2,11,70,32,11,High
KASC_2025_M20,League,Al-Ahli,Al-Okhdood,3,Normal,45476,43648,Inma Stadium (ملعب الإنماء),6,West,VIP,19:30,5,21,Normal,0,0,31.9,63.1,33.2,12,57,24,6,High
KASC_2025_M20,League,Al-Ahli,Al-Okhdood,3,Normal,45476,43648,Inma Stadium (ملعب الإنماء),6,West,VIP,19:35,5,21,Normal,0,0,31.9,63.1,33.2,18,90,25,7,High
KASC_2025_M20,League,Al-Ahli,Al-Okhdood,3,Normal,45476,43648,Inma Stadium (ملعب الإنماء),6,West,VIP,19:40,5,21,Normal,0,0,31.9,63.1,33.2,13,67,26,11,High
KASC_2025_M20,League,Al-Ahli,Al-Okhdood,3,Normal,45476,43648,Inma Stadium (ملعب الإنماء),6,West,VIP,19:45,5,21,Normal,0,0,31.9,63.1,33.2,13,57,22,9,High
KASC_2025_M20,League,Al-Ahli,Al-Okhdood,3,Normal,45476,43648,Inma Stadium (ملعب الإنماء),6,West,VIP,19:50,5,21,Normal,0,0,31.9,63.1,33.2,13,52,20,7,High
KASC_2025_M20,League,Al-Ahli,Al-Okhdood,3,Normal,45476,43648,Inma Stadium (ملعب الإنماء),6,West,VIP,19:55,5,21,Normal,0,0,31.9,63.1,33.2,6,16,14,5,High
KASC_2025_M20,League,Al-Ahli,Al-Okhdood,3,Normal,45476,43648,Inma Stadium (ملعب الإنماء),6,West,VIP,20:00,5,21,Normal,0,0,31.9,63.1,33.2,9,36,20,7,High
KASC_2025_M20,League,Al-Ahli,Al-Okhdood,3,Normal,45476,43648,Inma Stadium (ملعب الإنماء),6,West,VIP,20:05,5,21,Normal,0,0,31.9,63.1,33.2,14,47,17,9,High
KASC_2025_M20,League,Al-Ahli,Al-Okhdood,3,Normal,45476,43648,Inma Stadium (ملعب الإنماء),6,West,VIP,20:10,5,21,Normal,0,0,31.9,63.1,33.2,12,40,17,6,High
KASC_2025_M20,League,Al-Ahli,Al-Okhdood,3,Normal,45476,43648,Inma Stadium (ملعب الإنماء),6,West,VIP,20:15,5,21,Normal,0,0,31.9,63.1,33.2,11,13,6,1,High
KASC_2025_M20,League,Al-Ahli,Al-Okhdood,3,Normal,45476,43648,Inma Stadium (ملعب الإنماء),6,West,VIP,20:20,5,21,Normal,0,0,31.9,63.1,33.2,9,21,12,5,High
KASC_2025_M20,League,Al-Ahli,Al-Okhdood,3,Normal,45476,43648,Inma Stadium (ملعب الإنماء),6,West,VIP,20:25,5,21,Normal,0,0,31.9,63.1,33.2,10,18,9,5,High
KASC_2025_M20,League,Al-Ahli,Al-Okhdood,3,Normal,45476,43648,Inma Stadium (ملعب الإنماء),6,West,VIP,20:30,5,21,Normal,0,0,31.9,63.1,33.2,16,25,8,0,High
KASC_2025_M20,League,Al-Ahli,Al-Okhdood,3,Normal,45476,43648,Inma Stadium (ملعب الإنماء),6,West,VIP,20:35,5,21,Normal,0,0,31.9,63.1,33.2,11,13,6,0,High
KASC_2025_M20,League,Al-Ahli,Al-Okhdood,3,Normal,45476,43648,Inma Stadium (ملعب الإنماء),6,West,VIP,20:40,5,21,Normal,0,0,31.9,63.1,33.2,11,8,4,1,High
KASC_2025_M20,League,Al-Ahli,Al-Okhdood,3,Normal,45476,43648,Inma Stadium (ملعب الإنماء),6,West,VIP,20:45,5,21,Normal,0,0,31.9,63.1,33.2,8,1,1,0,High
KASC_2025_M20,League,Al-Ahli,Al-Okhdood,3,Normal,45476,43648,Inma Stadium (ملعب الإنماء),6,West,VIP,20:50,5,21,Normal,0,0,31.9,63.1,33.2,12,9,4,1,High
KASC_2025_M20,League,Al-Ahli,Al-Okhdood,3,Normal,45476,43648,Inma Stadium (ملعب الإنماء),6,West,VIP,20:55,5,21,Normal,0,0,31.9,63.1,33.2,14,2,1,1,Medium
KASC_2025_M20,League,Al-Ahli,Al-Okhdood,3,Normal,45476,43648,Inma Stadium (ملعب الإنماء),6,West,VIP,21:00,5,21,Normal,0,0,31.9,63.1,33.2,12,0,0,1,Low
KASC_2025_M20,League,Al-Ahli,Al-Okhdood,3,Normal,45476,43648,Inma Stadium (ملعب الإنماء),6,West,VIP,21:05,5,21,Normal,0,0,31.9,63.1,33.2,11,2,1,0,High
KASC_2025_M20,League,Al-Ahli,Al-Okhdood,3,Normal,45476,43648,Inma Stadium (ملعب الإنماء),6,West,VIP,21:10,5,21,Normal,0,0,31.9,63.1,33.2,13,0,0,0,Medium
KASC_2025_M20,League,Al-Ahli,Al-Okhdood,3,Normal,45476,43648,Inma Stadium (ملعب الإنماء),6,West,VIP,21:15,5,21,Normal,0,0,31.9,63.1,33.2,10,0,0,0,Medium
KASC_2025_M20,League,Al-Ahli,Al-Okhdood,3,Normal,45476,43648,Inma Stadium (ملعب الإنماء),6,West,VIP,21:20,5,21,Normal,0,0,31.9,63.1,33.2,11,2,1,1,Medium
KASC_2025_M20,League,Al-Ahli,Al-Okhdood,3,Normal,45476,43648,Inma Stadium (ملعب الإنماء),6,West,VIP,21:25,5,21,Normal,0,0,31.9,63.1,33.2,14,0,0,0,Medium
KASC_2025_M20,League,Al-Ahli,Al-Okhdood,3,Normal,45476,43648,Inma Stadium (ملعب الإنماء),6,West,VIP,21:30,5,21,Normal,0,0,31.9,63.1,33.2,13,0,0,0,Medium
KASC_2025_M20,League,Al-Ahli,Al-Okhdood,3,Normal,45476,43648,Inma Stadium (ملعب الإنماء),6,West,VIP,21:35,5,21,Normal,0,0,31.9,63.1,33.2,9,0,0,0,Medium
KASC_2025_M20,League,Al-Ahli,Al-Okhdood,3,Normal,45476,43648,Inma Stadium (ملعب الإنماء),6,West,VIP,21:40,5,21,Normal,0,0,31.9,63.1,33.2,14,0,0,1,Low
KASC_2025_M20,League,Al-Ahli,Al-Okhdood,3,Normal,45476,43648,Inma Stadium (ملعب الإنماء),6,West,VIP,21:45,5,21,Normal,0,0,31.9,63.1,33.2,16,0,0,0,Medium
KASC_2025_M20,League,Al-Ahli,Al-Okhdood,3,Normal,45476,43648,Inma Stadium (ملعب الإنماء),6,West,VIP,21:50,5,21,Normal,0,0,31.9,63.1,33.2,6,0,0,0,Medium
KASC_2025_M20,League,Al-Ahli,Al-Okhdood,3,Normal,45476,43648,Inma Stadium (ملعب الإنماء),6,West,VIP,21:55,5,21,Normal,0,0,31.9,63.1,33.2,13,0,0,0,Medium
KASC_2025_M20,League,Al-Ahli,Al-Okhdood,3,Normal,45476,43648,Inma Stadium (ملعب الإنماء),6,West,VIP,22:00,5,21,Normal,0,0,31.9,63.1,33.2,13,0,0,0,Medium
KASC_2025_M20,League,Al-Ahli,Al-Okhdood,3,Normal,45476,43648,Inma Stadium (ملعب الإنماء),6,West,VIP,22:05,5,21,Normal,0,0,31.9,63.1,33.2,15,0,0,0,Medium
KASC_2025_M20,League,Al-Ahli,Al-Okhdood,3,Normal,45476,43648,Inma Stadium (ملعب الإنماء),6,West,VIP,22:10,5,21,Normal,0,0,31.9,63.1,33.2,12,0,0,0,Medium
KASC_2025_M20,League,Al-Ahli,Al-Okhdood,3,Normal,45476,43648,Inma Stadium (ملعب الإنماء),6,West,VIP,22:15,5,21,Normal,0,0,31.9,63.1,33.2,13,0,0,0,Medium
KASC_2025_M20,League,Al-Ahli,Al-Okhdood,3,Normal,45476,43648,Inma Stadium (ملعب الإنماء),6,West,VIP,22:20,5,21,Normal,0,0,31.9,63.1,33.2,8,0,0,0,Medium
KASC_2025_M20,League,Al-Ahli,Al-Okhdood,3,Normal,45476,43648,Inma Stadium (ملعب الإنماء),6,West,VIP,22:25,5,21,Normal,0,0,31.9,63.1,33.2,12,0,0,0,Medium
KASC_2025_M20,League,Al-Ahli,Al-Okhdood,3,Normal,45476,43648,Inma Stadium (ملعب الإنماء),6,West,VIP,22:30,5,21,Normal,0,0,31.9,63.1,33.2,14,0,0,0,Medium
KASC_2025_M20,League,Al-Ahli,Al-Okhdood,3,Normal,45476,43648,Inma Stadium (ملعب الإنماء),6,West,VIP,22:35,5,21,Normal,0,0,31.9,63.1,33.2,7,0,0,0,Medium
KASC_2025_M20,League,Al-Ahli,Al-Okhdood,3,Normal,45476,43648,Inma Stadium (ملعب الإنماء),6,West,VIP,22:40,5,21,Normal,0,0,31.9,63.1,33.2,8,0,0,0,Medium
KASC_2025_M20,League,Al-Ahli,Al-Okhdood,3,Normal,45476,43648,Inma Stadium (ملعب الإنماء),6,West,VIP,22:45,5,21,Normal,0,0,31.9,63.1,33.2,11,0,0,0,Medium
KASC_2025_M20,League,Al-Ahli,Al-Okhdood,3,Normal,45476,43648,Inma Stadium (ملعب الإنماء),6,West,VIP,22:50,5,21,Normal,0,0,31.9,63.1,33.2,9,0,0,0,Medium
KASC_2025_M20,League,Al-Ahli,Al-Okhdood,3,Normal,45476,43648,Inma Stadium (ملعب الإنماء),6,West,VIP,22:55,5,21,Normal,0,0,31.9,63.1,33.2,11,0,0,0,Medium
KASC_2025_M20,League,Al-Ahli,Al-Okhdood,3,Normal,45476,43648,Inma Stadium (ملعب الإنماء),6,West,VIP,23:00,5,21,Normal,0,0,31.9,63.1,33.2,16,0,0,0,Medium
KASC_2025_M20,League,Al-Ahli,Al-Okhdood,3,Normal,45476,43648,Inma Stadium (ملعب الإنماء),6,West,VIP,23:05,5,21,Normal,0,0,31.9,63.1,33.2,8,0,0,0,Medium
KASC_2025_M20,League,Al-Ahli,Al-Okhdood,3,Normal,45476,43648,Inma Stadium (ملعب الإنماء),6,West,VIP,23:10,5,21,Normal,0,0,31.9,63.1,33.2,6,0,0,0,Medium
KASC_2025_M20,League,Al-Ahli,Al-Okhdood,3,Normal,45476,43648,Inma Stadium (ملعب الإنماء),6,West,VIP,23:15,5,21,Normal,0,0,31.9,63.1,33.2,7,0,0,0,Medium
KASC_2025_M20,League,Al-Ahli,Al-Okhdood,3,Normal,45476,43648,Inma Stadium (ملعب الإنماء),6,West,VIP,23:20,5,21,Normal,0,0,31.9,63.1,33.2,14,0,0,0,Medium
KASC_2025_M20,League,Al-Ahli,Al-Okhdood,3,Normal,45476,43648,Inma Stadium (ملعب الإنماء),6,West,VIP,23:25,5,21,Normal,0,0,31.9,63.1,33.2,12,0,0,0,Medium
KASC_2025_M20,League,Al-Ahli,Al-Okhdood,3,Normal,45476,43648,Inma Stadium (ملعب الإنماء),6,West,VIP,23:30,5,21,Normal,0,0,31.9,63.1,33.2,14,0,0,0,Medium
KASC_2025_M20,League,Al-Ahli,Al-Okhdood,3,Normal,45476,43648,Inma Stadium (ملعب الإنماء),6,West,VIP,23:35,5,21,Normal,0,0,31.9,63.1,33.2,10,0,0,0,Medium
KASC_2025_M20,League,Al-Ahli,Al-Okhdood,3,Normal,45476,43648,Inma Stadium (ملعب الإنماء),6,West,VIP,23:40,5,21,Normal,0,0,31.9,63.1,33.2,10,0,0,0,Medium
KASC_2025_M20,League,Al-Ahli,Al-Okhdood,3,Normal,45476,43648,Inma Stadium (ملعب الإنماء),6,West,VIP,23:45,5,21,Normal,0,0,31.9,63.1,33.2,8,0,0,0,Medium
KASC_2025_M20,League,Al-Ahli,Al-Okhdood,3,Normal,45476,43648,Inma Stadium (ملعب الإنماء),6,West,VIP,23:50,5,21,Normal,0,0,31.9,63.1,33.2,11,0,0,0,Medium
KASC_2025_M20,League,Al-Ahli,Al-Okhdood,3,Normal,45476,43648,Inma Stadium (ملعب الإنماء),6,West,VIP,23:55,5,21,Normal,0,0,31.9,63.1,33.2,6,0,0,0,Medium
